g Solid1

v 32.816160 14.827520 14.000000
v 32.816160 14.827520 16.500000
v 32.627117 13.992650 16.500000
v 32.627117 13.992650 14.000000
v 32.638451 14.941864 16.500000
v 32.697839 14.903985 16.500000
v 32.757076 14.865870 16.500000
v 32.757076 14.865870 14.000000
v 32.697839 14.903985 14.000000
v 32.638451 14.941864 14.000000
v 32.845293 13.842373 14.000000
v 32.772830 13.892845 14.000000
v 32.700104 13.942938 14.000000
v 32.700104 13.942938 16.500000
v 32.772830 13.892845 16.500000
v 32.845293 13.842373 16.500000
v 31.956992 14.423831 14.000000
v 31.956992 14.423831 16.500000
v 33.557936 14.316594 16.500000
v 33.557936 14.316594 14.000000
v 31.881502 14.469653 14.000000
v 31.805775 14.515081 14.000000
v 31.729810 14.560112 14.000000
v 31.729810 14.560112 16.500000
v 31.805775 14.515081 16.500000
v 31.881502 14.469653 16.500000
v 33.614828 14.275062 16.500000
v 33.671554 14.233302 16.500000
v 33.728114 14.191318 16.500000
v 33.728114 14.191318 14.000000
v 33.671554 14.233302 14.000000
v 33.614828 14.275062 14.000000
v 31.866059 15.405204 14.000000
v 31.866059 15.405204 16.500000
v 33.487022 13.369966 16.500000
v 33.487022 13.369966 14.000000
v 31.681521 15.508164 16.500000
v 31.743170 15.474089 16.500000
v 31.804683 15.439769 16.500000
v 31.804683 15.439769 14.000000
v 31.743170 15.474089 14.000000
v 31.681521 15.508164 14.000000
v 33.695332 13.206286 14.000000
v 33.626180 13.261208 14.000000
v 33.556743 13.315769 14.000000
v 33.556743 13.315769 16.500000
v 33.626180 13.261208 16.500000
v 33.695332 13.206286 16.500000
v 31.033934 14.948364 14.000000
v 31.033934 14.948364 16.500000
v 34.436344 13.634824 16.500000
v 34.436344 13.634824 14.000000
v 30.955716 14.989356 14.000000
v 30.877285 15.029939 14.000000
v 30.798643 15.070111 14.000000
v 30.798643 15.070111 16.500000
v 30.877285 15.029939 16.500000
v 30.955716 14.989356 16.500000
v 34.490516 13.589801 16.500000
v 34.544509 13.544562 16.500000
v 34.598321 13.499109 16.500000
v 34.598321 13.499109 14.000000
v 34.544509 13.544562 14.000000
v 34.490516 13.589801 14.000000
v 30.881559 15.922092 14.000000
v 30.881559 15.922092 16.500000
v 34.306131 12.694516 16.500000
v 34.306131 12.694516 14.000000
v 30.690920 16.013261 16.500000
v 30.754587 15.983124 16.500000
v 30.818134 15.952734 16.500000
v 30.818134 15.952734 14.000000
v 30.754587 15.983124 14.000000
v 30.690920 16.013261 14.000000
v 34.503752 12.518079 14.000000
v 34.438186 12.577235 14.000000
v 34.372312 12.636048 14.000000
v 34.372312 12.636048 16.500000
v 34.438186 12.577235 16.500000
v 34.503752 12.518079 16.500000
v 30.079761 15.413903 14.000000
v 30.079761 15.413903 16.500000
v 35.270211 12.899244 16.500000
v 35.270211 12.899244 14.000000
v 29.999124 15.449903 14.000000
v 29.918299 15.485481 14.000000
v 29.837290 15.520636 14.000000
v 29.837290 15.520636 16.500000
v 29.918299 15.485481 16.500000
v 29.999124 15.449903 16.500000
v 35.321449 12.850908 16.500000
v 35.372494 12.802368 16.500000
v 35.423346 12.753626 16.500000
v 35.423346 12.753626 14.000000
v 35.372494 12.802368 14.000000
v 35.321449 12.850908 14.000000
v 29.866546 16.376142 14.000000
v 29.866546 16.376142 16.500000
v 35.081212 11.968967 16.500000
v 35.081212 11.968967 14.000000
v 29.670559 16.455161 16.500000
v 29.735992 16.429081 16.500000
v 29.801322 16.402741 16.500000
v 29.801322 16.402741 14.000000
v 29.735992 16.429081 14.000000
v 29.670559 16.455161 14.000000
v 35.267365 11.780470 14.000000
v 35.205643 11.843626 14.000000
v 35.143591 11.906459 14.000000
v 35.143591 11.906459 16.500000
v 35.205643 11.843626 16.500000
v 35.267365 11.780470 16.500000
v 29.098240 15.818611 14.000000
v 29.098240 15.818611 16.500000
v 36.056245 12.112756 16.500000
v 36.056245 12.112756 14.000000
v 29.015501 15.849476 14.000000
v 28.932602 15.879909 14.000000
v 28.849545 15.909908 14.000000
v 28.849545 15.909908 16.500000
v 28.932602 15.879909 16.500000
v 29.015501 15.849476 16.500000
v 36.104347 12.061298 16.500000
v 36.152243 12.009649 16.500000
v 36.199934 11.957810 16.500000
v 36.199934 11.957810 14.000000
v 36.152243 12.009649 14.000000
v 36.104347 12.061298 14.000000
v 28.825026 16.765562 14.000000
v 28.825026 16.765562 16.500000
v 35.809207 11.196182 16.500000
v 35.809207 11.196182 14.000000
v 28.624464 16.832119 16.500000
v 28.691406 16.810200 16.500000
v 28.758260 16.788014 16.500000
v 28.758260 16.788014 14.000000
v 28.691406 16.810200 14.000000
v 28.624464 16.832119 14.000000
v 35.983156 10.996368 14.000000
v 35.925521 11.063275 14.000000
v 35.867537 11.129881 14.000000
v 35.867537 11.129881 16.500000
v 35.925521 11.063275 16.500000
v 35.983156 10.996368 16.500000
v 28.093243 16.160889 14.000000
v 28.093243 16.160889 16.500000
v 36.791343 11.278464 16.500000
v 36.791343 11.278464 14.000000
v 28.008730 16.186499 14.000000
v 27.924084 16.211666 14.000000
v 27.839307 16.236391 14.000000
v 27.839307 16.236391 16.500000
v 27.924084 16.211666 16.500000
v 28.008730 16.186499 16.500000
v 36.836119 11.224087 16.500000
v 36.880679 11.169533 16.500000
v 36.925020 11.114802 16.500000
v 36.925020 11.114802 14.000000
v 36.880679 11.169533 14.000000
v 36.836119 11.224087 14.000000
v 27.761109 17.088817 14.000000
v 27.761109 17.088817 16.500000
v 36.487241 10.379211 16.500000
v 36.487241 10.379211 14.000000
v 27.556764 17.142650 16.500000
v 27.624950 17.124977 16.500000
v 27.693066 17.107032 16.500000
v 27.693066 17.107032 14.000000
v 27.624950 17.124977 14.000000
v 27.556764 17.142650 14.000000
v 36.648300 10.168869 14.000000
v 36.594980 10.239263 14.000000
v 36.541293 10.309378 14.000000
v 36.541293 10.309378 16.500000
v 36.594980 10.239263 16.500000
v 36.648300 10.168869 16.500000
v 27.068738 16.439388 14.000000
v 27.068738 16.439388 16.500000
v 37.472606 10.399661 16.500000
v 37.472606 10.399661 14.000000
v 26.982784 16.459641 14.000000
v 26.896724 16.479443 14.000000
v 26.810563 16.498796 14.000000
v 26.810563 16.498796 16.500000
v 26.896724 16.479443 16.500000
v 26.982784 16.459641 16.500000
v 37.513879 10.342581 16.500000
v 37.554925 10.285336 16.500000
v 37.595743 10.227928 16.500000
v 37.595743 10.227928 14.000000
v 37.554925 10.285336 14.000000
v 37.513879 10.342581 14.000000
v 26.678994 17.344630 14.000000
v 26.678994 17.344630 16.500000
v 37.112639 9.521277 16.500000
v 37.112639 9.521277 14.000000
v 26.471672 17.385525 16.500000
v 26.540834 17.372169 16.500000
v 26.609941 17.358537 16.500000
v 26.609941 17.358537 14.000000
v 26.540834 17.372169 14.000000
v 26.471672 17.385525 14.000000
v 37.260173 9.301237 14.000000
v 37.211378 9.374841 14.000000
v 37.162200 9.448188 14.000000
v 37.162200 9.448188 16.500000
v 37.211378 9.374841 16.500000
v 37.260173 9.301237 16.500000
v 26.028768 16.653009 14.000000
v 26.028768 16.653009 16.500000
v 38.097344 9.479816 16.500000
v 38.097344 9.479816 14.000000
v 25.941711 16.667824 14.000000
v 25.854578 16.682184 14.000000
v 25.767371 16.696088 14.000000
v 25.767371 16.696088 16.500000
v 25.854578 16.682184 16.500000
v 25.941711 16.667824 16.500000
v 38.134951 9.420256 16.500000
v 38.172322 9.360548 16.500000
v 38.209454 9.300690 16.500000
v 38.209454 9.300690 14.000000
v 38.172322 9.360548 14.000000
v 38.134951 9.420256 14.000000
v 25.582952 17.531992 14.000000
v 25.582952 17.531992 16.500000
v 37.682932 8.625768 16.500000
v 37.682932 8.625768 14.000000
v 25.373471 17.559789 16.500000
v 25.443335 17.550801 16.500000
v 25.513162 17.541535 16.500000
v 25.513162 17.541535 14.000000
v 25.443335 17.550801 14.000000
v 25.373471 17.559789 14.000000
v 37.816359 8.396898 14.000000
v 37.772283 8.473420 14.000000
v 37.727807 8.549711 14.000000
v 37.727807 8.549711 16.500000
v 37.772283 8.473420 16.500000
v 37.816359 8.396898 16.500000
v 24.977436 16.800907 14.000000
v 24.977436 16.800907 16.500000
v 38.663091 8.522559 16.500000
v 38.663091 8.522559 14.000000
v 24.889621 16.810227 14.000000
v 24.801758 16.819087 14.000000
v 24.713850 16.827489 14.000000
v 24.713850 16.827489 16.500000
v 24.801758 16.819087 16.500000
v 24.889621 16.810227 16.500000
v 38.696885 8.460755 16.500000
v 38.730432 8.398817 16.500000
v 38.763733 8.336747 16.500000
v 38.763733 8.336747 14.000000
v 38.730432 8.398817 14.000000
v 38.696885 8.460755 14.000000
v 24.477309 17.650163 14.000000
v 24.477309 17.650163 16.500000
v 38.195871 7.696217 16.500000
v 38.195871 7.696217 14.000000
v 24.266496 17.664751 16.500000
v 24.336786 17.660168 16.500000
v 24.407057 17.655305 16.500000
v 24.407057 17.655305 14.000000
v 24.336786 17.660168 14.000000
v 24.266496 17.664751 14.000000
v 38.314664 7.459421 14.000000
v 38.275479 7.538559 14.000000
v 38.235881 7.617492 14.000000
v 38.235881 7.617492 16.500000
v 38.275479 7.538559 16.500000
v 38.314664 7.459421 16.500000
v 23.918892 16.882500 14.000000
v 23.918892 16.882500 16.500000
v 39.167615 7.531666 16.500000
v 39.167615 7.531666 14.000000
v 23.830665 16.886287 14.000000
v 23.742420 16.889613 14.000000
v 23.654158 16.892478 14.000000
v 23.654158 16.892478 16.500000
v 23.742420 16.889613 16.500000
v 23.830665 16.886287 16.500000
v 39.197462 7.467863 16.500000
v 39.227054 7.403941 16.500000
v 39.256391 7.339902 16.500000
v 39.256391 7.339902 14.000000
v 39.227054 7.403941 14.000000
v 39.197462 7.467863 14.000000
v 23.366427 17.698677 14.000000
v 23.366427 17.698677 16.500000
v 38.649431 6.736292 16.500000
v 38.649431 6.736292 14.000000
v 23.155114 17.699999 16.500000
v 23.225553 17.699839 16.500000
v 23.295991 17.699398 16.500000
v 23.295991 17.699398 14.000000
v 23.225553 17.699839 14.000000
v 23.155114 17.699999 14.000000
v 38.753121 6.492504 14.000000
v 38.718983 6.573947 14.000000
v 38.684419 6.655210 14.000000
v 38.684419 6.655210 16.500000
v 38.718983 6.573947 16.500000
v 38.753121 6.492504 16.500000
v 22.857314 16.897465 14.000000
v 22.857314 16.897465 16.500000
v 39.608926 6.511050 16.500000
v 39.608926 6.511050 14.000000
v 22.769023 16.895705 14.000000
v 22.680743 16.893484 14.000000
v 22.592475 16.890801 14.000000
v 22.592475 16.890801 16.500000
v 22.680743 16.893484 16.500000
v 22.769023 16.895705 16.500000
v 39.634707 6.445498 16.500000
v 39.660227 6.379844 16.500000
v 39.685485 6.314089 16.500000
v 39.685485 6.314089 14.000000
v 39.660227 6.379844 14.000000
v 39.634707 6.445498 14.000000
v 22.254690 17.677342 14.000000
v 22.254690 17.677342 16.500000
v 39.041822 5.749782 16.500000
v 39.041822 5.749782 14.000000
v 22.043711 17.665393 16.500000
v 22.114022 17.669656 16.500000
v 22.184348 17.673639 16.500000
v 22.184348 17.673639 14.000000
v 22.114022 17.669656 14.000000
v 22.043711 17.665393 14.000000
v 39.130000 5.499965 14.000000
v 39.101042 5.583390 14.000000
v 39.071650 5.666664 14.000000
v 39.071650 5.666664 16.500000
v 39.101042 5.583390 16.500000
v 39.130000 5.499965 16.500000
v 21.796891 16.845744 14.000000
v 21.796891 16.845744 16.500000
v 39.985280 5.464737 16.500000
v 39.985280 5.464737 14.000000
v 21.708885 16.838444 14.000000
v 21.620918 16.830684 14.000000
v 21.532993 16.822464 14.000000
v 21.532993 16.822464 16.500000
v 21.620918 16.830684 16.500000
v 21.708885 16.838444 16.500000
v 40.006894 5.397696 16.500000
v 40.028241 5.330569 16.500000
v 40.049321 5.263358 16.500000
v 40.049321 5.263358 14.000000
v 40.028241 5.330569 14.000000
v 40.006894 5.397696 14.000000
v 21.146488 17.586243 14.000000
v 21.146488 17.586243 16.500000
v 39.371495 4.740580 16.500000
v 39.371495 4.740580 14.000000
v 20.936675 17.561070 16.500000
v 21.006579 17.569740 16.500000
v 21.076517 17.578130 16.500000
v 21.076517 17.578130 14.000000
v 21.006579 17.569740 14.000000
v 20.936675 17.561070 14.000000
v 39.443812 4.485719 14.000000
v 39.420151 4.570799 14.000000
v 39.396045 4.655753 14.000000
v 39.396045 4.655753 16.500000
v 39.420151 4.570799 16.500000
v 39.443812 4.485719 16.500000
v 20.741808 16.727541 14.000000
v 20.741808 16.727541 16.500000
v 40.295193 4.396858 16.500000
v 40.295193 4.396858 14.000000
v 20.654434 16.714729 14.000000
v 20.567128 16.701460 14.000000
v 20.479893 16.687736 14.000000
v 20.479893 16.687736 16.500000
v 20.567128 16.701460 16.500000
v 20.654434 16.714729 16.500000
v 40.312555 4.328592 16.500000
v 40.329645 4.260257 16.500000
v 40.346463 4.191855 16.500000
v 40.346463 4.191855 14.000000
v 40.329645 4.260257 14.000000
v 40.312555 4.328592 14.000000
v 20.046192 17.425739 14.000000
v 20.046192 17.425739 16.500000
v 39.637149 3.712670 16.500000
v 39.637149 3.712670 14.000000
v 19.838374 17.387442 16.500000
v 19.907596 17.400483 16.500000
v 19.976868 17.413249 16.500000
v 19.976868 17.413249 14.000000
v 19.907596 17.400483 14.000000
v 19.838374 17.387442 14.000000
v 39.693321 3.453771 14.000000
v 39.675048 3.540168 14.000000
v 39.656324 3.626468 14.000000
v 39.656324 3.626468 16.500000
v 39.675048 3.540168 16.500000
v 39.693321 3.453771 16.500000
v 19.696229 16.543321 14.000000
v 19.696229 16.543321 16.500000
v 40.537442 3.311626 16.500000
v 40.537442 3.311626 14.000000
v 19.609832 16.525048 14.000000
v 19.523532 16.506324 14.000000
v 19.437330 16.487149 14.000000
v 19.437330 16.487149 16.500000
v 19.523532 16.506324 16.500000
v 19.609832 16.525048 16.500000
v 40.550483 3.242404 16.500000
v 40.563249 3.173132 16.500000
v 40.575739 3.103808 16.500000
v 40.575739 3.103808 14.000000
v 40.563249 3.173132 14.000000
v 40.550483 3.242404 14.000000
v 18.958145 17.196463 14.000000
v 18.958145 17.196463 16.500000
v 39.837736 2.670107 16.500000
v 39.837736 2.670107 14.000000
v 18.753142 17.145193 16.500000
v 18.821408 17.162555 16.500000
v 18.889743 17.179645 16.500000
v 18.889743 17.179645 14.000000
v 18.821408 17.162555 14.000000
v 18.753142 17.145193 14.000000
v 39.877541 2.408192 14.000000
v 39.864729 2.495566 14.000000
v 39.851460 2.582872 14.000000
v 39.851460 2.582872 16.500000
v 39.864729 2.495566 16.500000
v 39.877541 2.408192 16.500000
v 18.664281 16.293812 14.000000
v 18.664281 16.293812 16.500000
v 40.711070 2.213325 16.500000
v 40.711070 2.213325 14.000000
v 18.579201 16.270151 14.000000
v 18.494247 16.246045 14.000000
v 18.409420 16.221495 14.000000
v 18.409420 16.221495 16.500000
v 18.494247 16.246045 16.500000
v 18.579201 16.270151 16.500000
v 40.719740 2.143421 16.500000
v 40.728130 2.073483 16.500000
v 40.736243 2.003512 16.500000
v 40.736243 2.003512 14.000000
v 40.728130 2.073483 14.000000
v 40.719740 2.143421 14.000000
v 17.886642 16.899321 14.000000
v 17.886642 16.899321 16.500000
v 39.972464 1.617007 16.500000
v 39.972464 1.617007 14.000000
v 17.685263 16.835280 16.500000
v 17.752304 16.856894 16.500000
v 17.819431 16.878241 16.500000
v 17.819431 16.878241 14.000000
v 17.752304 16.856894 14.000000
v 17.685263 16.835280 14.000000
v 39.995744 1.353109 14.000000
v 39.988444 1.441115 14.000000
v 39.980684 1.529082 14.000000
v 39.980684 1.529082 16.500000
v 39.988444 1.441115 16.500000
v 39.995744 1.353109 16.500000
v 17.650035 15.980000 14.000000
v 17.650035 15.980000 16.500000
v 40.815393 1.106289 16.500000
v 40.815393 1.106289 14.000000
v 17.566610 15.951042 14.000000
v 17.483336 15.921650 14.000000
v 17.400218 15.891822 14.000000
v 17.400218 15.891822 16.500000
v 17.483336 15.921650 16.500000
v 17.566610 15.951042 16.500000
v 40.819656 1.035978 16.500000
v 40.823639 0.965652 16.500000
v 40.827342 0.895310 16.500000
v 40.827342 0.895310 14.000000
v 40.823639 0.965652 14.000000
v 40.819656 1.035978 14.000000
v 16.835911 16.535485 14.000000
v 16.835911 16.535485 16.500000
v 40.040801 0.557525 16.500000
v 40.040801 0.557525 14.000000
v 16.638950 16.458926 16.500000
v 16.704502 16.484707 16.500000
v 16.770156 16.510227 16.500000
v 16.770156 16.510227 14.000000
v 16.704502 16.484707 14.000000
v 16.638950 16.458926 14.000000
v 40.047465 0.292686 14.000000
v 40.045705 0.380977 14.000000
v 40.043484 0.469257 14.000000
v 40.043484 0.469257 16.500000
v 40.045705 0.380977 16.500000
v 40.047465 0.292686 16.500000
v 16.657496 15.603121 14.000000
v 16.657496 15.603121 16.500000
v 40.849999 -0.005114 16.500000
v 40.849999 -0.005114 14.000000
v 16.576053 15.568983 14.000000
v 16.494790 15.534419 14.000000
v 16.413708 15.499431 14.000000
v 16.413708 15.499431 16.500000
v 16.494790 15.534419 16.500000
v 16.576053 15.568983 16.500000
v 40.849839 -0.075553 16.500000
v 40.849398 -0.145991 16.500000
v 40.848677 -0.216427 16.500000
v 40.848677 -0.216427 14.000000
v 40.849398 -0.145991 14.000000
v 40.849839 -0.075553 14.000000
v 15.810098 16.106391 14.000000
v 15.810098 16.106391 16.500000
v 40.042478 -0.504158 16.500000
v 40.042478 -0.504158 14.000000
v 15.618334 16.017615 16.500000
v 15.682137 16.047462 16.500000
v 15.746059 16.077054 16.500000
v 15.746059 16.077054 14.000000
v 15.682137 16.047462 14.000000
v 15.618334 16.017615 14.000000
v 40.032500 -0.768892 14.000000
v 40.036287 -0.680665 14.000000
v 40.039613 -0.592420 14.000000
v 40.039613 -0.592420 16.500000
v 40.036287 -0.680665 16.500000
v 40.032500 -0.768892 16.500000
v 15.690579 15.164664 14.000000
v 15.690579 15.164664 16.500000
v 40.814751 -1.116496 16.500000
v 40.814751 -1.116496 14.000000
v 15.611441 15.125479 14.000000
v 15.532508 15.085881 14.000000
v 15.453783 15.045871 14.000000
v 15.453783 15.045871 16.500000
v 15.532508 15.085881 16.500000
v 15.611441 15.125479 16.500000
v 40.810168 -1.186786 16.500000
v 40.805305 -1.257057 16.500000
v 40.800163 -1.327309 16.500000
v 40.800163 -1.327309 14.000000
v 40.805305 -1.257057 14.000000
v 40.810168 -1.186786 14.000000
v 14.813253 15.613733 14.000000
v 14.813253 15.613733 16.500000
v 39.977489 -1.563850 16.500000
v 39.977489 -1.563850 14.000000
v 14.627441 15.513091 16.500000
v 14.689245 15.546885 16.500000
v 14.751183 15.580432 16.500000
v 14.751183 15.580432 14.000000
v 14.689245 15.546885 14.000000
v 14.627441 15.513091 14.000000
v 39.950907 -1.827436 14.000000
v 39.960227 -1.739621 14.000000
v 39.969087 -1.651758 14.000000
v 39.969087 -1.651758 16.500000
v 39.960227 -1.739621 16.500000
v 39.950907 -1.827436 16.500000
v 14.753102 14.666359 14.000000
v 14.753102 14.666359 16.500000
v 40.709789 -2.223471 16.500000
v 40.709789 -2.223471 14.000000
v 14.676580 14.622283 14.000000
v 14.600289 14.577807 14.000000
v 14.524232 14.532932 14.000000
v 14.524232 14.532932 16.500000
v 14.600289 14.577807 16.500000
v 14.676580 14.622283 16.500000
v 40.700801 -2.293335 16.500000
v 40.691535 -2.363162 16.500000
v 40.681992 -2.432952 16.500000
v 40.681992 -2.432952 14.000000
v 40.691535 -2.363162 14.000000
v 40.700801 -2.293335 14.000000
v 13.849310 15.059454 14.000000
v 13.849310 15.059454 16.500000
v 39.846088 -2.617371 16.500000
v 39.846088 -2.617371 14.000000
v 13.670184 14.947344 16.500000
v 13.729744 14.984951 16.500000
v 13.789452 15.022322 16.500000
v 13.789452 15.022322 14.000000
v 13.729744 14.984951 14.000000
v 13.670184 14.947344 14.000000
v 39.803009 -2.878768 14.000000
v 39.817824 -2.791711 14.000000
v 39.832184 -2.704578 14.000000
v 39.832184 -2.704578 16.500000
v 39.817824 -2.791711 16.500000
v 39.803009 -2.878768 16.500000
v 13.848763 14.110173 14.000000
v 13.848763 14.110173 16.500000
v 40.535525 -3.321672 16.500000
v 40.535525 -3.321672 14.000000
v 13.775159 14.061378 14.000000
v 13.701812 14.012200 14.000000
v 13.628723 13.962639 14.000000
v 13.628723 13.962639 16.500000
v 13.701812 14.012200 16.500000
v 13.775159 14.061378 16.500000
v 40.522169 -3.390834 16.500000
v 40.508537 -3.459941 16.500000
v 40.494630 -3.528994 16.500000
v 40.494630 -3.528994 14.000000
v 40.508537 -3.459941 14.000000
v 40.522169 -3.390834 14.000000
v 12.922072 14.445743 14.000000
v 12.922072 14.445743 16.500000
v 39.648796 -3.660563 16.500000
v 39.648796 -3.660563 14.000000
v 12.750339 14.322606 16.500000
v 12.807419 14.363879 16.500000
v 12.864664 14.404925 16.500000
v 12.864664 14.404925 14.000000
v 12.807419 14.363879 14.000000
v 12.750339 14.322606 14.000000
v 39.589388 -3.918738 14.000000
v 39.609641 -3.832784 14.000000
v 39.629443 -3.746724 14.000000
v 39.629443 -3.746724 16.500000
v 39.609641 -3.832784 16.500000
v 39.589388 -3.918738 16.500000
v 12.981131 13.498300 14.000000
v 12.981131 13.498300 16.500000
v 40.292650 -4.406764 16.500000
v 40.292650 -4.406764 14.000000
v 12.910737 13.444980 14.000000
v 12.840622 13.391293 14.000000
v 12.770789 13.337241 14.000000
v 12.770789 13.337241 16.500000
v 12.840622 13.391293 16.500000
v 12.910737 13.444980 16.500000
v 40.274977 -4.474950 16.500000
v 40.257032 -4.543066 16.500000
v 40.238817 -4.611109 16.500000
v 40.238817 -4.611109 14.000000
v 40.257032 -4.543066 14.000000
v 40.274977 -4.474950 14.000000
v 12.035198 13.775020 14.000000
v 12.035198 13.775020 16.500000
v 39.386391 -4.689307 16.500000
v 39.386391 -4.689307 14.000000
v 11.871536 13.641343 16.500000
v 11.925913 13.686119 16.500000
v 11.980467 13.730679 16.500000
v 11.980467 13.730679 14.000000
v 11.925913 13.686119 14.000000
v 11.871536 13.641343 14.000000
v 39.310889 -4.943243 14.000000
v 39.336499 -4.858730 14.000000
v 39.361666 -4.774084 14.000000
v 39.361666 -4.774084 16.500000
v 39.336499 -4.858730 16.500000
v 39.310889 -4.943243 16.500000
v 12.153632 12.833156 14.000000
v 12.153632 12.833156 16.500000
v 39.982119 -5.474464 16.500000
v 39.982119 -5.474464 14.000000
v 12.086725 12.775521 14.000000
v 12.020119 12.717537 14.000000
v 11.953818 12.659207 14.000000
v 11.953818 12.659207 16.500000
v 12.020119 12.717537 16.500000
v 12.086725 12.775521 16.500000
v 39.960200 -5.541406 16.500000
v 39.938014 -5.608260 16.500000
v 39.915562 -5.675026 16.500000
v 39.915562 -5.675026 14.000000
v 39.938014 -5.608260 14.000000
v 39.960200 -5.541406 14.000000
v 11.192190 13.049934 14.000000
v 11.192190 13.049934 16.500000
v 39.059908 -5.699545 16.500000
v 39.059908 -5.699545 14.000000
v 11.037244 12.906245 16.500000
v 11.088702 12.954347 16.500000
v 11.140351 13.002243 16.500000
v 11.140351 13.002243 14.000000
v 11.088702 12.954347 14.000000
v 11.037244 12.906245 14.000000
v 38.968611 -5.948240 14.000000
v 38.999476 -5.865501 14.000000
v 39.029909 -5.782602 14.000000
v 39.029909 -5.782602 16.500000
v 38.999476 -5.865501 16.500000
v 38.968611 -5.948240 16.500000
v 11.369530 12.117365 14.000000
v 11.369530 12.117365 16.500000
v 39.605161 -6.520559 16.500000
v 39.605161 -6.520559 14.000000
v 11.306374 12.055643 14.000000
v 11.243541 11.993591 14.000000
v 11.181033 11.931212 14.000000
v 11.181033 11.931212 16.500000
v 11.243541 11.993591 16.500000
v 11.306374 12.055643 16.500000
v 39.579081 -6.585992 16.500000
v 39.552741 -6.651322 16.500000
v 39.526142 -6.716546 16.500000
v 39.526142 -6.716546 14.000000
v 39.552741 -6.651322 14.000000
v 39.579081 -6.585992 14.000000
v 10.396374 12.273346 14.000000
v 10.396374 12.273346 16.500000
v 38.670636 -6.687290 16.500000
v 38.670636 -6.687290 14.000000
v 10.250756 12.120211 16.500000
v 10.299092 12.171449 16.500000
v 10.347632 12.222494 16.500000
v 10.347632 12.222494 14.000000
v 10.299092 12.171449 14.000000
v 10.250756 12.120211 14.000000
v 38.563903 -6.929761 14.000000
v 38.599903 -6.849124 14.000000
v 38.635481 -6.768299 14.000000
v 38.635481 -6.768299 16.500000
v 38.599903 -6.849124 16.500000
v 38.563903 -6.929761 16.500000
v 10.631921 11.353752 14.000000
v 10.631921 11.353752 16.500000
v 39.163261 -7.540920 16.500000
v 39.163261 -7.540920 14.000000
v 10.572765 11.288186 14.000000
v 10.513952 11.222312 14.000000
v 10.455484 11.156131 14.000000
v 10.455484 11.156131 16.500000
v 10.513952 11.222312 16.500000
v 10.572765 11.288186 16.500000
v 39.133124 -7.604587 16.500000
v 39.102734 -7.668134 16.500000
v 39.072092 -7.731559 16.500000
v 39.072092 -7.731559 14.000000
v 39.102734 -7.668134 14.000000
v 39.133124 -7.604587 14.000000
v 9.650891 11.448321 14.000000
v 9.650891 11.448321 16.500000
v 38.220111 -7.648643 16.500000
v 38.220111 -7.648643 14.000000
v 9.515176 11.286344 16.500000
v 9.560199 11.340516 16.500000
v 9.605438 11.394509 16.500000
v 9.605438 11.394509 14.000000
v 9.560199 11.340516 14.000000
v 9.515176 11.286344 14.000000
v 38.098364 -7.883934 14.000000
v 38.139356 -7.805716 14.000000
v 38.179939 -7.727285 14.000000
v 38.179939 -7.727285 16.500000
v 38.139356 -7.805716 16.500000
v 38.098364 -7.883934 16.500000
v 9.943714 10.545332 14.000000
v 9.943714 10.545332 16.500000
v 38.658164 -8.531521 16.500000
v 38.658164 -8.531521 14.000000
v 9.888792 10.476180 14.000000
v 9.834231 10.406743 14.000000
v 9.780034 10.337022 14.000000
v 9.780034 10.337022 16.500000
v 9.834231 10.406743 16.500000
v 9.888792 10.476180 16.500000
v 38.624089 -8.593170 16.500000
v 38.589769 -8.654683 16.500000
v 38.555204 -8.716059 16.500000
v 38.555204 -8.716059 14.000000
v 38.589769 -8.654683 14.000000
v 38.624089 -8.593170 14.000000
v 8.958682 10.578114 14.000000
v 8.958682 10.578114 16.500000
v 37.710112 -8.579810 16.500000
v 37.710112 -8.579810 14.000000
v 8.833406 10.407936 16.500000
v 8.874938 10.464828 16.500000
v 8.916698 10.521554 16.500000
v 8.916698 10.521554 14.000000
v 8.874938 10.464828 14.000000
v 8.833406 10.407936 14.000000
v 37.573831 -8.806992 14.000000
v 37.619653 -8.731502 14.000000
v 37.665081 -8.655775 14.000000
v 37.665081 -8.655775 16.500000
v 37.619653 -8.731502 16.500000
v 37.573831 -8.806992 16.500000
v 9.307627 9.695293 14.000000
v 9.307627 9.695293 16.500000
v 38.091864 -9.488451 16.500000
v 38.091864 -9.488451 14.000000
v 9.257155 9.622830 14.000000
v 9.207062 9.550104 14.000000
v 9.157350 9.477117 14.000000
v 9.157350 9.477117 16.500000
v 9.207062 9.550104 16.500000
v 9.257155 9.622830 16.500000
v 38.053985 -9.547839 16.500000
v 38.015870 -9.607076 16.500000
v 37.977520 -9.666160 16.500000
v 37.977520 -9.666160 14.000000
v 38.015870 -9.607076 14.000000
v 38.053985 -9.547839 14.000000
v 8.322480 9.666160 14.000000
v 8.322480 9.666160 16.500000
v 37.142650 -9.477117 16.500000
v 37.142650 -9.477117 14.000000
v 8.208136 9.488451 16.500000
v 8.246015 9.547839 16.500000
v 8.284130 9.607076 16.500000
v 8.284130 9.607076 14.000000
v 8.246015 9.547839 14.000000
v 8.208136 9.488451 14.000000
v 36.992373 -9.695293 14.000000
v 37.042845 -9.622830 14.000000
v 37.092938 -9.550104 14.000000
v 37.092938 -9.550104 16.500000
v 37.042845 -9.622830 16.500000
v 36.992373 -9.695293 16.500000
v 8.726169 8.806992 14.000000
v 8.726169 8.806992 16.500000
v 37.466594 -10.407936 16.500000
v 37.466594 -10.407936 14.000000
v 8.680347 8.731502 14.000000
v 8.634919 8.655775 14.000000
v 8.589888 8.579810 14.000000
v 8.589888 8.579810 16.500000
v 8.634919 8.655775 16.500000
v 8.680347 8.731502 16.500000
v 37.425062 -10.464828 16.500000
v 37.383302 -10.521554 16.500000
v 37.341318 -10.578114 16.500000
v 37.341318 -10.578114 14.000000
v 37.383302 -10.521554 14.000000
v 37.425062 -10.464828 14.000000
v 7.744796 8.716059 14.000000
v 7.744796 8.716059 16.500000
v 36.519966 -10.337022 16.500000
v 36.519966 -10.337022 14.000000
v 7.641836 8.531521 16.500000
v 7.675911 8.593170 16.500000
v 7.710231 8.654683 16.500000
v 7.710231 8.654683 14.000000
v 7.675911 8.593170 14.000000
v 7.641836 8.531521 14.000000
v 36.356286 -10.545332 14.000000
v 36.411208 -10.476180 14.000000
v 36.465769 -10.406743 14.000000
v 36.465769 -10.406743 16.500000
v 36.411208 -10.476180 16.500000
v 36.356286 -10.545332 16.500000
v 8.201636 7.883934 14.000000
v 8.201636 7.883934 16.500000
v 36.784824 -11.286344 16.500000
v 36.784824 -11.286344 14.000000
v 8.160644 7.805716 14.000000
v 8.120061 7.727285 14.000000
v 8.079889 7.648643 14.000000
v 8.079889 7.648643 16.500000
v 8.120061 7.727285 16.500000
v 8.160644 7.805716 16.500000
v 36.739801 -11.340516 16.500000
v 36.694562 -11.394509 16.500000
v 36.649109 -11.448321 16.500000
v 36.649109 -11.448321 14.000000
v 36.694562 -11.394509 14.000000
v 36.739801 -11.340516 14.000000
v 7.227908 7.731559 14.000000
v 7.227908 7.731559 16.500000
v 35.844516 -11.156131 16.500000
v 35.844516 -11.156131 14.000000
v 7.136739 7.540920 16.500000
v 7.166876 7.604587 16.500000
v 7.197266 7.668134 16.500000
v 7.197266 7.668134 14.000000
v 7.166876 7.604587 14.000000
v 7.136739 7.540920 14.000000
v 35.668079 -11.353752 14.000000
v 35.727235 -11.288186 14.000000
v 35.786048 -11.222312 14.000000
v 35.786048 -11.222312 16.500000
v 35.727235 -11.288186 16.500000
v 35.668079 -11.353752 16.500000
v 7.736097 6.929761 14.000000
v 7.736097 6.929761 16.500000
v 36.049244 -12.120211 16.500000
v 36.049244 -12.120211 14.000000
v 7.700097 6.849124 14.000000
v 7.664519 6.768299 14.000000
v 7.629364 6.687290 14.000000
v 7.629364 6.687290 16.500000
v 7.664519 6.768299 16.500000
v 7.700097 6.849124 16.500000
v 36.000908 -12.171449 16.500000
v 35.952368 -12.222494 16.500000
v 35.903626 -12.273346 16.500000
v 35.903626 -12.273346 14.000000
v 35.952368 -12.222494 14.000000
v 36.000908 -12.171449 14.000000
v 6.773858 6.716546 14.000000
v 6.773858 6.716546 16.500000
v 35.118967 -11.931212 16.500000
v 35.118967 -11.931212 14.000000
v 6.694839 6.520559 16.500000
v 6.720919 6.585992 16.500000
v 6.747259 6.651322 16.500000
v 6.747259 6.651322 14.000000
v 6.720919 6.585992 14.000000
v 6.694839 6.520559 14.000000
v 34.930470 -12.117365 14.000000
v 34.993626 -12.055643 14.000000
v 35.056459 -11.993591 14.000000
v 35.056459 -11.993591 16.500000
v 34.993626 -12.055643 16.500000
v 34.930470 -12.117365 16.500000
v 7.331389 5.948240 14.000000
v 7.331389 5.948240 16.500000
v 35.262756 -12.906245 16.500000
v 35.262756 -12.906245 14.000000
v 7.300524 5.865501 14.000000
v 7.270091 5.782602 14.000000
v 7.240092 5.699545 14.000000
v 7.240092 5.699545 16.500000
v 7.270091 5.782602 16.500000
v 7.300524 5.865501 16.500000
v 35.211298 -12.954347 16.500000
v 35.159649 -13.002243 16.500000
v 35.107810 -13.049934 16.500000
v 35.107810 -13.049934 14.000000
v 35.159649 -13.002243 14.000000
v 35.211298 -12.954347 14.000000
v 6.384438 5.675026 14.000000
v 6.384438 5.675026 16.500000
v 34.346182 -12.659207 16.500000
v 34.346182 -12.659207 14.000000
v 6.317881 5.474464 16.500000
v 6.339800 5.541406 16.500000
v 6.361986 5.608260 16.500000
v 6.361986 5.608260 14.000000
v 6.339800 5.541406 14.000000
v 6.317881 5.474464 14.000000
v 34.146368 -12.833156 14.000000
v 34.213275 -12.775521 14.000000
v 34.279881 -12.717537 14.000000
v 34.279881 -12.717537 16.500000
v 34.213275 -12.775521 16.500000
v 34.146368 -12.833156 16.500000
v 6.989111 4.943243 14.000000
v 6.989111 4.943243 16.500000
v 34.428464 -13.641343 16.500000
v 34.428464 -13.641343 14.000000
v 6.963501 4.858730 14.000000
v 6.938334 4.774084 14.000000
v 6.913609 4.689307 14.000000
v 6.913609 4.689307 16.500000
v 6.938334 4.774084 16.500000
v 6.963501 4.858730 16.500000
v 34.374087 -13.686119 16.500000
v 34.319533 -13.730679 16.500000
v 34.264802 -13.775020 16.500000
v 34.264802 -13.775020 14.000000
v 34.319533 -13.730679 14.000000
v 34.374087 -13.686119 14.000000
v 6.061183 4.611109 14.000000
v 6.061183 4.611109 16.500000
v 33.529211 -13.337241 16.500000
v 33.529211 -13.337241 14.000000
v 6.007350 4.406764 16.500000
v 6.025023 4.474950 16.500000
v 6.042968 4.543066 16.500000
v 6.042968 4.543066 14.000000
v 6.025023 4.474950 14.000000
v 6.007350 4.406764 14.000000
v 33.318869 -13.498300 14.000000
v 33.389263 -13.444980 14.000000
v 33.459378 -13.391293 14.000000
v 33.459378 -13.391293 16.500000
v 33.389263 -13.444980 16.500000
v 33.318869 -13.498300 16.500000
v 6.710612 3.918738 14.000000
v 6.710612 3.918738 16.500000
v 33.549661 -14.322606 16.500000
v 33.549661 -14.322606 14.000000
v 6.690359 3.832784 14.000000
v 6.670557 3.746724 14.000000
v 6.651204 3.660563 14.000000
v 6.651204 3.660563 16.500000
v 6.670557 3.746724 16.500000
v 6.690359 3.832784 16.500000
v 33.492581 -14.363879 16.500000
v 33.435336 -14.404925 16.500000
v 33.377928 -14.445743 16.500000
v 33.377928 -14.445743 14.000000
v 33.435336 -14.404925 14.000000
v 33.492581 -14.363879 14.000000
v 5.805370 3.528994 14.000000
v 5.805370 3.528994 16.500000
v 32.671277 -13.962639 16.500000
v 32.671277 -13.962639 14.000000
v 5.764475 3.321672 16.500000
v 5.777831 3.390834 16.500000
v 5.791463 3.459941 16.500000
v 5.791463 3.459941 14.000000
v 5.777831 3.390834 14.000000
v 5.764475 3.321672 14.000000
v 32.451237 -14.110173 14.000000
v 32.524841 -14.061378 14.000000
v 32.598188 -14.012200 14.000000
v 32.598188 -14.012200 16.500000
v 32.524841 -14.061378 16.500000
v 32.451237 -14.110173 16.500000
v 6.496991 2.878768 14.000000
v 6.496991 2.878768 16.500000
v 32.629816 -14.947344 16.500000
v 32.629816 -14.947344 14.000000
v 6.482176 2.791711 14.000000
v 6.467816 2.704578 14.000000
v 6.453912 2.617371 14.000000
v 6.453912 2.617371 16.500000
v 6.467816 2.704578 16.500000
v 6.482176 2.791711 16.500000
v 32.570256 -14.984951 16.500000
v 32.510548 -15.022322 16.500000
v 32.450690 -15.059454 16.500000
v 32.450690 -15.059454 14.000000
v 32.510548 -15.022322 14.000000
v 32.570256 -14.984951 14.000000
v 5.618008 2.432952 14.000000
v 5.618008 2.432952 16.500000
v 31.775768 -14.532932 16.500000
v 31.775768 -14.532932 14.000000
v 5.590211 2.223471 16.500000
v 5.599199 2.293335 16.500000
v 5.608465 2.363162 16.500000
v 5.608465 2.363162 14.000000
v 5.599199 2.293335 14.000000
v 5.590211 2.223471 14.000000
v 31.546898 -14.666359 14.000000
v 31.623420 -14.622283 14.000000
v 31.699711 -14.577807 14.000000
v 31.699711 -14.577807 16.500000
v 31.623420 -14.622283 16.500000
v 31.546898 -14.666359 16.500000
v 6.349093 1.827436 14.000000
v 6.349093 1.827436 16.500000
v 31.672559 -15.513091 16.500000
v 31.672559 -15.513091 14.000000
v 6.339773 1.739621 14.000000
v 6.330913 1.651758 14.000000
v 6.322511 1.563850 14.000000
v 6.322511 1.563850 16.500000
v 6.330913 1.651758 16.500000
v 6.339773 1.739621 16.500000
v 31.610755 -15.546885 16.500000
v 31.548817 -15.580432 16.500000
v 31.486747 -15.613733 16.500000
v 31.486747 -15.613733 14.000000
v 31.548817 -15.580432 14.000000
v 31.610755 -15.546885 14.000000
v 5.499837 1.327309 14.000000
v 5.499837 1.327309 16.500000
v 30.846217 -15.045871 16.500000
v 30.846217 -15.045871 14.000000
v 5.485249 1.116496 16.500000
v 5.489832 1.186786 16.500000
v 5.494695 1.257057 16.500000
v 5.494695 1.257057 14.000000
v 5.489832 1.186786 14.000000
v 5.485249 1.116496 14.000000
v 30.609421 -15.164664 14.000000
v 30.688559 -15.125479 14.000000
v 30.767492 -15.085881 14.000000
v 30.767492 -15.085881 16.500000
v 30.688559 -15.125479 16.500000
v 30.609421 -15.164664 16.500000
v 6.267500 0.768892 14.000000
v 6.267500 0.768892 16.500000
v 30.681666 -16.017615 16.500000
v 30.681666 -16.017615 14.000000
v 6.263713 0.680665 14.000000
v 6.260387 0.592420 14.000000
v 6.257522 0.504158 14.000000
v 6.257522 0.504158 16.500000
v 6.260387 0.592420 16.500000
v 6.263713 0.680665 16.500000
v 30.617863 -16.047462 16.500000
v 30.553941 -16.077054 16.500000
v 30.489902 -16.106391 16.500000
v 30.489902 -16.106391 14.000000
v 30.553941 -16.077054 14.000000
v 30.617863 -16.047462 14.000000
v 5.451323 0.216427 14.000000
v 5.451323 0.216427 16.500000
v 29.886292 -15.499431 16.500000
v 29.886292 -15.499431 14.000000
v 5.450001 0.005114 16.500000
v 5.450161 0.075553 16.500000
v 5.450602 0.145991 16.500000
v 5.450602 0.145991 14.000000
v 5.450161 0.075553 14.000000
v 5.450001 0.005114 14.000000
v 29.642504 -15.603121 14.000000
v 29.723947 -15.568983 14.000000
v 29.805210 -15.534419 14.000000
v 29.805210 -15.534419 16.500000
v 29.723947 -15.568983 16.500000
v 29.642504 -15.603121 16.500000
v 6.252535 -0.292686 14.000000
v 6.252535 -0.292686 16.500000
v 29.661050 -16.458926 16.500000
v 29.661050 -16.458926 14.000000
v 6.254295 -0.380977 14.000000
v 6.256516 -0.469257 14.000000
v 6.259199 -0.557525 14.000000
v 6.259199 -0.557525 16.500000
v 6.256516 -0.469257 16.500000
v 6.254295 -0.380977 16.500000
v 29.595498 -16.484707 16.500000
v 29.529844 -16.510227 16.500000
v 29.464089 -16.535485 16.500000
v 29.464089 -16.535485 14.000000
v 29.529844 -16.510227 14.000000
v 29.595498 -16.484707 14.000000
v 5.472658 -0.895310 14.000000
v 5.472658 -0.895310 16.500000
v 28.899782 -15.891822 16.500000
v 28.899782 -15.891822 14.000000
v 5.484607 -1.106289 16.500000
v 5.480344 -1.035978 16.500000
v 5.476361 -0.965652 16.500000
v 5.476361 -0.965652 14.000000
v 5.480344 -1.035978 14.000000
v 5.484607 -1.106289 14.000000
v 28.649965 -15.980000 14.000000
v 28.733390 -15.951042 14.000000
v 28.816664 -15.921650 14.000000
v 28.816664 -15.921650 16.500000
v 28.733390 -15.951042 16.500000
v 28.649965 -15.980000 16.500000
v 6.304256 -1.353109 14.000000
v 6.304256 -1.353109 16.500000
v 28.614737 -16.835280 16.500000
v 28.614737 -16.835280 14.000000
v 6.311556 -1.441115 14.000000
v 6.319316 -1.529082 14.000000
v 6.327536 -1.617007 14.000000
v 6.327536 -1.617007 16.500000
v 6.319316 -1.529082 16.500000
v 6.311556 -1.441115 16.500000
v 28.547696 -16.856894 16.500000
v 28.480569 -16.878241 16.500000
v 28.413358 -16.899321 16.500000
v 28.413358 -16.899321 14.000000
v 28.480569 -16.878241 14.000000
v 28.547696 -16.856894 14.000000
v 5.563757 -2.003512 14.000000
v 5.563757 -2.003512 16.500000
v 27.890580 -16.221495 16.500000
v 27.890580 -16.221495 14.000000
v 5.588930 -2.213325 16.500000
v 5.580260 -2.143421 16.500000
v 5.571870 -2.073483 16.500000
v 5.571870 -2.073483 14.000000
v 5.580260 -2.143421 14.000000
v 5.588930 -2.213325 14.000000
v 27.635719 -16.293812 14.000000
v 27.720799 -16.270151 14.000000
v 27.805753 -16.246045 14.000000
v 27.805753 -16.246045 16.500000
v 27.720799 -16.270151 16.500000
v 27.635719 -16.293812 16.500000
v 6.422459 -2.408192 14.000000
v 6.422459 -2.408192 16.500000
v 27.546858 -17.145193 16.500000
v 27.546858 -17.145193 14.000000
v 6.435271 -2.495566 14.000000
v 6.448540 -2.582872 14.000000
v 6.462264 -2.670107 14.000000
v 6.462264 -2.670107 16.500000
v 6.448540 -2.582872 16.500000
v 6.435271 -2.495566 16.500000
v 27.478592 -17.162555 16.500000
v 27.410257 -17.179645 16.500000
v 27.341855 -17.196463 16.500000
v 27.341855 -17.196463 14.000000
v 27.410257 -17.179645 14.000000
v 27.478592 -17.162555 14.000000
v 5.724261 -3.103808 14.000000
v 5.724261 -3.103808 16.500000
v 26.862670 -16.487149 16.500000
v 26.862670 -16.487149 14.000000
v 5.762558 -3.311626 16.500000
v 5.749517 -3.242404 16.500000
v 5.736751 -3.173132 16.500000
v 5.736751 -3.173132 14.000000
v 5.749517 -3.242404 14.000000
v 5.762558 -3.311626 14.000000
v 26.603771 -16.543321 14.000000
v 26.690168 -16.525048 14.000000
v 26.776468 -16.506324 14.000000
v 26.776468 -16.506324 16.500000
v 26.690168 -16.525048 16.500000
v 26.603771 -16.543321 16.500000
v 6.606679 -3.453771 14.000000
v 6.606679 -3.453771 16.500000
v 26.461626 -17.387442 16.500000
v 26.461626 -17.387442 14.000000
v 6.624952 -3.540168 14.000000
v 6.643676 -3.626468 14.000000
v 6.662851 -3.712670 14.000000
v 6.662851 -3.712670 16.500000
v 6.643676 -3.626468 16.500000
v 6.624952 -3.540168 16.500000
v 26.392404 -17.400483 16.500000
v 26.323132 -17.413249 16.500000
v 26.253808 -17.425739 16.500000
v 26.253808 -17.425739 14.000000
v 26.323132 -17.413249 14.000000
v 26.392404 -17.400483 14.000000
v 5.953537 -4.191855 14.000000
v 5.953537 -4.191855 16.500000
v 25.820107 -16.687736 16.500000
v 25.820107 -16.687736 14.000000
v 6.004807 -4.396858 16.500000
v 5.987445 -4.328592 16.500000
v 5.970355 -4.260257 16.500000
v 5.970355 -4.260257 14.000000
v 5.987445 -4.328592 14.000000
v 6.004807 -4.396858 14.000000
v 25.558192 -16.727541 14.000000
v 25.645566 -16.714729 14.000000
v 25.732872 -16.701460 14.000000
v 25.732872 -16.701460 16.500000
v 25.645566 -16.714729 16.500000
v 25.558192 -16.727541 16.500000
v 6.856188 -4.485719 14.000000
v 6.856188 -4.485719 16.500000
v 25.363325 -17.561070 16.500000
v 25.363325 -17.561070 14.000000
v 6.879849 -4.570799 14.000000
v 6.903955 -4.655753 14.000000
v 6.928505 -4.740580 14.000000
v 6.928505 -4.740580 16.500000
v 6.903955 -4.655753 16.500000
v 6.879849 -4.570799 16.500000
v 25.293421 -17.569740 16.500000
v 25.223483 -17.578130 16.500000
v 25.153512 -17.586243 16.500000
v 25.153512 -17.586243 14.000000
v 25.223483 -17.578130 14.000000
v 25.293421 -17.569740 14.000000
v 6.250679 -5.263358 14.000000
v 6.250679 -5.263358 16.500000
v 24.767007 -16.822464 16.500000
v 24.767007 -16.822464 14.000000
v 6.314720 -5.464737 16.500000
v 6.293106 -5.397696 16.500000
v 6.271759 -5.330569 16.500000
v 6.271759 -5.330569 14.000000
v 6.293106 -5.397696 14.000000
v 6.314720 -5.464737 14.000000
v 24.503109 -16.845744 14.000000
v 24.591115 -16.838444 14.000000
v 24.679082 -16.830684 14.000000
v 24.679082 -16.830684 16.500000
v 24.591115 -16.838444 16.500000
v 24.503109 -16.845744 16.500000
v 7.170000 -5.499965 14.000000
v 7.170000 -5.499965 16.500000
v 24.256289 -17.665393 16.500000
v 24.256289 -17.665393 14.000000
v 7.198958 -5.583390 14.000000
v 7.228350 -5.666664 14.000000
v 7.258178 -5.749782 14.000000
v 7.258178 -5.749782 16.500000
v 7.228350 -5.666664 16.500000
v 7.198958 -5.583390 16.500000
v 24.185978 -17.669656 16.500000
v 24.115652 -17.673639 16.500000
v 24.045310 -17.677342 16.500000
v 24.045310 -17.677342 14.000000
v 24.115652 -17.673639 14.000000
v 24.185978 -17.669656 14.000000
v 6.614515 -6.314089 14.000000
v 6.614515 -6.314089 16.500000
v 23.707525 -16.890801 16.500000
v 23.707525 -16.890801 14.000000
v 6.691074 -6.511050 16.500000
v 6.665293 -6.445498 16.500000
v 6.639773 -6.379844 16.500000
v 6.639773 -6.379844 14.000000
v 6.665293 -6.445498 14.000000
v 6.691074 -6.511050 14.000000
v 23.442686 -16.897465 14.000000
v 23.530977 -16.895705 14.000000
v 23.619257 -16.893484 14.000000
v 23.619257 -16.893484 16.500000
v 23.530977 -16.895705 16.500000
v 23.442686 -16.897465 16.500000
v 7.546879 -6.492504 14.000000
v 7.546879 -6.492504 16.500000
v 23.144886 -17.699999 16.500000
v 23.144886 -17.699999 14.000000
v 7.581017 -6.573947 14.000000
v 7.615581 -6.655210 14.000000
v 7.650569 -6.736292 14.000000
v 7.650569 -6.736292 16.500000
v 7.615581 -6.655210 16.500000
v 7.581017 -6.573947 16.500000
v 23.074447 -17.699839 16.500000
v 23.004009 -17.699398 16.500000
v 22.933573 -17.698677 16.500000
v 22.933573 -17.698677 14.000000
v 23.004009 -17.699398 14.000000
v 23.074447 -17.699839 14.000000
v 7.043609 -7.339902 14.000000
v 7.043609 -7.339902 16.500000
v 22.645842 -16.892478 16.500000
v 22.645842 -16.892478 14.000000
v 7.132385 -7.531666 16.500000
v 7.102538 -7.467863 16.500000
v 7.072946 -7.403941 16.500000
v 7.072946 -7.403941 14.000000
v 7.102538 -7.467863 14.000000
v 7.132385 -7.531666 14.000000
v 22.381108 -16.882500 14.000000
v 22.469335 -16.886287 14.000000
v 22.557580 -16.889613 14.000000
v 22.557580 -16.889613 16.500000
v 22.469335 -16.886287 16.500000
v 22.381108 -16.882500 16.500000
v 7.985336 -7.459421 14.000000
v 7.985336 -7.459421 16.500000
v 22.033504 -17.664751 16.500000
v 22.033504 -17.664751 14.000000
v 8.024521 -7.538559 14.000000
v 8.064119 -7.617492 14.000000
v 8.104129 -7.696217 14.000000
v 8.104129 -7.696217 16.500000
v 8.064119 -7.617492 16.500000
v 8.024521 -7.538559 16.500000
v 21.963214 -17.660168 16.500000
v 21.892943 -17.655305 16.500000
v 21.822691 -17.650163 16.500000
v 21.822691 -17.650163 14.000000
v 21.892943 -17.655305 14.000000
v 21.963214 -17.660168 14.000000
v 7.536267 -8.336747 14.000000
v 7.536267 -8.336747 16.500000
v 21.586150 -16.827489 16.500000
v 21.586150 -16.827489 14.000000
v 7.636909 -8.522559 16.500000
v 7.603115 -8.460755 16.500000
v 7.569568 -8.398817 16.500000
v 7.569568 -8.398817 14.000000
v 7.603115 -8.460755 14.000000
v 7.636909 -8.522559 14.000000
v 21.322564 -16.800907 14.000000
v 21.410379 -16.810227 14.000000
v 21.498242 -16.819087 14.000000
v 21.498242 -16.819087 16.500000
v 21.410379 -16.810227 16.500000
v 21.322564 -16.800907 16.500000
v 8.483641 -8.396898 14.000000
v 8.483641 -8.396898 16.500000
v 20.926529 -17.559789 16.500000
v 20.926529 -17.559789 14.000000
v 8.527717 -8.473420 14.000000
v 8.572193 -8.549711 14.000000
v 8.617068 -8.625768 14.000000
v 8.617068 -8.625768 16.500000
v 8.572193 -8.549711 16.500000
v 8.527717 -8.473420 16.500000
v 20.856665 -17.550801 16.500000
v 20.786838 -17.541535 16.500000
v 20.717048 -17.531992 16.500000
v 20.717048 -17.531992 14.000000
v 20.786838 -17.541535 14.000000
v 20.856665 -17.550801 14.000000
v 8.090546 -9.300690 14.000000
v 8.090546 -9.300690 16.500000
v 20.532629 -16.696088 16.500000
v 20.532629 -16.696088 14.000000
v 8.202656 -9.479816 16.500000
v 8.165049 -9.420256 16.500000
v 8.127678 -9.360548 16.500000
v 8.127678 -9.360548 14.000000
v 8.165049 -9.420256 14.000000
v 8.202656 -9.479816 14.000000
v 20.271232 -16.653009 14.000000
v 20.358289 -16.667824 14.000000
v 20.445422 -16.682184 14.000000
v 20.445422 -16.682184 16.500000
v 20.358289 -16.667824 16.500000
v 20.271232 -16.653009 16.500000
v 9.039827 -9.301237 14.000000
v 9.039827 -9.301237 16.500000
v 19.828328 -17.385525 16.500000
v 19.828328 -17.385525 14.000000
v 9.088622 -9.374841 14.000000
v 9.137800 -9.448188 14.000000
v 9.187361 -9.521277 14.000000
v 9.187361 -9.521277 16.500000
v 9.137800 -9.448188 16.500000
v 9.088622 -9.374841 16.500000
v 19.759166 -17.372169 16.500000
v 19.690059 -17.358537 16.500000
v 19.621006 -17.344630 16.500000
v 19.621006 -17.344630 14.000000
v 19.690059 -17.358537 14.000000
v 19.759166 -17.372169 14.000000
v 8.704257 -10.227928 14.000000
v 8.704257 -10.227928 16.500000
v 19.489437 -16.498796 16.500000
v 19.489437 -16.498796 14.000000
v 8.827394 -10.399661 16.500000
v 8.786121 -10.342581 16.500000
v 8.745075 -10.285336 16.500000
v 8.745075 -10.285336 14.000000
v 8.786121 -10.342581 14.000000
v 8.827394 -10.399661 14.000000
v 19.231262 -16.439388 14.000000
v 19.317216 -16.459641 14.000000
v 19.403276 -16.479443 14.000000
v 19.403276 -16.479443 16.500000
v 19.317216 -16.459641 16.500000
v 19.231262 -16.439388 16.500000
v 9.651700 -10.168869 14.000000
v 9.651700 -10.168869 16.500000
v 18.743236 -17.142650 16.500000
v 18.743236 -17.142650 14.000000
v 9.705020 -10.239263 14.000000
v 9.758707 -10.309378 14.000000
v 9.812759 -10.379211 14.000000
v 9.812759 -10.379211 16.500000
v 9.758707 -10.309378 16.500000
v 9.705020 -10.239263 16.500000
v 18.675050 -17.124977 16.500000
v 18.606934 -17.107032 16.500000
v 18.538891 -17.088817 16.500000
v 18.538891 -17.088817 14.000000
v 18.606934 -17.107032 14.000000
v 18.675050 -17.124977 14.000000
v 9.374980 -11.114802 14.000000
v 9.374980 -11.114802 16.500000
v 18.460693 -16.236391 16.500000
v 18.460693 -16.236391 14.000000
v 9.508657 -11.278464 16.500000
v 9.463881 -11.224087 16.500000
v 9.419321 -11.169533 16.500000
v 9.419321 -11.169533 14.000000
v 9.463881 -11.224087 14.000000
v 9.508657 -11.278464 14.000000
v 18.206757 -16.160889 14.000000
v 18.291270 -16.186499 14.000000
v 18.375916 -16.211666 14.000000
v 18.375916 -16.211666 16.500000
v 18.291270 -16.186499 16.500000
v 18.206757 -16.160889 16.500000
v 10.316844 -10.996368 14.000000
v 10.316844 -10.996368 16.500000
v 17.675536 -16.832119 16.500000
v 17.675536 -16.832119 14.000000
v 10.374479 -11.063275 14.000000
v 10.432463 -11.129881 14.000000
v 10.490793 -11.196182 14.000000
v 10.490793 -11.196182 16.500000
v 10.432463 -11.129881 16.500000
v 10.374479 -11.063275 16.500000
v 17.608594 -16.810200 16.500000
v 17.541740 -16.788014 16.500000
v 17.474974 -16.765562 16.500000
v 17.474974 -16.765562 14.000000
v 17.541740 -16.788014 14.000000
v 17.608594 -16.810200 14.000000
v 10.100066 -11.957810 14.000000
v 10.100066 -11.957810 16.500000
v 17.450455 -15.909908 16.500000
v 17.450455 -15.909908 14.000000
v 10.243755 -12.112756 16.500000
v 10.195653 -12.061298 16.500000
v 10.147757 -12.009649 16.500000
v 10.147757 -12.009649 14.000000
v 10.195653 -12.061298 14.000000
v 10.243755 -12.112756 14.000000
v 17.201760 -15.818611 14.000000
v 17.284499 -15.849476 14.000000
v 17.367398 -15.879909 14.000000
v 17.367398 -15.879909 16.500000
v 17.284499 -15.849476 16.500000
v 17.201760 -15.818611 16.500000
v 11.032635 -11.780470 14.000000
v 11.032635 -11.780470 16.500000
v 16.629441 -16.455161 16.500000
v 16.629441 -16.455161 14.000000
v 11.094357 -11.843626 14.000000
v 11.156409 -11.906459 14.000000
v 11.218788 -11.968967 14.000000
v 11.218788 -11.968967 16.500000
v 11.156409 -11.906459 16.500000
v 11.094357 -11.843626 16.500000
v 16.564008 -16.429081 16.500000
v 16.498678 -16.402741 16.500000
v 16.433454 -16.376142 16.500000
v 16.433454 -16.376142 14.000000
v 16.498678 -16.402741 14.000000
v 16.564008 -16.429081 14.000000
v 10.876654 -12.753626 14.000000
v 10.876654 -12.753626 16.500000
v 16.462710 -15.520636 16.500000
v 16.462710 -15.520636 14.000000
v 11.029789 -12.899244 16.500000
v 10.978551 -12.850908 16.500000
v 10.927506 -12.802368 16.500000
v 10.927506 -12.802368 14.000000
v 10.978551 -12.850908 14.000000
v 11.029789 -12.899244 14.000000
v 16.220239 -15.413903 14.000000
v 16.300876 -15.449903 14.000000
v 16.381701 -15.485481 14.000000
v 16.381701 -15.485481 16.500000
v 16.300876 -15.449903 16.500000
v 16.220239 -15.413903 16.500000
v 11.796248 -12.518079 14.000000
v 11.796248 -12.518079 16.500000
v 15.609080 -16.013261 16.500000
v 15.609080 -16.013261 14.000000
v 11.861814 -12.577235 14.000000
v 11.927688 -12.636048 14.000000
v 11.993869 -12.694516 14.000000
v 11.993869 -12.694516 16.500000
v 11.927688 -12.636048 16.500000
v 11.861814 -12.577235 16.500000
v 15.545413 -15.983124 16.500000
v 15.481866 -15.952734 16.500000
v 15.418441 -15.922092 16.500000
v 15.418441 -15.922092 14.000000
v 15.481866 -15.952734 14.000000
v 15.545413 -15.983124 14.000000
v 11.701679 -13.499109 14.000000
v 11.701679 -13.499109 16.500000
v 15.501357 -15.070111 16.500000
v 15.501357 -15.070111 14.000000
v 11.863656 -13.634824 16.500000
v 11.809484 -13.589801 16.500000
v 11.755491 -13.544562 16.500000
v 11.755491 -13.544562 14.000000
v 11.809484 -13.589801 14.000000
v 11.863656 -13.634824 14.000000
v 15.266066 -14.948364 14.000000
v 15.344284 -14.989356 14.000000
v 15.422715 -15.029939 14.000000
v 15.422715 -15.029939 16.500000
v 15.344284 -14.989356 16.500000
v 15.266066 -14.948364 16.500000
v 12.604668 -13.206286 14.000000
v 12.604668 -13.206286 16.500000
v 14.618479 -15.508164 16.500000
v 14.618479 -15.508164 14.000000
v 12.673820 -13.261208 14.000000
v 12.743257 -13.315769 14.000000
v 12.812978 -13.369966 14.000000
v 12.812978 -13.369966 16.500000
v 12.743257 -13.315769 16.500000
v 12.673820 -13.261208 16.500000
v 14.556830 -15.474089 16.500000
v 14.495317 -15.439769 16.500000
v 14.433941 -15.405204 16.500000
v 14.433941 -15.405204 14.000000
v 14.495317 -15.439769 14.000000
v 14.556830 -15.474089 14.000000
v 12.591330 7.328903 24.400000
v 12.104340 6.572041 24.400000
v 12.104340 6.572041 19.000000
v 12.591330 7.328903 19.000000
v 33.727025 -7.340714 24.400000
v 34.214015 -6.583851 24.400000
v 34.214015 -6.583851 19.000000
v 33.727025 -7.340714 19.000000
v 12.571886 -14.191318 14.000000
v 12.571886 -14.191318 16.500000
v 14.570190 -14.560112 16.500000
v 14.570190 -14.560112 14.000000
v 11.248558 7.122680 24.400000
v 11.248558 7.122680 19.000000
v 11.735549 7.879542 24.400000
v 11.735549 7.879542 19.000000
v 35.051442 -7.122680 24.400000
v 35.051442 -7.122680 19.000000
v 34.564451 -7.879542 24.400000
v 34.564451 -7.879542 19.000000
v 12.742064 -14.316594 16.500000
v 12.685172 -14.275062 16.500000
v 12.628446 -14.233302 16.500000
v 12.628446 -14.233302 14.000000
v 12.685172 -14.275062 14.000000
v 12.742064 -14.316594 14.000000
v 14.343008 -14.423831 14.000000
v 14.418498 -14.469653 14.000000
v 14.494225 -14.515081 14.000000
v 14.494225 -14.515081 16.500000
v 14.418498 -14.469653 16.500000
v 14.343008 -14.423831 16.500000
v 10.717788 6.297776 24.400000
v 10.717788 6.297776 19.000000
v 10.628952 6.325066 19.000000
v 10.022577 6.715227 19.000000
v 10.202677 6.552894 19.000000
v 10.406577 6.421697 19.000000
v 10.628952 6.325066 24.400000
v 10.022577 6.715227 24.400000
v 9.960926 6.784767 24.400000
v 10.491696 7.609670 24.400000
v 10.491696 7.609670 19.000000
v 9.960926 6.784767 19.000000
v 9.666793 8.140440 19.000000
v 9.615762 7.664517 19.000000
v 9.717251 7.196749 19.000000
v 9.666793 8.140440 24.400000
v 9.711694 8.278083 19.000000
v 10.047124 8.799396 19.000000
v 9.911485 8.641749 19.000000
v 9.798954 8.466858 19.000000
v 9.711694 8.278083 24.400000
v 10.047124 8.799396 24.400000
v 10.153783 8.897302 24.400000
v 10.978686 8.366532 24.400000
v 10.978686 8.366532 19.000000
v 10.153783 8.897302 19.000000
v 11.509456 9.191435 19.000000
v 11.033533 9.242466 19.000000
v 10.565765 9.140977 19.000000
v 11.509456 9.191435 24.400000
v 11.598293 9.164146 19.000000
v 12.204667 8.773984 19.000000
v 12.024568 8.936318 19.000000
v 11.820667 9.067515 19.000000
v 11.598293 9.164146 24.400000
v 12.204667 8.773984 24.400000
v 12.266319 8.704445 24.400000
v 12.246249 8.728048 24.400000
v 12.225695 8.751231 24.400000
v 11.568871 9.173853 24.400000
v 11.539254 9.182951 24.400000
v 10.117186 8.865817 24.400000
v 10.081620 8.833170 24.400000
v 9.695253 8.232692 24.400000
v 9.680280 8.186795 24.400000
v 9.980996 6.761164 24.400000
v 10.001549 6.737981 24.400000
v 10.658374 6.315358 24.400000
v 10.687990 6.306260 24.400000
v 12.266319 8.704445 19.000000
v 21.615352 1.973538 19.000000
v 12.613475 7.765645 19.000000
v 12.570342 8.102331 19.000000
v 12.452614 8.420699 19.000000
v 11.053226 6.245822 19.000000
v 11.391757 6.270618 19.000000
v 11.716044 6.370893 19.000000
v 20.717921 0.578786 19.000000
v 20.908806 1.107722 19.000000
v 21.213081 1.580615 19.000000
v 35.582212 -6.297776 24.400000
v 35.582212 -6.297776 19.000000
v 35.679967 -6.328142 19.000000
v 36.270927 -6.708385 19.000000
v 36.094823 -6.550986 19.000000
v 35.896195 -6.423182 19.000000
v 35.679967 -6.328142 24.400000
v 36.270927 -6.708385 24.400000
v 36.339074 -6.784767 24.400000
v 35.808304 -7.609670 24.400000
v 35.808304 -7.609670 19.000000
v 36.339074 -6.784767 19.000000
v 36.633207 -8.140440 19.000000
v 36.684238 -7.664517 19.000000
v 36.582749 -7.196749 19.000000
v 36.633207 -8.140440 24.400000
v 36.618446 -8.190903 19.000000
v 36.186025 -8.862955 19.000000
v 36.369870 -8.666205 19.000000
v 36.515576 -8.439755 19.000000
v 36.618446 -8.190903 24.400000
v 36.186025 -8.862955 24.400000
v 36.146217 -8.897302 24.400000
v 35.321314 -8.366532 24.400000
v 35.321314 -8.366532 19.000000
v 36.146217 -8.897302 19.000000
v 34.790544 -9.191435 19.000000
v 35.266467 -9.242466 19.000000
v 35.734235 -9.140977 19.000000
v 34.790544 -9.191435 24.400000
v 34.692789 -9.161070 19.000000
v 34.101828 -8.780826 19.000000
v 34.277932 -8.938225 19.000000
v 34.476561 -9.066029 19.000000
v 34.692789 -9.161070 24.400000
v 34.101828 -8.780826 24.400000
v 34.033681 -8.704445 24.400000
v 34.055816 -8.730420 24.400000
v 34.078535 -8.755885 24.400000
v 34.725140 -9.171932 24.400000
v 34.757731 -9.182056 24.400000
v 36.159620 -8.886008 24.400000
v 36.172890 -8.874559 24.400000
v 36.623563 -8.174140 24.400000
v 36.628483 -8.157318 24.400000
v 36.316940 -6.758792 24.400000
v 36.294220 -6.733327 24.400000
v 35.647615 -6.317280 24.400000
v 35.615024 -6.307156 24.400000
v 34.033681 -8.704445 19.000000
v 22.608900 -0.840958 19.000000
v 22.608900 -0.840958 21.700000
v 21.797249 -2.102395 21.700000
v 21.797249 -2.102395 19.000000
v 22.217938 -0.362299 21.700000
v 22.182992 0.254747 21.700000
v 22.517411 0.774487 21.700000
v 23.093457 0.998400 21.700000
v 23.691100 0.840958 21.700000
v 24.502751 2.102395 21.700000
v 23.595227 2.460035 21.700000
v 22.619922 2.443157 21.700000
v 21.725316 2.054331 21.700000
v 21.047605 1.352751 21.700000
v 20.689965 0.445227 21.700000
v 20.706843 -0.530078 21.700000
v 21.095669 -1.424684 21.700000
v 24.502751 2.102395 19.000000
v 23.691100 0.840958 19.000000
v 22.498669 -2.413663 19.000000
v 23.261457 -2.497514 19.000000
v 24.013744 -2.346049 19.000000
v 24.684648 -1.973538 19.000000
v 33.686525 -7.765645 19.000000
v 33.729658 -8.102331 19.000000
v 33.847386 -8.420699 19.000000
v 35.246774 -6.245822 19.000000
v 34.908243 -6.270618 19.000000
v 34.583956 -6.370893 19.000000
v 25.582079 -0.578786 19.000000
v 25.643058 0.186171 19.000000
v 25.469141 0.933586 19.000000
v 25.076714 1.593039 19.000000
v 24.082062 0.362299 19.000000
v 24.117008 -0.254747 19.000000
v 23.782589 -0.774487 19.000000
v 23.206543 -0.998400 19.000000
v 13.454707 -13.842373 14.000000
v 13.454707 -13.842373 16.500000
v 13.661549 -14.941864 16.500000
v 13.661549 -14.941864 14.000000
v 21.615352 1.973538 16.500000
v 12.613475 7.765645 16.500000
v 12.411465 8.496673 16.500000
v 11.877663 9.035436 16.500000
v 11.148535 9.244199 16.500000
v 10.410481 9.069594 16.500000
v 9.852185 8.556256 16.500000
v 9.616374 7.835422 16.500000
v 9.763332 7.091370 16.500000
v 10.255491 6.514317 16.500000
v 10.967029 6.251786 16.500000
v 11.716044 6.370893 16.500000
v 20.717921 0.578786 16.500000
v 20.667551 -0.295711 16.500000
v 20.921938 -1.133904 16.500000
v 21.449853 -1.832894 16.500000
v 22.186486 -2.306868 16.500000
v 23.041406 -2.497640 16.500000
v 23.909657 -2.381790 16.500000
v 24.684648 -1.973538 16.500000
v 25.582079 -0.578786 16.500000
v 25.632449 0.295711 16.500000
v 25.378062 1.133904 16.500000
v 24.850147 1.832894 16.500000
v 24.113514 2.306868 16.500000
v 23.258594 2.497640 16.500000
v 22.390343 2.381790 16.500000
v 33.686525 -7.765645 16.500000
v 33.888535 -8.496673 16.500000
v 34.422337 -9.035436 16.500000
v 35.151465 -9.244199 16.500000
v 35.889519 -9.069594 16.500000
v 36.447815 -8.556256 16.500000
v 36.683626 -7.835422 16.500000
v 36.536668 -7.091370 16.500000
v 36.044509 -6.514317 16.500000
v 35.332971 -6.251786 16.500000
v 34.583956 -6.370893 16.500000
v 22.309042 0.541100 12.000000
v 22.787701 0.932062 12.000000
v 23.404747 0.967008 12.000000
v 23.924487 0.632589 12.000000
v 24.148400 0.056543 12.000000
v 23.990958 -0.541100 12.000000
v 23.512299 -0.932062 12.000000
v 22.895253 -0.967008 12.000000
v 22.375513 -0.632589 12.000000
v 22.151600 -0.056543 12.000000
v 17.598089 0.896764 16.500000
v 17.598089 0.896764 14.000000
v 17.816171 0.582301 14.000000
v 17.748018 0.205735 14.000000
v 17.433555 -0.012346 14.000000
v 17.433555 -0.012346 16.500000
v 17.748018 0.205735 16.500000
v 17.816171 0.582301 16.500000
v 17.942430 -2.357777 14.000000
v 18.318996 -2.425930 14.000000
v 18.537077 -2.740393 14.000000
v 18.468925 -3.116959 14.000000
v 18.468925 -3.116959 16.500000
v 18.537077 -2.740393 16.500000
v 18.318996 -2.425930 16.500000
v 17.942430 -2.357777 16.500000
v 13.527170 -13.892845 14.000000
v 13.599896 -13.942938 14.000000
v 13.672883 -13.992650 14.000000
v 13.672883 -13.992650 16.500000
v 13.599896 -13.942938 16.500000
v 13.527170 -13.892845 16.500000
v 13.602161 -14.903985 16.500000
v 13.542924 -14.865870 16.500000
v 13.483840 -14.827520 16.500000
v 13.483840 -14.827520 14.000000
v 13.542924 -14.865870 14.000000
v 13.602161 -14.903985 14.000000
v 25.507777 -5.207570 14.000000
v 25.575930 -4.831004 14.000000
v 25.890393 -4.612923 14.000000
v 26.266959 -4.681075 14.000000
v 26.266959 -4.681075 16.500000
v 25.890393 -4.612923 16.500000
v 25.575930 -4.831004 16.500000
v 25.507777 -5.207570 16.500000
v 22.253236 -5.551911 16.500000
v 22.253236 -5.551911 14.000000
v 22.567699 -5.333829 14.000000
v 22.944265 -5.401982 14.000000
v 23.162346 -5.716445 14.000000
v 23.162346 -5.716445 16.500000
v 22.944265 -5.401982 16.500000
v 22.567699 -5.333829 16.500000
v 28.357570 2.357777 14.000000
v 27.981004 2.425930 14.000000
v 27.762923 2.740393 14.000000
v 27.831075 3.116959 14.000000
v 27.831075 3.116959 16.500000
v 27.762923 2.740393 16.500000
v 27.981004 2.425930 16.500000
v 28.357570 2.357777 16.500000
v 28.701911 -0.896764 16.500000
v 28.701911 -0.896764 14.000000
v 28.483829 -0.582301 14.000000
v 28.551982 -0.205735 14.000000
v 28.866445 0.012346 14.000000
v 28.866445 0.012346 16.500000
v 28.551982 -0.205735 16.500000
v 28.483829 -0.582301 16.500000
v 20.792223 5.207570 14.000000
v 20.724070 4.831004 14.000000
v 20.409607 4.612923 14.000000
v 20.033041 4.681075 14.000000
v 20.033041 4.681075 16.500000
v 20.409607 4.612923 16.500000
v 20.724070 4.831004 16.500000
v 20.792223 5.207570 16.500000
v 28.441748 -13.231020 16.500000
v 27.872965 -13.282844 16.500000
v 27.368584 -13.014888 16.500000
v 27.093135 -12.514559 16.500000
v 32.734826 -8.842716 16.500000
v 33.117547 -9.300852 16.500000
v 33.171051 -9.895413 16.500000
v 32.876270 -10.414517 16.500000
v 31.518203 -11.534109 16.500000
v 30.032474 -12.477742 16.500000
v 24.747704 -13.023434 16.500000
v 24.704369 -13.592928 16.500000
v 24.356386 -14.045817 16.500000
v 23.817267 -14.234369 16.500000
v 22.057397 -14.208051 16.500000
v 20.314195 -13.964982 16.500000
v 18.614256 -13.508868 16.500000
v 18.130852 -13.158602 16.500000
v 17.933147 -12.595328 16.500000
v 18.091596 -12.019777 16.500000
v 36.381020 5.291748 16.500000
v 36.432844 4.722965 16.500000
v 36.164888 4.218584 16.500000
v 35.664559 3.943135 16.500000
v 31.992716 9.584826 16.500000
v 32.450852 9.967547 16.500000
v 33.045413 10.021051 16.500000
v 33.564517 9.726270 16.500000
v 34.684109 8.368203 16.500000
v 35.627742 6.882474 16.500000
v 36.173434 1.597704 16.500000
v 36.742928 1.554369 16.500000
v 37.195817 1.206386 16.500000
v 37.384369 0.667267 16.500000
v 37.358051 -1.092603 16.500000
v 37.114982 -2.835805 16.500000
v 36.658868 -4.535744 16.500000
v 36.308602 -5.019148 16.500000
v 35.745328 -5.216853 16.500000
v 35.169777 -5.058404 16.500000
v 17.858252 13.231020 16.500000
v 18.427035 13.282844 16.500000
v 18.931416 13.014888 16.500000
v 19.206865 12.514559 16.500000
v 13.565174 8.842716 16.500000
v 13.182453 9.300852 16.500000
v 13.128949 9.895413 16.500000
v 13.423730 10.414517 16.500000
v 14.781797 11.534109 16.500000
v 16.267526 12.477742 16.500000
v 24.046764 5.551911 16.500000
v 23.732301 5.333829 16.500000
v 23.355735 5.401982 16.500000
v 23.137654 5.716445 16.500000
v 21.552296 13.023434 16.500000
v 21.595631 13.592928 16.500000
v 21.943614 14.045817 16.500000
v 22.482733 14.234369 16.500000
v 24.242603 14.208051 16.500000
v 25.985805 13.964982 16.500000
v 27.685744 13.508868 16.500000
v 28.169148 13.158602 16.500000
v 28.366853 12.595328 16.500000
v 28.208404 12.019777 16.500000
v 10.126566 -1.597704 16.500000
v 9.557072 -1.554369 16.500000
v 9.104183 -1.206386 16.500000
v 8.915631 -0.667267 16.500000
v 8.941949 1.092603 16.500000
v 9.185018 2.835805 16.500000
v 9.641132 4.535744 16.500000
v 9.991398 5.019148 16.500000
v 10.554672 5.216853 16.500000
v 11.130223 5.058404 16.500000
v 9.918980 -5.291748 16.500000
v 9.867156 -4.722965 16.500000
v 10.135112 -4.218584 16.500000
v 10.635441 -3.943135 16.500000
v 14.307284 -9.584826 16.500000
v 13.849148 -9.967547 16.500000
v 13.254587 -10.021051 16.500000
v 12.735483 -9.726270 16.500000
v 11.615891 -8.368203 16.500000
v 10.672258 -6.882474 16.500000
v 24.046764 5.551911 14.000000
v 23.732301 5.333829 14.000000
v 23.355735 5.401982 14.000000
v 23.137654 5.716445 14.000000
v 25.252395 -1.352751 12.000000
v 24.574684 -2.054331 12.000000
v 23.680078 -2.443157 12.000000
v 22.704773 -2.460035 12.000000
v 21.797249 -2.102395 12.000000
v 21.095669 -1.424684 12.000000
v 20.706843 -0.530078 12.000000
v 20.689965 0.445227 12.000000
v 21.047605 1.352751 12.000000
v 21.725316 2.054331 12.000000
v 22.619922 2.443157 12.000000
v 23.595227 2.460035 12.000000
v 24.502751 2.102395 12.000000
v 25.204331 1.424684 12.000000
v 25.593157 0.530078 12.000000
v 25.610035 -0.445227 12.000000
v 11.130223 5.058404 14.000000
v 9.641132 4.535744 14.000000
v 9.991398 5.019148 14.000000
v 10.554672 5.216853 14.000000
v 8.915631 -0.667267 14.000000
v 8.941949 1.092603 14.000000
v 9.185018 2.835805 14.000000
v 10.126566 -1.597704 14.000000
v 9.557072 -1.554369 14.000000
v 9.104183 -1.206386 14.000000
v 9.918980 -5.291748 14.000000
v 9.867156 -4.722965 14.000000
v 10.135112 -4.218584 14.000000
v 10.635441 -3.943135 14.000000
v 12.735483 -9.726270 14.000000
v 11.615891 -8.368203 14.000000
v 10.672258 -6.882474 14.000000
v 14.307284 -9.584826 14.000000
v 13.849148 -9.967547 14.000000
v 13.254587 -10.021051 14.000000
v 28.441748 -13.231020 14.000000
v 27.872965 -13.282844 14.000000
v 27.368584 -13.014888 14.000000
v 27.093135 -12.514559 14.000000
v 32.876270 -10.414517 14.000000
v 31.518203 -11.534109 14.000000
v 30.032474 -12.477742 14.000000
v 32.734826 -8.842716 14.000000
v 33.117547 -9.300852 14.000000
v 33.171051 -9.895413 14.000000
v 18.091596 -12.019777 14.000000
v 18.614256 -13.508868 14.000000
v 18.130852 -13.158602 14.000000
v 17.933147 -12.595328 14.000000
v 23.817267 -14.234369 14.000000
v 22.057397 -14.208051 14.000000
v 20.314195 -13.964982 14.000000
v 24.747704 -13.023434 14.000000
v 24.704369 -13.592928 14.000000
v 24.356386 -14.045817 14.000000
v 36.381020 5.291748 14.000000
v 36.432844 4.722965 14.000000
v 36.164888 4.218584 14.000000
v 35.664559 3.943135 14.000000
v 33.564517 9.726270 14.000000
v 34.684109 8.368203 14.000000
v 35.627742 6.882474 14.000000
v 31.992716 9.584826 14.000000
v 32.450852 9.967547 14.000000
v 33.045413 10.021051 14.000000
v 35.169777 -5.058404 14.000000
v 36.658868 -4.535744 14.000000
v 36.308602 -5.019148 14.000000
v 35.745328 -5.216853 14.000000
v 37.384369 0.667267 14.000000
v 37.358051 -1.092603 14.000000
v 37.114982 -2.835805 14.000000
v 36.173434 1.597704 14.000000
v 36.742928 1.554369 14.000000
v 37.195817 1.206386 14.000000
v 17.858252 13.231020 14.000000
v 18.427035 13.282844 14.000000
v 18.931416 13.014888 14.000000
v 19.206865 12.514559 14.000000
v 13.423730 10.414517 14.000000
v 14.781797 11.534109 14.000000
v 16.267526 12.477742 14.000000
v 13.565174 8.842716 14.000000
v 13.182453 9.300852 14.000000
v 13.128949 9.895413 14.000000
v 28.208404 12.019777 14.000000
v 27.685744 13.508868 14.000000
v 28.169148 13.158602 14.000000
v 28.366853 12.595328 14.000000
v 22.482733 14.234369 14.000000
v 24.242603 14.208051 14.000000
v 25.985805 13.964982 14.000000
v 21.552296 13.023434 14.000000
v 21.595631 13.592928 14.000000
v 21.943614 14.045817 14.000000
v 25.252395 -1.352751 14.000000
v 24.574684 -2.054331 14.000000
v 23.680078 -2.443157 14.000000
v 22.704773 -2.460035 14.000000
v 21.797249 -2.102395 14.000000
v 21.095669 -1.424684 14.000000
v 20.706843 -0.530078 14.000000
v 20.689965 0.445227 14.000000
v 21.047605 1.352751 14.000000
v 21.725316 2.054331 14.000000
v 22.619922 2.443157 14.000000
v 23.595227 2.460035 14.000000
v 24.502751 2.102395 14.000000
v 25.204331 1.424684 14.000000
v 25.593157 0.530078 14.000000
v 25.610035 -0.445227 14.000000
vt -0.250000 0.000000 0.000000
vt -0.000000 0.000000 0.000000
vt -0.250000 0.085601 0.000000
vt -0.000000 0.085601 0.000000
vt 0.250000 -2.769744 0.000000
vt -0.000000 -2.769744 0.000000
vt 0.250000 -2.776788 0.000000
vt -0.000000 -2.776788 0.000000
vt 0.250000 -2.783831 0.000000
vt -0.000000 -2.783831 0.000000
vt 0.250000 -2.790875 0.000000
vt -0.000000 -2.790875 0.000000
vt -0.000000 -2.720985 0.000000
vt 0.250000 -2.720985 0.000000
vt -0.000000 -2.712154 0.000000
vt 0.250000 -2.712154 0.000000
vt -0.000000 -2.703323 0.000000
vt 0.250000 -2.703323 0.000000
vt -0.000000 -2.694492 0.000000
vt 0.250000 -2.694492 0.000000
vt 0.250000 0.085601 0.000000
vt -0.000000 0.085601 0.000000
vt 0.250000 0.000000 0.000000
vt -0.000000 0.000000 0.000000
vt 0.250000 0.085601 0.000000
vt -0.000000 0.085601 0.000000
vt 0.250000 0.000000 0.000000
vt -0.000000 0.000000 0.000000
vt -0.000000 -2.614799 0.000000
vt 0.250000 -2.614799 0.000000
vt -0.000000 -2.605968 0.000000
vt 0.250000 -2.605968 0.000000
vt -0.000000 -2.597137 0.000000
vt 0.250000 -2.597137 0.000000
vt -0.000000 -2.588307 0.000000
vt 0.250000 -2.588307 0.000000
vt 0.250000 -2.880956 0.000000
vt -0.000000 -2.880956 0.000000
vt 0.250000 -2.888000 0.000000
vt -0.000000 -2.888000 0.000000
vt 0.250000 -2.895044 0.000000
vt -0.000000 -2.895044 0.000000
vt 0.250000 -2.902088 0.000000
vt -0.000000 -2.902088 0.000000
vt -0.250000 -0.000000 0.000000
vt -0.000000 -0.000000 0.000000
vt -0.250000 0.085601 0.000000
vt -0.000000 0.085601 0.000000
vt -0.250000 0.000000 0.000000
vt -0.000000 0.000000 0.000000
vt -0.250000 0.085601 0.000000
vt -0.000000 0.085601 0.000000
vt 0.250000 -2.658531 0.000000
vt -0.000000 -2.658531 0.000000
vt 0.250000 -2.665575 0.000000
vt -0.000000 -2.665575 0.000000
vt 0.250000 -2.672619 0.000000
vt -0.000000 -2.672619 0.000000
vt 0.250000 -2.679663 0.000000
vt -0.000000 -2.679663 0.000000
vt -0.000000 -2.827171 0.000000
vt 0.250000 -2.827171 0.000000
vt -0.000000 -2.818340 0.000000
vt 0.250000 -2.818340 0.000000
vt -0.000000 -2.809509 0.000000
vt 0.250000 -2.809509 0.000000
vt -0.000000 -2.800678 0.000000
vt 0.250000 -2.800678 0.000000
vt 0.250000 0.085601 0.000000
vt -0.000000 0.085601 0.000000
vt 0.250000 0.000000 0.000000
vt -0.000000 0.000000 0.000000
vt 0.250000 0.085601 0.000000
vt -0.000000 0.085601 0.000000
vt 0.250000 0.000000 0.000000
vt -0.000000 0.000000 0.000000
vt -0.000000 -2.508613 0.000000
vt 0.250000 -2.508613 0.000000
vt -0.000000 -2.499782 0.000000
vt 0.250000 -2.499782 0.000000
vt -0.000000 -2.490952 0.000000
vt 0.250000 -2.490952 0.000000
vt -0.000000 -2.482121 0.000000
vt 0.250000 -2.482121 0.000000
vt 0.250000 -2.992168 0.000000
vt -0.000000 -2.992168 0.000000
vt 0.250000 -2.999212 0.000000
vt -0.000000 -2.999212 0.000000
vt 0.250000 -3.006256 0.000000
vt -0.000000 -3.006256 0.000000
vt 0.250000 -3.013300 0.000000
vt -0.000000 -3.013300 0.000000
vt -0.250000 0.000000 0.000000
vt -0.000000 0.000000 0.000000
vt -0.250000 0.085601 0.000000
vt -0.000000 0.085601 0.000000
vt -0.250000 0.000000 0.000000
vt -0.000000 0.000000 0.000000
vt -0.250000 0.085601 0.000000
vt -0.000000 0.085601 0.000000
vt 0.250000 -2.547319 0.000000
vt -0.000000 -2.547319 0.000000
vt 0.250000 -2.554363 0.000000
vt -0.000000 -2.554363 0.000000
vt 0.250000 -2.561407 0.000000
vt -0.000000 -2.561407 0.000000
vt 0.250000 -2.568451 0.000000
vt -0.000000 -2.568451 0.000000
vt -0.000000 -2.933357 0.000000
vt 0.250000 -2.933357 0.000000
vt -0.000000 -2.924526 0.000000
vt 0.250000 -2.924526 0.000000
vt -0.000000 -2.915695 0.000000
vt 0.250000 -2.915695 0.000000
vt -0.000000 -2.906864 0.000000
vt 0.250000 -2.906864 0.000000
vt 0.250000 0.085601 0.000000
vt -0.000000 0.085601 0.000000
vt 0.250000 0.000000 0.000000
vt -0.000000 0.000000 0.000000
vt 0.250000 0.085601 0.000000
vt -0.000000 0.085601 0.000000
vt 0.250000 0.000000 0.000000
vt -0.000000 0.000000 0.000000
vt -0.000000 -2.402427 0.000000
vt 0.250000 -2.402427 0.000000
vt -0.000000 -2.393597 0.000000
vt 0.250000 -2.393597 0.000000
vt -0.000000 -2.384766 0.000000
vt 0.250000 -2.384766 0.000000
vt -0.000000 -2.375935 0.000000
vt 0.250000 -2.375935 0.000000
vt 0.250000 -3.103381 0.000000
vt -0.000000 -3.103381 0.000000
vt 0.250000 -3.110425 0.000000
vt -0.000000 -3.110425 0.000000
vt 0.250000 -3.117469 0.000000
vt -0.000000 -3.117469 0.000000
vt 0.250000 -3.124513 0.000000
vt -0.000000 -3.124513 0.000000
vt -0.250000 0.000000 0.000000
vt -0.000000 0.000000 0.000000
vt -0.250000 0.085601 0.000000
vt -0.000000 0.085601 0.000000
vt -0.250000 0.000000 0.000000
vt -0.000000 0.000000 0.000000
vt -0.250000 0.085601 0.000000
vt -0.000000 0.085601 0.000000
vt 0.250000 -2.436106 0.000000
vt -0.000000 -2.436106 0.000000
vt 0.250000 -2.443150 0.000000
vt -0.000000 -2.443150 0.000000
vt 0.250000 -2.450194 0.000000
vt -0.000000 -2.450194 0.000000
vt 0.250000 -2.457238 0.000000
vt -0.000000 -2.457238 0.000000
vt -0.000000 -3.039542 0.000000
vt 0.250000 -3.039542 0.000000
vt -0.000000 -3.030712 0.000000
vt 0.250000 -3.030712 0.000000
vt -0.000000 -3.021881 0.000000
vt 0.250000 -3.021881 0.000000
vt -0.000000 -3.013050 0.000000
vt 0.250000 -3.013050 0.000000
vt 0.250000 0.085601 0.000000
vt -0.000000 0.085601 0.000000
vt 0.250000 0.000000 0.000000
vt -0.000000 0.000000 0.000000
vt 0.250000 0.085601 0.000000
vt -0.000000 0.085601 0.000000
vt 0.250000 0.000000 0.000000
vt -0.000000 0.000000 0.000000
vt -0.000000 -2.296242 0.000000
vt 0.250000 -2.296242 0.000000
vt -0.000000 -2.287411 0.000000
vt 0.250000 -2.287411 0.000000
vt -0.000000 -2.278580 0.000000
vt 0.250000 -2.278580 0.000000
vt -0.000000 -2.269749 0.000000
vt 0.250000 -2.269749 0.000000
vt 0.250000 -3.214593 0.000000
vt -0.000000 -3.214593 0.000000
vt 0.250000 -3.221637 0.000000
vt -0.000000 -3.221637 0.000000
vt 0.250000 -3.228681 0.000000
vt -0.000000 -3.228681 0.000000
vt 0.250000 -3.235725 0.000000
vt -0.000000 -3.235725 0.000000
vt -0.250000 0.000000 0.000000
vt -0.000000 0.000000 0.000000
vt -0.250000 0.085601 0.000000
vt -0.000000 0.085601 0.000000
vt -0.250000 -0.000000 0.000000
vt 0.000000 -0.000000 0.000000
vt -0.250000 0.085601 0.000000
vt -0.000000 0.085601 0.000000
vt 0.250000 -2.324894 0.000000
vt -0.000000 -2.324894 0.000000
vt 0.250000 -2.331938 0.000000
vt -0.000000 -2.331938 0.000000
vt 0.250000 -2.338982 0.000000
vt -0.000000 -2.338982 0.000000
vt 0.250000 -2.346026 0.000000
vt -0.000000 -2.346026 0.000000
vt -0.000000 -3.145728 0.000000
vt 0.250000 -3.145728 0.000000
vt -0.000000 -3.136897 0.000000
vt 0.250000 -3.136897 0.000000
vt -0.000000 -3.128067 0.000000
vt 0.250000 -3.128067 0.000000
vt -0.000000 -3.119236 0.000000
vt 0.250000 -3.119236 0.000000
vt 0.250000 0.085601 0.000000
vt -0.000000 0.085601 0.000000
vt 0.250000 0.000000 0.000000
vt -0.000000 0.000000 0.000000
vt 0.250000 0.085601 0.000000
vt -0.000000 0.085601 0.000000
vt 0.250000 -0.000000 0.000000
vt -0.000000 -0.000000 0.000000
vt -0.000000 -2.190056 0.000000
vt 0.250000 -2.190056 0.000000
vt -0.000000 -2.181225 0.000000
vt 0.250000 -2.181225 0.000000
vt -0.000000 -2.172394 0.000000
vt 0.250000 -2.172394 0.000000
vt -0.000000 -2.163563 0.000000
vt 0.250000 -2.163563 0.000000
vt 0.250000 -3.325805 0.000000
vt -0.000000 -3.325805 0.000000
vt 0.250000 -3.332849 0.000000
vt -0.000000 -3.332849 0.000000
vt 0.250000 -3.339893 0.000000
vt -0.000000 -3.339893 0.000000
vt 0.250000 -3.346937 0.000000
vt -0.000000 -3.346937 0.000000
vt -0.250000 -0.000000 0.000000
vt -0.000000 -0.000000 0.000000
vt -0.250000 0.085601 0.000000
vt -0.000000 0.085601 0.000000
vt -0.250000 0.000000 0.000000
vt -0.000000 0.000000 0.000000
vt -0.250000 0.085601 0.000000
vt -0.000000 0.085601 0.000000
vt 0.250000 -2.213682 0.000000
vt -0.000000 -2.213682 0.000000
vt 0.250000 -2.220726 0.000000
vt -0.000000 -2.220726 0.000000
vt 0.250000 -2.227770 0.000000
vt -0.000000 -2.227770 0.000000
vt 0.250000 -2.234814 0.000000
vt -0.000000 -2.234814 0.000000
vt -0.000000 -3.251914 0.000000
vt 0.250000 -3.251914 0.000000
vt -0.000000 -3.243083 0.000000
vt 0.250000 -3.243083 0.000000
vt 0.250000 -3.234252 0.000000
vt 0.250000 -3.225422 0.000000
vt -0.000000 -3.225422 0.000000
vt -0.000000 -3.234252 0.000000
vt 0.250000 0.085601 0.000000
vt -0.000000 0.085601 0.000000
vt 0.250000 0.000000 0.000000
vt -0.000000 0.000000 0.000000
vt 0.250000 0.085601 0.000000
vt -0.000000 0.085601 0.000000
vt 0.250000 0.000000 0.000000
vt -0.000000 0.000000 0.000000
vt -0.000000 -2.083870 0.000000
vt 0.250000 -2.083870 0.000000
vt -0.000000 -2.075039 0.000000
vt 0.250000 -2.075039 0.000000
vt -0.000000 -2.066208 0.000000
vt 0.250000 -2.066208 0.000000
vt -0.000000 -2.057377 0.000000
vt 0.250000 -2.057377 0.000000
vt 0.250000 -3.437018 0.000000
vt -0.000000 -3.437018 0.000000
vt 0.250000 -3.444062 0.000000
vt -0.000000 -3.444062 0.000000
vt 0.250000 -3.451106 0.000000
vt -0.000000 -3.451106 0.000000
vt 0.250000 -3.458150 0.000000
vt -0.000000 -3.458150 0.000000
vt -0.250000 0.000000 0.000000
vt -0.000000 0.000000 0.000000
vt -0.250000 0.085601 0.000000
vt -0.000000 0.085601 0.000000
vt -0.250000 -0.000000 0.000000
vt -0.000000 -0.000000 0.000000
vt -0.250000 0.085601 0.000000
vt -0.000000 0.085601 0.000000
vt 0.250000 -2.102469 0.000000
vt -0.000000 -2.102469 0.000000
vt 0.250000 -2.109513 0.000000
vt -0.000000 -2.109513 0.000000
vt 0.250000 -2.116557 0.000000
vt -0.000000 -2.116557 0.000000
vt 0.250000 -2.123601 0.000000
vt -0.000000 -2.123601 0.000000
vt -0.000000 -3.358100 0.000000
vt 0.250000 -3.358100 0.000000
vt -0.000000 -3.349269 0.000000
vt 0.250000 -3.349269 0.000000
vt -0.000000 -3.340438 0.000000
vt 0.250000 -3.340438 0.000000
vt -0.000000 -3.331607 0.000000
vt 0.250000 -3.331607 0.000000
vt 0.250000 0.085601 0.000000
vt -0.000000 0.085601 0.000000
vt 0.250000 -0.000000 0.000000
vt -0.000000 -0.000000 0.000000
vt 0.250000 0.085601 0.000000
vt -0.000000 0.085601 0.000000
vt 0.250000 0.000000 0.000000
vt -0.000000 0.000000 0.000000
vt -0.000000 -1.977684 0.000000
vt 0.250000 -1.977684 0.000000
vt -0.000000 -1.968853 0.000000
vt 0.250000 -1.968853 0.000000
vt -0.000000 -1.960022 0.000000
vt 0.250000 -1.960022 0.000000
vt -0.000000 -1.951192 0.000000
vt 0.250000 -1.951192 0.000000
vt 0.250000 -3.548230 0.000000
vt -0.000000 -3.548230 0.000000
vt 0.250000 -3.555274 0.000000
vt -0.000000 -3.555274 0.000000
vt 0.250000 -3.562318 0.000000
vt -0.000000 -3.562318 0.000000
vt 0.250000 -3.569362 0.000000
vt -0.000000 -3.569362 0.000000
vt -0.250000 0.000000 0.000000
vt -0.000000 0.000000 0.000000
vt -0.250000 0.085601 0.000000
vt -0.000000 0.085601 0.000000
vt -0.250000 0.000000 0.000000
vt -0.000000 0.000000 0.000000
vt -0.250000 0.085601 0.000000
vt -0.000000 0.085601 0.000000
vt 0.250000 -1.991257 0.000000
vt -0.000000 -1.991257 0.000000
vt 0.250000 -1.998301 0.000000
vt -0.000000 -1.998301 0.000000
vt 0.250000 -2.005345 0.000000
vt -0.000000 -2.005345 0.000000
vt 0.250000 -2.012389 0.000000
vt -0.000000 -2.012389 0.000000
vt -0.000000 -3.464286 0.000000
vt 0.250000 -3.464286 0.000000
vt -0.000000 -3.455455 0.000000
vt 0.250000 -3.455455 0.000000
vt -0.000000 -3.446624 0.000000
vt 0.250000 -3.446624 0.000000
vt -0.000000 -3.437793 0.000000
vt 0.250000 -3.437793 0.000000
vt 0.250000 0.085601 0.000000
vt -0.000000 0.085601 0.000000
vt 0.250000 0.000000 0.000000
vt -0.000000 0.000000 0.000000
vt 0.250000 0.085601 0.000000
vt -0.000000 0.085601 0.000000
vt 0.250000 0.000000 0.000000
vt -0.000000 0.000000 0.000000
vt -0.000000 -1.871498 0.000000
vt 0.250000 -1.871498 0.000000
vt -0.000000 -1.862667 0.000000
vt 0.250000 -1.862667 0.000000
vt -0.000000 -1.853837 0.000000
vt 0.250000 -1.853837 0.000000
vt -0.000000 -1.845006 0.000000
vt 0.250000 -1.845006 0.000000
vt 0.250000 -3.659443 0.000000
vt -0.000000 -3.659443 0.000000
vt 0.250000 -3.666487 0.000000
vt -0.000000 -3.666487 0.000000
vt 0.250000 -3.673531 0.000000
vt -0.000000 -3.673531 0.000000
vt 0.250000 -3.680574 0.000000
vt -0.000000 -3.680574 0.000000
vt -0.250000 0.000000 0.000000
vt -0.000000 0.000000 0.000000
vt -0.250000 0.085601 0.000000
vt -0.000000 0.085601 0.000000
vt -0.250000 -0.000000 0.000000
vt 0.000000 -0.000000 0.000000
vt -0.250000 0.085601 0.000000
vt -0.000000 0.085601 0.000000
vt 0.250000 -1.880045 0.000000
vt -0.000000 -1.880045 0.000000
vt 0.250000 -1.887088 0.000000
vt -0.000000 -1.887088 0.000000
vt 0.250000 -1.894132 0.000000
vt -0.000000 -1.894132 0.000000
vt 0.250000 -1.901176 0.000000
vt -0.000000 -1.901176 0.000000
vt -0.000000 -3.570472 0.000000
vt 0.250000 -3.570472 0.000000
vt -0.000000 -3.561641 0.000000
vt 0.250000 -3.561641 0.000000
vt -0.000000 -3.552810 0.000000
vt 0.250000 -3.552810 0.000000
vt -0.000000 -3.543979 0.000000
vt 0.250000 -3.543979 0.000000
vt 0.250000 0.085601 0.000000
vt -0.000000 0.085601 0.000000
vt 0.250000 -0.000000 0.000000
vt -0.000000 -0.000000 0.000000
vt 0.250000 0.085601 0.000000
vt -0.000000 0.085601 0.000000
vt 0.250000 -0.000000 0.000000
vt -0.000000 -0.000000 0.000000
vt -0.000000 -1.765312 0.000000
vt 0.250000 -1.765312 0.000000
vt -0.000000 -1.756482 0.000000
vt 0.250000 -1.756482 0.000000
vt -0.000000 -1.747651 0.000000
vt 0.250000 -1.747651 0.000000
vt -0.000000 -1.738820 0.000000
vt 0.250000 -1.738820 0.000000
vt 0.250000 -3.770655 0.000000
vt -0.000000 -3.770655 0.000000
vt 0.250000 -3.777699 0.000000
vt -0.000000 -3.777699 0.000000
vt 0.250000 -3.784743 0.000000
vt -0.000000 -3.784743 0.000000
vt 0.250000 -3.791787 0.000000
vt -0.000000 -3.791787 0.000000
vt -0.250000 0.000000 0.000000
vt -0.000000 0.000000 0.000000
vt -0.250000 0.085601 0.000000
vt -0.000000 0.085601 0.000000
vt -0.250000 -0.000000 0.000000
vt 0.000000 -0.000000 0.000000
vt -0.250000 0.085601 0.000000
vt -0.000000 0.085601 0.000000
vt 0.250000 -1.768832 0.000000
vt -0.000000 -1.768832 0.000000
vt 0.250000 -1.775876 0.000000
vt -0.000000 -1.775876 0.000000
vt 0.250000 -1.782920 0.000000
vt -0.000000 -1.782920 0.000000
vt 0.250000 -1.789964 0.000000
vt -0.000000 -1.789964 0.000000
vt -0.000000 -3.676657 0.000000
vt 0.250000 -3.676657 0.000000
vt -0.000000 -3.667827 0.000000
vt 0.250000 -3.667827 0.000000
vt -0.000000 -3.658996 0.000000
vt 0.250000 -3.658996 0.000000
vt -0.000000 -3.650165 0.000000
vt 0.250000 -3.650165 0.000000
vt 0.250000 0.085601 0.000000
vt -0.000000 0.085601 0.000000
vt 0.250000 0.000000 0.000000
vt -0.000000 0.000000 0.000000
vt 0.250000 0.085601 0.000000
vt -0.000000 0.085601 0.000000
vt 0.250000 0.000000 0.000000
vt -0.000000 0.000000 0.000000
vt -0.000000 -1.659127 0.000000
vt 0.250000 -1.659127 0.000000
vt -0.000000 -1.650296 0.000000
vt 0.250000 -1.650296 0.000000
vt -0.000000 -1.641465 0.000000
vt 0.250000 -1.641465 0.000000
vt -0.000000 -1.632634 0.000000
vt 0.250000 -1.632634 0.000000
vt 0.250000 -3.881867 0.000000
vt -0.000000 -3.881867 0.000000
vt 0.250000 -3.888911 0.000000
vt -0.000000 -3.888911 0.000000
vt 0.250000 -3.895955 0.000000
vt -0.000000 -3.895955 0.000000
vt 0.250000 -3.902999 0.000000
vt -0.000000 -3.902999 0.000000
vt -0.250000 0.000000 0.000000
vt -0.000000 0.000000 0.000000
vt -0.250000 0.085601 0.000000
vt -0.000000 0.085601 0.000000
vt -0.250000 -0.000000 0.000000
vt -0.000000 -0.000000 0.000000
vt -0.250000 0.085601 0.000000
vt -0.000000 0.085601 0.000000
vt 0.250000 -1.657620 0.000000
vt -0.000000 -1.657620 0.000000
vt 0.250000 -1.664664 0.000000
vt -0.000000 -1.664664 0.000000
vt 0.250000 -1.671708 0.000000
vt -0.000000 -1.671708 0.000000
vt 0.250000 -1.678752 0.000000
vt -0.000000 -1.678752 0.000000
vt -0.000000 -3.782843 0.000000
vt 0.250000 -3.782843 0.000000
vt -0.000000 -3.774012 0.000000
vt 0.250000 -3.774012 0.000000
vt -0.000000 -3.765182 0.000000
vt 0.250000 -3.765182 0.000000
vt -0.000000 -3.756351 0.000000
vt 0.250000 -3.756351 0.000000
vt 0.250000 0.085601 0.000000
vt -0.000000 0.085601 0.000000
vt 0.250000 0.000000 0.000000
vt -0.000000 0.000000 0.000000
vt 0.250000 0.085601 0.000000
vt -0.000000 0.085601 0.000000
vt 0.250000 0.000000 0.000000
vt -0.000000 0.000000 0.000000
vt -0.000000 -1.552941 0.000000
vt 0.250000 -1.552941 0.000000
vt -0.000000 -1.544110 0.000000
vt 0.250000 -1.544110 0.000000
vt -0.000000 -1.535279 0.000000
vt 0.250000 -1.535279 0.000000
vt -0.000000 -1.526448 0.000000
vt 0.250000 -1.526448 0.000000
vt 0.250000 -3.993080 0.000000
vt -0.000000 -3.993080 0.000000
vt 0.250000 -4.000124 0.000000
vt -0.000000 -4.000124 0.000000
vt 0.250000 -4.007168 0.000000
vt -0.000000 -4.007168 0.000000
vt 0.250000 -4.014212 0.000000
vt -0.000000 -4.014212 0.000000
vt -0.250000 0.000000 0.000000
vt -0.000000 0.000000 0.000000
vt -0.250000 0.085601 0.000000
vt -0.000000 0.085601 0.000000
vt -0.250000 -0.000000 0.000000
vt 0.000000 -0.000000 0.000000
vt -0.250000 0.085601 0.000000
vt -0.000000 0.085601 0.000000
vt 0.250000 -1.546407 0.000000
vt -0.000000 -1.546407 0.000000
vt 0.250000 -1.553451 0.000000
vt -0.000000 -1.553451 0.000000
vt 0.250000 -1.560495 0.000000
vt -0.000000 -1.560495 0.000000
vt 0.250000 -1.567539 0.000000
vt -0.000000 -1.567539 0.000000
vt -0.000000 -3.889029 0.000000
vt 0.250000 -3.889029 0.000000
vt -0.000000 -3.880198 0.000000
vt 0.250000 -3.880198 0.000000
vt -0.000000 -3.871367 0.000000
vt 0.250000 -3.871367 0.000000
vt -0.000000 -3.862537 0.000000
vt 0.250000 -3.862537 0.000000
vt 0.250000 0.085601 0.000000
vt -0.000000 0.085601 0.000000
vt 0.250000 -0.000000 0.000000
vt -0.000000 -0.000000 0.000000
vt 0.250000 0.085601 0.000000
vt -0.000000 0.085601 0.000000
vt 0.250000 -0.000000 0.000000
vt -0.000000 -0.000000 0.000000
vt -0.000000 -1.446755 0.000000
vt 0.250000 -1.446755 0.000000
vt -0.000000 -1.437924 0.000000
vt 0.250000 -1.437924 0.000000
vt -0.000000 -1.429093 0.000000
vt 0.250000 -1.429093 0.000000
vt 0.250000 -1.420262 0.000000
vt -0.000000 -1.420262 0.000000
vt 0.250000 -4.104292 0.000000
vt -0.000000 -4.104292 0.000000
vt 0.250000 -4.111336 0.000000
vt -0.000000 -4.111336 0.000000
vt 0.250000 -4.118380 0.000000
vt -0.000000 -4.118380 0.000000
vt 0.250000 -4.125424 0.000000
vt -0.000000 -4.125424 0.000000
vt 0.250000 0.000000 0.000000
vt -0.000000 0.000000 0.000000
vt 0.250000 -0.085601 0.000000
vt -0.000000 -0.085601 0.000000
vt -0.250000 0.000000 0.000000
vt -0.000000 0.000000 0.000000
vt -0.250000 0.085601 0.000000
vt -0.000000 0.085601 0.000000
vt 0.250000 -1.435195 0.000000
vt -0.000000 -1.435195 0.000000
vt 0.250000 -1.442239 0.000000
vt -0.000000 -1.442239 0.000000
vt 0.250000 -1.449283 0.000000
vt -0.000000 -1.449283 0.000000
vt 0.250000 -1.456327 0.000000
vt -0.000000 -1.456327 0.000000
vt -0.000000 -3.995215 0.000000
vt 0.250000 -3.995215 0.000000
vt -0.000000 -3.986384 0.000000
vt 0.250000 -3.986384 0.000000
vt -0.000000 -3.977553 0.000000
vt 0.250000 -3.977553 0.000000
vt -0.000000 -3.968722 0.000000
vt 0.250000 -3.968722 0.000000
vt 0.250000 0.085601 0.000000
vt -0.000000 0.085601 0.000000
vt 0.250000 0.000000 0.000000
vt -0.000000 0.000000 0.000000
vt 0.250000 0.085601 0.000000
vt -0.000000 0.085601 0.000000
vt 0.250000 0.000000 0.000000
vt -0.000000 0.000000 0.000000
vt -0.000000 -1.340569 0.000000
vt 0.250000 -1.340569 0.000000
vt -0.000000 -1.331738 0.000000
vt 0.250000 -1.331738 0.000000
vt -0.000000 -1.322907 0.000000
vt 0.250000 -1.322907 0.000000
vt -0.000000 -1.314077 0.000000
vt 0.250000 -1.314077 0.000000
vt 0.250000 -4.215505 0.000000
vt -0.000000 -4.215505 0.000000
vt 0.250000 -4.222548 0.000000
vt -0.000000 -4.222548 0.000000
vt 0.250000 -4.229592 0.000000
vt -0.000000 -4.229592 0.000000
vt 0.250000 -4.236636 0.000000
vt -0.000000 -4.236636 0.000000
vt 0.250000 -0.000000 0.000000
vt -0.000000 -0.000000 0.000000
vt 0.250000 -0.085601 0.000000
vt -0.000000 -0.085601 0.000000
vt -0.250000 -0.000000 0.000000
vt 0.000000 -0.000000 0.000000
vt -0.250000 0.085601 0.000000
vt -0.000000 0.085601 0.000000
vt 0.250000 -1.323983 0.000000
vt -0.000000 -1.323983 0.000000
vt 0.250000 -1.331027 0.000000
vt -0.000000 -1.331027 0.000000
vt 0.250000 -1.338071 0.000000
vt -0.000000 -1.338071 0.000000
vt 0.250000 -1.345114 0.000000
vt -0.000000 -1.345114 0.000000
vt -0.000000 -4.101401 0.000000
vt 0.250000 -4.101401 0.000000
vt -0.000000 -4.092570 0.000000
vt 0.250000 -4.092570 0.000000
vt -0.000000 -4.083739 0.000000
vt 0.250000 -4.083739 0.000000
vt -0.000000 -4.074908 0.000000
vt 0.250000 -4.074908 0.000000
vt 0.250000 0.085601 0.000000
vt -0.000000 0.085601 0.000000
vt 0.250000 -0.000000 0.000000
vt -0.000000 -0.000000 0.000000
vt 0.250000 0.085601 0.000000
vt -0.000000 0.085601 0.000000
vt 0.250000 -0.000000 0.000000
vt -0.000000 -0.000000 0.000000
vt -0.000000 -1.234383 0.000000
vt 0.250000 -1.234383 0.000000
vt -0.000000 -1.225552 0.000000
vt 0.250000 -1.225552 0.000000
vt -0.000000 -1.216722 0.000000
vt 0.250000 -1.216722 0.000000
vt -0.000000 -1.207891 0.000000
vt 0.250000 -1.207891 0.000000
vt 0.250000 -4.326717 0.000000
vt -0.000000 -4.326717 0.000000
vt 0.250000 -4.333761 0.000000
vt -0.000000 -4.333761 0.000000
vt 0.250000 -4.340805 0.000000
vt -0.000000 -4.340805 0.000000
vt 0.250000 -4.347849 0.000000
vt -0.000000 -4.347849 0.000000
vt 0.250000 0.000000 0.000000
vt -0.000000 0.000000 0.000000
vt 0.250000 -0.085601 0.000000
vt -0.000000 -0.085601 0.000000
vt -0.250000 -0.000000 0.000000
vt 0.000000 -0.000000 0.000000
vt -0.250000 0.085601 0.000000
vt -0.000000 0.085601 0.000000
vt 0.250000 -1.212770 0.000000
vt -0.000000 -1.212770 0.000000
vt 0.250000 -1.219814 0.000000
vt -0.000000 -1.219814 0.000000
vt 0.250000 -1.226858 0.000000
vt -0.000000 -1.226858 0.000000
vt 0.250000 -1.233902 0.000000
vt -0.000000 -1.233902 0.000000
vt -0.000000 -4.207587 0.000000
vt 0.250000 -4.207587 0.000000
vt -0.000000 -4.198756 0.000000
vt 0.250000 -4.198756 0.000000
vt -0.000000 -4.189925 0.000000
vt 0.250000 -4.189925 0.000000
vt -0.000000 -4.181094 0.000000
vt 0.250000 -4.181094 0.000000
vt 0.250000 0.085601 0.000000
vt -0.000000 0.085601 0.000000
vt 0.250000 0.000000 0.000000
vt -0.000000 0.000000 0.000000
vt 0.250000 0.085601 0.000000
vt -0.000000 0.085601 0.000000
vt 0.250000 0.000000 0.000000
vt -0.000000 0.000000 0.000000
vt -0.000000 -1.128197 0.000000
vt 0.250000 -1.128197 0.000000
vt -0.000000 -1.119367 0.000000
vt 0.250000 -1.119367 0.000000
vt -0.000000 -1.110536 0.000000
vt 0.250000 -1.110536 0.000000
vt -0.000000 -1.101705 0.000000
vt 0.250000 -1.101705 0.000000
vt 0.250000 -4.437929 0.000000
vt -0.000000 -4.437929 0.000000
vt 0.250000 -4.444973 0.000000
vt -0.000000 -4.444973 0.000000
vt 0.250000 -4.452017 0.000000
vt -0.000000 -4.452017 0.000000
vt 0.250000 -4.459061 0.000000
vt -0.000000 -4.459061 0.000000
vt 0.250000 0.000000 0.000000
vt -0.000000 0.000000 0.000000
vt 0.250000 -0.085601 0.000000
vt -0.000000 -0.085601 0.000000
vt -0.250000 0.000000 0.000000
vt -0.000000 0.000000 0.000000
vt -0.250000 0.085601 0.000000
vt -0.000000 0.085601 0.000000
vt 0.250000 -1.101558 0.000000
vt -0.000000 -1.101558 0.000000
vt 0.250000 -1.108602 0.000000
vt -0.000000 -1.108602 0.000000
vt 0.250000 -1.115646 0.000000
vt -0.000000 -1.115646 0.000000
vt 0.250000 -1.122690 0.000000
vt -0.000000 -1.122690 0.000000
vt -0.000000 -4.313772 0.000000
vt 0.250000 -4.313772 0.000000
vt -0.000000 -4.304942 0.000000
vt 0.250000 -4.304942 0.000000
vt -0.000000 -4.296111 0.000000
vt 0.250000 -4.296111 0.000000
vt -0.000000 -4.287280 0.000000
vt 0.250000 -4.287280 0.000000
vt 0.250000 0.085601 0.000000
vt -0.000000 0.085601 0.000000
vt 0.250000 0.000000 0.000000
vt -0.000000 0.000000 0.000000
vt 0.250000 0.085601 0.000000
vt -0.000000 0.085601 0.000000
vt 0.250000 -0.000000 0.000000
vt -0.000000 -0.000000 0.000000
vt -0.000000 -1.022012 0.000000
vt 0.250000 -1.022012 0.000000
vt -0.000000 -1.013181 0.000000
vt 0.250000 -1.013181 0.000000
vt -0.000000 -1.004350 0.000000
vt 0.250000 -1.004350 0.000000
vt -0.000000 -0.995519 0.000000
vt 0.250000 -0.995519 0.000000
vt 0.250000 -4.549142 0.000000
vt -0.000000 -4.549142 0.000000
vt 0.250000 -4.556186 0.000000
vt -0.000000 -4.556186 0.000000
vt 0.250000 -4.563230 0.000000
vt -0.000000 -4.563230 0.000000
vt 0.250000 -4.570273 0.000000
vt -0.000000 -4.570273 0.000000
vt 0.250000 0.000000 0.000000
vt -0.000000 0.000000 0.000000
vt 0.250000 -0.085601 0.000000
vt -0.000000 -0.085601 0.000000
vt -0.250000 0.000000 0.000000
vt -0.000000 0.000000 0.000000
vt -0.250000 0.085601 0.000000
vt -0.000000 0.085601 0.000000
vt 0.250000 -0.990346 0.000000
vt -0.000000 -0.990346 0.000000
vt 0.250000 -0.997389 0.000000
vt -0.000000 -0.997389 0.000000
vt 0.250000 -1.004433 0.000000
vt -0.000000 -1.004433 0.000000
vt 0.250000 -1.011477 0.000000
vt -0.000000 -1.011477 0.000000
vt -0.000000 -4.419958 0.000000
vt 0.250000 -4.419958 0.000000
vt -0.000000 -4.411127 0.000000
vt 0.250000 -4.411127 0.000000
vt -0.000000 -4.402297 0.000000
vt 0.250000 -4.402297 0.000000
vt -0.000000 -4.393466 0.000000
vt 0.250000 -4.393466 0.000000
vt 0.250000 0.085601 0.000000
vt -0.000000 0.085601 0.000000
vt 0.250000 -0.000000 0.000000
vt -0.000000 -0.000000 0.000000
vt 0.250000 0.085601 0.000000
vt -0.000000 0.085601 0.000000
vt 0.250000 0.000000 0.000000
vt -0.000000 0.000000 0.000000
vt -0.000000 -0.915826 0.000000
vt 0.250000 -0.915826 0.000000
vt -0.000000 -0.906995 0.000000
vt 0.250000 -0.906995 0.000000
vt -0.000000 -0.898164 0.000000
vt 0.250000 -0.898164 0.000000
vt -0.000000 -0.889333 0.000000
vt 0.250000 -0.889333 0.000000
vt 0.250000 -4.660354 0.000000
vt -0.000000 -4.660354 0.000000
vt 0.250000 -4.667398 0.000000
vt -0.000000 -4.667398 0.000000
vt 0.250000 -4.674442 0.000000
vt -0.000000 -4.674442 0.000000
vt 0.250000 -4.681486 0.000000
vt -0.000000 -4.681486 0.000000
vt 0.250000 -0.000000 0.000000
vt -0.000000 -0.000000 0.000000
vt 0.250000 -0.085601 0.000000
vt -0.000000 -0.085601 0.000000
vt -0.250000 0.000000 0.000000
vt -0.000000 0.000000 0.000000
vt -0.250000 0.085601 0.000000
vt -0.000000 0.085601 0.000000
vt 0.250000 -0.879133 0.000000
vt -0.000000 -0.879133 0.000000
vt 0.250000 -0.886177 0.000000
vt -0.000000 -0.886177 0.000000
vt 0.250000 -0.893221 0.000000
vt -0.000000 -0.893221 0.000000
vt 0.250000 -0.900265 0.000000
vt -0.000000 -0.900265 0.000000
vt -0.000000 -4.526144 0.000000
vt 0.250000 -4.526144 0.000000
vt -0.000000 -4.517313 0.000000
vt 0.250000 -4.517313 0.000000
vt -0.000000 -4.508482 0.000000
vt 0.250000 -4.508482 0.000000
vt -0.000000 -4.499652 0.000000
vt 0.250000 -4.499652 0.000000
vt 0.250000 0.085601 0.000000
vt -0.000000 0.085601 0.000000
vt 0.250000 0.000000 0.000000
vt -0.000000 0.000000 0.000000
vt 0.250000 0.085601 0.000000
vt -0.000000 0.085601 0.000000
vt 0.250000 0.000000 0.000000
vt -0.000000 0.000000 0.000000
vt -0.000000 -0.809640 0.000000
vt 0.250000 -0.809640 0.000000
vt -0.000000 -0.800809 0.000000
vt 0.250000 -0.800809 0.000000
vt -0.000000 -0.791978 0.000000
vt 0.250000 -0.791978 0.000000
vt -0.000000 -0.783147 0.000000
vt 0.250000 -0.783147 0.000000
vt 0.250000 -4.771566 0.000000
vt -0.000000 -4.771566 0.000000
vt 0.250000 -4.778610 0.000000
vt -0.000000 -4.778610 0.000000
vt 0.250000 -4.785654 0.000000
vt -0.000000 -4.785654 0.000000
vt 0.250000 -4.792698 0.000000
vt -0.000000 -4.792698 0.000000
vt 0.250000 -0.000000 0.000000
vt -0.000000 -0.000000 0.000000
vt 0.250000 -0.085601 0.000000
vt -0.000000 -0.085601 0.000000
vt -0.250000 0.000000 0.000000
vt -0.000000 0.000000 0.000000
vt -0.250000 0.085601 0.000000
vt -0.000000 0.085601 0.000000
vt 0.250000 -0.767921 0.000000
vt -0.000000 -0.767921 0.000000
vt 0.250000 -0.774965 0.000000
vt -0.000000 -0.774965 0.000000
vt 0.250000 -0.782009 0.000000
vt -0.000000 -0.782009 0.000000
vt 0.250000 -0.789053 0.000000
vt -0.000000 -0.789053 0.000000
vt -0.000000 -4.632330 0.000000
vt 0.250000 -4.632330 0.000000
vt -0.000000 -4.623499 0.000000
vt 0.250000 -4.623499 0.000000
vt -0.000000 -4.614668 0.000000
vt 0.250000 -4.614668 0.000000
vt -0.000000 -4.605837 0.000000
vt 0.250000 -4.605837 0.000000
vt 0.250000 0.085601 0.000000
vt -0.000000 0.085601 0.000000
vt 0.250000 0.000000 0.000000
vt -0.000000 0.000000 0.000000
vt 0.250000 0.085601 0.000000
vt -0.000000 0.085601 0.000000
vt 0.250000 -0.000000 0.000000
vt -0.000000 -0.000000 0.000000
vt -0.000000 -0.703454 0.000000
vt 0.250000 -0.703454 0.000000
vt -0.000000 -0.694623 0.000000
vt 0.250000 -0.694623 0.000000
vt -0.000000 -0.685792 0.000000
vt 0.250000 -0.685792 0.000000
vt -0.000000 -0.676962 0.000000
vt 0.250000 -0.676962 0.000000
vt 0.250000 -4.882779 0.000000
vt -0.000000 -4.882779 0.000000
vt 0.250000 -4.889823 0.000000
vt -0.000000 -4.889823 0.000000
vt 0.250000 -4.896867 0.000000
vt -0.000000 -4.896867 0.000000
vt 0.250000 -4.903911 0.000000
vt -0.000000 -4.903911 0.000000
vt 0.250000 0.000000 0.000000
vt -0.000000 0.000000 0.000000
vt 0.250000 -0.085601 0.000000
vt -0.000000 -0.085601 0.000000
vt -0.250000 0.000000 0.000000
vt -0.000000 0.000000 0.000000
vt -0.250000 0.085601 0.000000
vt -0.000000 0.085601 0.000000
vt 0.250000 -0.656708 0.000000
vt -0.000000 -0.656708 0.000000
vt 0.250000 -0.663752 0.000000
vt -0.000000 -0.663752 0.000000
vt 0.250000 -0.670796 0.000000
vt -0.000000 -0.670796 0.000000
vt 0.250000 -0.677840 0.000000
vt -0.000000 -0.677840 0.000000
vt -0.000000 -4.738516 0.000000
vt 0.250000 -4.738516 0.000000
vt -0.000000 -4.729685 0.000000
vt 0.250000 -4.729685 0.000000
vt -0.000000 -4.720854 0.000000
vt 0.250000 -4.720854 0.000000
vt -0.000000 -4.712023 0.000000
vt 0.250000 -4.712023 0.000000
vt 0.250000 0.085601 0.000000
vt -0.000000 0.085601 0.000000
vt 0.250000 0.000000 0.000000
vt -0.000000 0.000000 0.000000
vt 0.250000 0.085601 0.000000
vt -0.000000 0.085601 0.000000
vt 0.250000 0.000000 0.000000
vt -0.000000 0.000000 0.000000
vt -0.000000 -0.597268 0.000000
vt 0.250000 -0.597268 0.000000
vt -0.000000 -0.588437 0.000000
vt 0.250000 -0.588437 0.000000
vt -0.000000 -0.579607 0.000000
vt 0.250000 -0.579607 0.000000
vt -0.000000 -0.570776 0.000000
vt 0.250000 -0.570776 0.000000
vt 0.250000 -4.993991 0.000000
vt -0.000000 -4.993991 0.000000
vt 0.250000 -5.001035 0.000000
vt -0.000000 -5.001035 0.000000
vt 0.250000 -5.008079 0.000000
vt -0.000000 -5.008079 0.000000
vt 0.250000 -5.015123 0.000000
vt -0.000000 -5.015123 0.000000
vt 0.250000 -0.000000 0.000000
vt -0.000000 -0.000000 0.000000
vt 0.250000 -0.085601 0.000000
vt -0.000000 -0.085601 0.000000
vt -0.250000 -0.000000 0.000000
vt -0.000000 -0.000000 0.000000
vt -0.250000 0.085601 0.000000
vt -0.000000 0.085601 0.000000
vt 0.250000 -0.545496 0.000000
vt -0.000000 -0.545496 0.000000
vt 0.250000 -0.552540 0.000000
vt -0.000000 -0.552540 0.000000
vt 0.250000 -0.559584 0.000000
vt -0.000000 -0.559584 0.000000
vt 0.250000 -0.566628 0.000000
vt -0.000000 -0.566628 0.000000
vt -0.000000 -4.844702 0.000000
vt 0.250000 -4.844702 0.000000
vt -0.000000 -4.835871 0.000000
vt 0.250000 -4.835871 0.000000
vt -0.000000 -4.827040 0.000000
vt 0.250000 -4.827040 0.000000
vt -0.000000 -4.818209 0.000000
vt 0.250000 -4.818209 0.000000
vt 0.250000 0.085601 0.000000
vt -0.000000 0.085601 0.000000
vt 0.250000 -0.000000 0.000000
vt -0.000000 -0.000000 0.000000
vt 0.250000 0.085601 0.000000
vt -0.000000 0.085601 0.000000
vt 0.250000 0.000000 0.000000
vt -0.000000 0.000000 0.000000
vt -0.000000 -0.491083 0.000000
vt 0.250000 -0.491083 0.000000
vt -0.000000 -0.482252 0.000000
vt 0.250000 -0.482252 0.000000
vt -0.000000 -0.473421 0.000000
vt 0.250000 -0.473421 0.000000
vt -0.000000 -0.464590 0.000000
vt 0.250000 -0.464590 0.000000
vt 0.250000 -5.105204 0.000000
vt -0.000000 -5.105204 0.000000
vt 0.250000 -5.112248 0.000000
vt -0.000000 -5.112248 0.000000
vt 0.250000 -5.119291 0.000000
vt -0.000000 -5.119291 0.000000
vt 0.250000 -5.126335 0.000000
vt -0.000000 -5.126335 0.000000
vt 0.250000 0.000000 0.000000
vt -0.000000 0.000000 0.000000
vt 0.250000 -0.085601 0.000000
vt -0.000000 -0.085601 0.000000
vt -0.250000 0.000000 0.000000
vt -0.000000 0.000000 0.000000
vt -0.250000 0.085601 0.000000
vt -0.000000 0.085601 0.000000
vt 0.250000 -0.434284 0.000000
vt -0.000000 -0.434284 0.000000
vt 0.250000 -0.441328 0.000000
vt -0.000000 -0.441328 0.000000
vt 0.250000 -0.448371 0.000000
vt -0.000000 -0.448371 0.000000
vt 0.250000 -0.455415 0.000000
vt -0.000000 -0.455415 0.000000
vt -0.000000 -4.950887 0.000000
vt 0.250000 -4.950887 0.000000
vt -0.000000 -4.942057 0.000000
vt 0.250000 -4.942057 0.000000
vt -0.000000 -4.933226 0.000000
vt 0.250000 -4.933226 0.000000
vt -0.000000 -4.924395 0.000000
vt 0.250000 -4.924395 0.000000
vt 0.250000 0.085601 0.000000
vt -0.000000 0.085601 0.000000
vt 0.250000 0.000000 0.000000
vt -0.000000 0.000000 0.000000
vt 0.250000 0.085601 0.000000
vt -0.000000 0.085601 0.000000
vt 0.250000 0.000000 0.000000
vt -0.000000 0.000000 0.000000
vt -0.000000 -0.384897 0.000000
vt 0.250000 -0.384897 0.000000
vt -0.000000 -0.376066 0.000000
vt 0.250000 -0.376066 0.000000
vt -0.000000 -0.367235 0.000000
vt 0.250000 -0.367235 0.000000
vt -0.000000 -0.358404 0.000000
vt 0.250000 -0.358404 0.000000
vt 0.250000 -5.216416 0.000000
vt -0.000000 -5.216416 0.000000
vt 0.250000 -5.223460 0.000000
vt -0.000000 -5.223460 0.000000
vt 0.250000 -5.230504 0.000000
vt -0.000000 -5.230504 0.000000
vt 0.250000 -5.237548 0.000000
vt -0.000000 -5.237548 0.000000
vt 0.250000 -0.000000 0.000000
vt -0.000000 -0.000000 0.000000
vt 0.250000 -0.085601 0.000000
vt -0.000000 -0.085601 0.000000
vt -0.250000 0.000000 0.000000
vt -0.000000 0.000000 0.000000
vt -0.250000 0.085601 0.000000
vt -0.000000 0.085601 0.000000
vt 0.250000 -0.323071 0.000000
vt -0.000000 -0.323071 0.000000
vt 0.250000 -0.330115 0.000000
vt -0.000000 -0.330115 0.000000
vt 0.250000 -0.337159 0.000000
vt -0.000000 -0.337159 0.000000
vt 0.250000 -0.344203 0.000000
vt -0.000000 -0.344203 0.000000
vt -0.000000 -5.057073 0.000000
vt 0.250000 -5.057073 0.000000
vt -0.000000 -5.048242 0.000000
vt 0.250000 -5.048242 0.000000
vt -0.000000 -5.039412 0.000000
vt 0.250000 -5.039412 0.000000
vt -0.000000 -5.030581 0.000000
vt 0.250000 -5.030581 0.000000
vt 0.250000 0.085601 0.000000
vt -0.000000 0.085601 0.000000
vt 0.250000 0.000000 0.000000
vt -0.000000 0.000000 0.000000
vt 0.250000 0.085601 0.000000
vt -0.000000 0.085601 0.000000
vt 0.250000 0.000000 0.000000
vt -0.000000 0.000000 0.000000
vt -0.000000 -0.278711 0.000000
vt 0.250000 -0.278711 0.000000
vt -0.000000 -0.269880 0.000000
vt 0.250000 -0.269880 0.000000
vt -0.000000 -0.261049 0.000000
vt 0.250000 -0.261049 0.000000
vt -0.000000 -0.252218 0.000000
vt 0.250000 -0.252218 0.000000
vt 0.250000 -5.327628 0.000000
vt -0.000000 -5.327628 0.000000
vt 0.250000 -5.334672 0.000000
vt -0.000000 -5.334672 0.000000
vt 0.250000 -5.341716 0.000000
vt -0.000000 -5.341716 0.000000
vt 0.250000 -5.348760 0.000000
vt -0.000000 -5.348760 0.000000
vt 0.250000 -0.000000 0.000000
vt -0.000000 -0.000000 0.000000
vt 0.250000 -0.085601 0.000000
vt -0.000000 -0.085601 0.000000
vt -0.250000 0.000000 0.000000
vt -0.000000 0.000000 0.000000
vt -0.250000 0.085601 0.000000
vt -0.000000 0.085601 0.000000
vt 0.250000 -0.211859 0.000000
vt -0.000000 -0.211859 0.000000
vt 0.250000 -0.218903 0.000000
vt -0.000000 -0.218903 0.000000
vt 0.250000 -0.225947 0.000000
vt -0.000000 -0.225947 0.000000
vt 0.250000 -0.232991 0.000000
vt -0.000000 -0.232991 0.000000
vt -0.000000 -5.163259 0.000000
vt 0.250000 -5.163259 0.000000
vt -0.000000 -5.154428 0.000000
vt 0.250000 -5.154428 0.000000
vt -0.000000 -5.145597 0.000000
vt 0.250000 -5.145597 0.000000
vt -0.000000 -5.136767 0.000000
vt 0.250000 -5.136767 0.000000
vt -0.250000 -0.085601 0.000000
vt 0.000000 -0.085601 0.000000
vt -0.250000 -0.000000 0.000000
vt 0.000000 -0.000000 0.000000
vt 0.250000 0.085601 0.000000
vt -0.000000 0.085601 0.000000
vt 0.250000 0.000000 0.000000
vt -0.000000 0.000000 0.000000
vt -0.000000 -0.172525 0.000000
vt 0.250000 -0.172525 0.000000
vt -0.000000 -0.163694 0.000000
vt 0.250000 -0.163694 0.000000
vt -0.000000 -0.154863 0.000000
vt 0.250000 -0.154863 0.000000
vt -0.000000 -0.146032 0.000000
vt 0.250000 -0.146032 0.000000
vt 0.250000 -5.438841 0.000000
vt -0.000000 -5.438841 0.000000
vt 0.250000 -5.445885 0.000000
vt -0.000000 -5.445885 0.000000
vt 0.250000 -5.452929 0.000000
vt -0.000000 -5.452929 0.000000
vt 0.250000 -5.459973 0.000000
vt -0.000000 -5.459973 0.000000
vt 0.250000 -0.000000 0.000000
vt -0.000000 -0.000000 0.000000
vt 0.250000 -0.085601 0.000000
vt -0.000000 -0.085601 0.000000
vt -0.250000 -0.000000 0.000000
vt 0.000000 -0.000000 0.000000
vt -0.250000 0.085601 0.000000
vt -0.000000 0.085601 0.000000
vt 0.250000 -0.100646 0.000000
vt -0.000000 -0.100646 0.000000
vt 0.250000 -0.107690 0.000000
vt -0.000000 -0.107690 0.000000
vt 0.250000 -0.114734 0.000000
vt -0.000000 -0.114734 0.000000
vt 0.250000 -0.121778 0.000000
vt -0.000000 -0.121778 0.000000
vt -0.000000 -5.269445 0.000000
vt 0.250000 -5.269445 0.000000
vt -0.000000 -5.260614 0.000000
vt 0.250000 -5.260614 0.000000
vt -0.000000 -5.251783 0.000000
vt 0.250000 -5.251783 0.000000
vt -0.000000 -5.242952 0.000000
vt 0.250000 -5.242952 0.000000
vt -0.250000 -0.085601 0.000000
vt 0.000000 -0.085601 0.000000
vt -0.250000 0.000000 0.000000
vt -0.000000 0.000000 0.000000
vt 0.250000 0.085601 0.000000
vt -0.000000 0.085601 0.000000
vt 0.250000 0.000000 0.000000
vt -0.000000 0.000000 0.000000
vt -0.000000 -0.066339 0.000000
vt 0.250000 -0.066339 0.000000
vt -0.000000 -0.057508 0.000000
vt 0.250000 -0.057508 0.000000
vt -0.000000 -0.048677 0.000000
vt 0.250000 -0.048677 0.000000
vt -0.000000 -0.039847 0.000000
vt 0.250000 -0.039847 0.000000
vt 0.250000 -5.550053 0.000000
vt -0.000000 -5.550053 0.000000
vt 0.250000 -5.557097 0.000000
vt 0.000000 -5.557097 0.000000
vt 0.000000 -5.564141 0.000000
vt -0.000000 5.550053 0.000000
vt 0.250000 5.550053 0.000000
vt -0.000000 5.557097 0.000000
vt 0.250000 5.557097 0.000000
vt 0.250000 -5.564141 0.000000
vt 0.250000 -0.000000 0.000000
vt -0.000000 -0.000000 0.000000
vt 0.250000 -0.085601 0.000000
vt -0.000000 -0.085601 0.000000
vt -0.250000 0.000000 0.000000
vt -0.000000 0.000000 0.000000
vt -0.250000 0.085601 0.000000
vt -0.000000 0.085601 0.000000
vt 0.250000 0.010566 0.000000
vt -0.000000 0.010566 0.000000
vt 0.250000 0.003522 0.000000
vt -0.000000 0.003522 0.000000
vt -0.000000 -0.003522 0.000000
vt -0.000000 -0.010566 0.000000
vt 0.250000 -0.010566 0.000000
vt 0.250000 -0.003522 0.000000
vt -0.000000 5.242952 0.000000
vt 0.250000 5.242952 0.000000
vt -0.000000 5.251783 0.000000
vt 0.250000 5.251783 0.000000
vt -0.000000 5.260614 0.000000
vt 0.250000 5.260614 0.000000
vt -0.000000 5.269445 0.000000
vt 0.250000 5.269445 0.000000
vt -0.250000 -0.085601 0.000000
vt 0.000000 -0.085601 0.000000
vt -0.250000 -0.000000 0.000000
vt 0.000000 -0.000000 0.000000
vt 0.250000 0.085601 0.000000
vt -0.000000 0.085601 0.000000
vt 0.250000 -0.000000 0.000000
vt -0.000000 -0.000000 0.000000
vt -0.000000 0.039847 0.000000
vt 0.250000 0.039847 0.000000
vt -0.000000 0.048677 0.000000
vt 0.250000 0.048677 0.000000
vt -0.000000 0.057508 0.000000
vt 0.250000 0.057508 0.000000
vt -0.000000 0.066339 0.000000
vt 0.250000 0.066339 0.000000
vt 0.250000 5.459973 0.000000
vt -0.000000 5.459973 0.000000
vt 0.250000 5.452929 0.000000
vt -0.000000 5.452929 0.000000
vt 0.250000 5.445885 0.000000
vt -0.000000 5.445885 0.000000
vt 0.250000 5.438841 0.000000
vt -0.000000 5.438841 0.000000
vt 0.250000 0.000000 0.000000
vt -0.000000 0.000000 0.000000
vt 0.250000 -0.085601 0.000000
vt -0.000000 -0.085601 0.000000
vt -0.250000 0.000000 0.000000
vt -0.000000 0.000000 0.000000
vt -0.250000 0.085601 0.000000
vt -0.000000 0.085601 0.000000
vt 0.250000 0.121778 0.000000
vt -0.000000 0.121778 0.000000
vt 0.250000 0.114734 0.000000
vt -0.000000 0.114734 0.000000
vt 0.250000 0.107690 0.000000
vt -0.000000 0.107690 0.000000
vt 0.250000 0.100646 0.000000
vt -0.000000 0.100646 0.000000
vt -0.000000 5.136767 0.000000
vt 0.250000 5.136767 0.000000
vt -0.000000 5.145597 0.000000
vt 0.250000 5.145597 0.000000
vt -0.000000 5.154428 0.000000
vt 0.250000 5.154428 0.000000
vt -0.000000 5.163259 0.000000
vt 0.250000 5.163259 0.000000
vt -0.250000 -0.085601 0.000000
vt 0.000000 -0.085601 0.000000
vt -0.250000 -0.000000 0.000000
vt 0.000000 -0.000000 0.000000
vt 0.250000 0.085601 0.000000
vt -0.000000 0.085601 0.000000
vt 0.250000 0.000000 0.000000
vt -0.000000 0.000000 0.000000
vt -0.000000 0.146032 0.000000
vt 0.250000 0.146032 0.000000
vt -0.000000 0.154863 0.000000
vt 0.250000 0.154863 0.000000
vt -0.000000 0.163694 0.000000
vt 0.250000 0.163694 0.000000
vt -0.000000 0.172525 0.000000
vt 0.250000 0.172525 0.000000
vt 0.250000 5.348760 0.000000
vt -0.000000 5.348760 0.000000
vt 0.250000 5.341716 0.000000
vt -0.000000 5.341716 0.000000
vt 0.250000 5.334672 0.000000
vt -0.000000 5.334672 0.000000
vt 0.250000 5.327628 0.000000
vt -0.000000 5.327628 0.000000
vt 0.250000 -0.000000 0.000000
vt -0.000000 -0.000000 0.000000
vt 0.250000 -0.085601 0.000000
vt -0.000000 -0.085601 0.000000
vt -0.250000 0.000000 0.000000
vt -0.000000 0.000000 0.000000
vt -0.250000 0.085601 0.000000
vt -0.000000 0.085601 0.000000
vt 0.250000 0.232991 0.000000
vt -0.000000 0.232991 0.000000
vt 0.250000 0.225947 0.000000
vt -0.000000 0.225947 0.000000
vt 0.250000 0.218903 0.000000
vt -0.000000 0.218903 0.000000
vt 0.250000 0.211859 0.000000
vt -0.000000 0.211859 0.000000
vt -0.000000 5.030581 0.000000
vt 0.250000 5.030581 0.000000
vt -0.000000 5.039412 0.000000
vt 0.250000 5.039412 0.000000
vt -0.000000 5.048242 0.000000
vt 0.250000 5.048242 0.000000
vt -0.000000 5.057073 0.000000
vt 0.250000 5.057073 0.000000
vt -0.250000 -0.085601 0.000000
vt 0.000000 -0.085601 0.000000
vt -0.250000 -0.000000 0.000000
vt 0.000000 -0.000000 0.000000
vt -0.250000 -0.085601 0.000000
vt -0.000000 -0.085601 0.000000
vt -0.250000 -0.000000 0.000000
vt -0.000000 -0.000000 0.000000
vt -0.000000 0.252218 0.000000
vt 0.250000 0.252218 0.000000
vt -0.000000 0.261049 0.000000
vt 0.250000 0.261049 0.000000
vt -0.000000 0.269880 0.000000
vt 0.250000 0.269880 0.000000
vt -0.000000 0.278711 0.000000
vt 0.250000 0.278711 0.000000
vt 0.250000 5.237548 0.000000
vt -0.000000 5.237548 0.000000
vt 0.250000 5.230504 0.000000
vt -0.000000 5.230504 0.000000
vt 0.250000 5.223460 0.000000
vt -0.000000 5.223460 0.000000
vt 0.250000 5.216416 0.000000
vt -0.000000 5.216416 0.000000
vt 0.250000 -0.000000 0.000000
vt -0.000000 -0.000000 0.000000
vt 0.250000 -0.085601 0.000000
vt -0.000000 -0.085601 0.000000
vt -0.250000 0.000000 0.000000
vt -0.000000 0.000000 0.000000
vt -0.250000 0.085601 0.000000
vt -0.000000 0.085601 0.000000
vt 0.250000 0.344203 0.000000
vt -0.000000 0.344203 0.000000
vt 0.250000 0.337159 0.000000
vt -0.000000 0.337159 0.000000
vt 0.250000 0.330115 0.000000
vt -0.000000 0.330115 0.000000
vt 0.250000 0.323071 0.000000
vt -0.000000 0.323071 0.000000
vt -0.000000 4.924395 0.000000
vt 0.250000 4.924395 0.000000
vt -0.000000 4.933226 0.000000
vt 0.250000 4.933226 0.000000
vt -0.000000 4.942057 0.000000
vt 0.250000 4.942057 0.000000
vt -0.000000 4.950887 0.000000
vt 0.250000 4.950887 0.000000
vt -0.250000 -0.085601 0.000000
vt 0.000000 -0.085601 0.000000
vt -0.250000 0.000000 0.000000
vt -0.000000 0.000000 0.000000
vt -0.250000 -0.085601 0.000000
vt -0.000000 -0.085601 0.000000
vt -0.250000 -0.000000 0.000000
vt -0.000000 -0.000000 0.000000
vt -0.000000 0.358404 0.000000
vt 0.250000 0.358404 0.000000
vt -0.000000 0.367235 0.000000
vt 0.250000 0.367235 0.000000
vt -0.000000 0.376066 0.000000
vt 0.250000 0.376066 0.000000
vt -0.000000 0.384897 0.000000
vt 0.250000 0.384897 0.000000
vt 0.250000 5.126335 0.000000
vt -0.000000 5.126335 0.000000
vt 0.250000 5.119291 0.000000
vt -0.000000 5.119291 0.000000
vt 0.250000 5.112248 0.000000
vt -0.000000 5.112248 0.000000
vt 0.250000 5.105204 0.000000
vt -0.000000 5.105204 0.000000
vt 0.250000 -0.000000 0.000000
vt -0.000000 -0.000000 0.000000
vt 0.250000 -0.085601 0.000000
vt -0.000000 -0.085601 0.000000
vt -0.250000 -0.000000 0.000000
vt -0.000000 -0.000000 0.000000
vt -0.250000 0.085601 0.000000
vt -0.000000 0.085601 0.000000
vt 0.250000 0.455415 0.000000
vt -0.000000 0.455415 0.000000
vt 0.250000 0.448371 0.000000
vt -0.000000 0.448371 0.000000
vt 0.250000 0.441328 0.000000
vt -0.000000 0.441328 0.000000
vt 0.250000 0.434284 0.000000
vt -0.000000 0.434284 0.000000
vt -0.000000 4.818209 0.000000
vt 0.250000 4.818209 0.000000
vt -0.000000 4.827040 0.000000
vt 0.250000 4.827040 0.000000
vt -0.000000 4.835871 0.000000
vt 0.250000 4.835871 0.000000
vt -0.000000 4.844702 0.000000
vt 0.250000 4.844702 0.000000
vt -0.250000 -0.085601 0.000000
vt 0.000000 -0.085601 0.000000
vt -0.250000 0.000000 0.000000
vt -0.000000 0.000000 0.000000
vt -0.250000 -0.085601 0.000000
vt -0.000000 -0.085601 0.000000
vt -0.250000 0.000000 0.000000
vt -0.000000 0.000000 0.000000
vt -0.000000 0.464590 0.000000
vt 0.250000 0.464590 0.000000
vt -0.000000 0.473421 0.000000
vt 0.250000 0.473421 0.000000
vt -0.000000 0.482252 0.000000
vt 0.250000 0.482252 0.000000
vt -0.000000 0.491083 0.000000
vt 0.250000 0.491083 0.000000
vt 0.250000 5.015123 0.000000
vt -0.000000 5.015123 0.000000
vt 0.250000 5.008079 0.000000
vt -0.000000 5.008079 0.000000
vt 0.250000 5.001035 0.000000
vt -0.000000 5.001035 0.000000
vt 0.250000 4.993991 0.000000
vt -0.000000 4.993991 0.000000
vt 0.250000 0.000000 0.000000
vt -0.000000 0.000000 0.000000
vt 0.250000 -0.085601 0.000000
vt -0.000000 -0.085601 0.000000
vt -0.250000 0.000000 0.000000
vt -0.000000 0.000000 0.000000
vt -0.250000 0.085601 0.000000
vt -0.000000 0.085601 0.000000
vt 0.250000 0.566628 0.000000
vt -0.000000 0.566628 0.000000
vt 0.250000 0.559584 0.000000
vt -0.000000 0.559584 0.000000
vt 0.250000 0.552540 0.000000
vt -0.000000 0.552540 0.000000
vt 0.250000 0.545496 0.000000
vt -0.000000 0.545496 0.000000
vt -0.000000 4.712023 0.000000
vt 0.250000 4.712023 0.000000
vt -0.000000 4.720854 0.000000
vt 0.250000 4.720854 0.000000
vt -0.000000 4.729685 0.000000
vt 0.250000 4.729685 0.000000
vt -0.000000 4.738516 0.000000
vt 0.250000 4.738516 0.000000
vt -0.250000 -0.085601 0.000000
vt 0.000000 -0.085601 0.000000
vt -0.250000 -0.000000 0.000000
vt 0.000000 -0.000000 0.000000
vt -0.250000 -0.085601 0.000000
vt -0.000000 -0.085601 0.000000
vt -0.250000 -0.000000 0.000000
vt -0.000000 -0.000000 0.000000
vt -0.000000 0.570776 0.000000
vt 0.250000 0.570776 0.000000
vt -0.000000 0.579607 0.000000
vt 0.250000 0.579607 0.000000
vt -0.000000 0.588437 0.000000
vt 0.250000 0.588437 0.000000
vt -0.000000 0.597268 0.000000
vt 0.250000 0.597268 0.000000
vt 0.250000 4.903911 0.000000
vt -0.000000 4.903911 0.000000
vt 0.250000 4.896867 0.000000
vt -0.000000 4.896867 0.000000
vt 0.250000 4.889823 0.000000
vt -0.000000 4.889823 0.000000
vt 0.250000 4.882779 0.000000
vt -0.000000 4.882779 0.000000
vt 0.250000 -0.000000 0.000000
vt -0.000000 -0.000000 0.000000
vt 0.250000 -0.085601 0.000000
vt -0.000000 -0.085601 0.000000
vt -0.250000 -0.000000 0.000000
vt 0.000000 -0.000000 0.000000
vt -0.250000 0.085601 0.000000
vt -0.000000 0.085601 0.000000
vt 0.250000 0.677840 0.000000
vt -0.000000 0.677840 0.000000
vt 0.250000 0.670796 0.000000
vt -0.000000 0.670796 0.000000
vt 0.250000 0.663752 0.000000
vt -0.000000 0.663752 0.000000
vt 0.250000 0.656708 0.000000
vt -0.000000 0.656708 0.000000
vt -0.000000 4.605837 0.000000
vt 0.250000 4.605837 0.000000
vt -0.000000 4.614668 0.000000
vt 0.250000 4.614668 0.000000
vt -0.000000 4.623499 0.000000
vt 0.250000 4.623499 0.000000
vt -0.000000 4.632330 0.000000
vt 0.250000 4.632330 0.000000
vt -0.250000 -0.085601 0.000000
vt 0.000000 -0.085601 0.000000
vt -0.250000 0.000000 0.000000
vt -0.000000 0.000000 0.000000
vt -0.250000 -0.085601 0.000000
vt -0.000000 -0.085601 0.000000
vt -0.250000 -0.000000 0.000000
vt -0.000000 -0.000000 0.000000
vt -0.000000 0.676962 0.000000
vt 0.250000 0.676962 0.000000
vt -0.000000 0.685792 0.000000
vt 0.250000 0.685792 0.000000
vt -0.000000 0.694623 0.000000
vt 0.250000 0.694623 0.000000
vt -0.000000 0.703454 0.000000
vt 0.250000 0.703454 0.000000
vt 0.250000 4.792698 0.000000
vt -0.000000 4.792698 0.000000
vt 0.250000 4.785654 0.000000
vt -0.000000 4.785654 0.000000
vt 0.250000 4.778610 0.000000
vt -0.000000 4.778610 0.000000
vt 0.250000 4.771566 0.000000
vt -0.000000 4.771566 0.000000
vt 0.250000 -0.000000 0.000000
vt -0.000000 -0.000000 0.000000
vt 0.250000 -0.085601 0.000000
vt -0.000000 -0.085601 0.000000
vt -0.250000 0.000000 0.000000
vt -0.000000 0.000000 0.000000
vt -0.250000 0.085601 0.000000
vt -0.000000 0.085601 0.000000
vt 0.250000 0.789053 0.000000
vt -0.000000 0.789053 0.000000
vt 0.250000 0.782009 0.000000
vt -0.000000 0.782009 0.000000
vt 0.250000 0.774965 0.000000
vt -0.000000 0.774965 0.000000
vt 0.250000 0.767921 0.000000
vt -0.000000 0.767921 0.000000
vt -0.000000 4.499652 0.000000
vt 0.250000 4.499652 0.000000
vt -0.000000 4.508482 0.000000
vt 0.250000 4.508482 0.000000
vt -0.000000 4.517313 0.000000
vt 0.250000 4.517313 0.000000
vt -0.000000 4.526144 0.000000
vt 0.250000 4.526144 0.000000
vt -0.250000 -0.085601 0.000000
vt 0.000000 -0.085601 0.000000
vt -0.250000 -0.000000 0.000000
vt 0.000000 -0.000000 0.000000
vt -0.250000 -0.085601 0.000000
vt -0.000000 -0.085601 0.000000
vt -0.250000 -0.000000 0.000000
vt -0.000000 -0.000000 0.000000
vt -0.000000 0.783147 0.000000
vt 0.250000 0.783147 0.000000
vt -0.000000 0.791978 0.000000
vt 0.250000 0.791978 0.000000
vt -0.000000 0.800809 0.000000
vt 0.250000 0.800809 0.000000
vt -0.000000 0.809640 0.000000
vt 0.250000 0.809640 0.000000
vt 0.250000 4.681486 0.000000
vt -0.000000 4.681486 0.000000
vt 0.250000 4.674442 0.000000
vt -0.000000 4.674442 0.000000
vt 0.250000 4.667398 0.000000
vt -0.000000 4.667398 0.000000
vt 0.250000 4.660354 0.000000
vt -0.000000 4.660354 0.000000
vt 0.250000 -0.000000 0.000000
vt -0.000000 -0.000000 0.000000
vt 0.250000 -0.085601 0.000000
vt -0.000000 -0.085601 0.000000
vt -0.250000 -0.000000 0.000000
vt 0.000000 -0.000000 0.000000
vt -0.250000 0.085601 0.000000
vt -0.000000 0.085601 0.000000
vt 0.250000 0.900265 0.000000
vt -0.000000 0.900265 0.000000
vt 0.250000 0.893221 0.000000
vt -0.000000 0.893221 0.000000
vt 0.250000 0.886177 0.000000
vt -0.000000 0.886177 0.000000
vt 0.250000 0.879133 0.000000
vt -0.000000 0.879133 0.000000
vt -0.000000 4.393466 0.000000
vt 0.250000 4.393466 0.000000
vt -0.000000 4.402297 0.000000
vt 0.250000 4.402297 0.000000
vt -0.000000 4.411127 0.000000
vt 0.250000 4.411127 0.000000
vt -0.000000 4.419958 0.000000
vt 0.250000 4.419958 0.000000
vt -0.250000 -0.085601 0.000000
vt 0.000000 -0.085601 0.000000
vt -0.250000 0.000000 0.000000
vt -0.000000 0.000000 0.000000
vt -0.250000 -0.085601 0.000000
vt -0.000000 -0.085601 0.000000
vt -0.250000 0.000000 0.000000
vt -0.000000 0.000000 0.000000
vt -0.000000 0.889333 0.000000
vt 0.250000 0.889333 0.000000
vt -0.000000 0.898164 0.000000
vt 0.250000 0.898164 0.000000
vt -0.000000 0.906995 0.000000
vt 0.250000 0.906995 0.000000
vt -0.000000 0.915826 0.000000
vt 0.250000 0.915826 0.000000
vt 0.250000 4.570273 0.000000
vt -0.000000 4.570273 0.000000
vt 0.250000 4.563230 0.000000
vt -0.000000 4.563230 0.000000
vt 0.250000 4.556186 0.000000
vt -0.000000 4.556186 0.000000
vt 0.250000 4.549142 0.000000
vt -0.000000 4.549142 0.000000
vt 0.250000 0.000000 0.000000
vt -0.000000 0.000000 0.000000
vt 0.250000 -0.085601 0.000000
vt -0.000000 -0.085601 0.000000
vt -0.250000 -0.000000 0.000000
vt 0.000000 -0.000000 0.000000
vt -0.250000 0.085601 0.000000
vt -0.000000 0.085601 0.000000
vt 0.250000 1.011477 0.000000
vt -0.000000 1.011477 0.000000
vt 0.250000 1.004433 0.000000
vt -0.000000 1.004433 0.000000
vt 0.250000 0.997389 0.000000
vt -0.000000 0.997389 0.000000
vt 0.250000 0.990346 0.000000
vt -0.000000 0.990346 0.000000
vt -0.000000 4.287280 0.000000
vt 0.250000 4.287280 0.000000
vt -0.000000 4.296111 0.000000
vt 0.250000 4.296111 0.000000
vt -0.000000 4.304942 0.000000
vt 0.250000 4.304942 0.000000
vt -0.000000 4.313772 0.000000
vt 0.250000 4.313772 0.000000
vt -0.250000 -0.085601 0.000000
vt 0.000000 -0.085601 0.000000
vt -0.250000 0.000000 0.000000
vt -0.000000 0.000000 0.000000
vt -0.250000 -0.085601 0.000000
vt -0.000000 -0.085601 0.000000
vt -0.250000 -0.000000 0.000000
vt -0.000000 -0.000000 0.000000
vt -0.000000 0.995519 0.000000
vt 0.250000 0.995519 0.000000
vt -0.000000 1.004350 0.000000
vt 0.250000 1.004350 0.000000
vt -0.000000 1.013181 0.000000
vt 0.250000 1.013181 0.000000
vt -0.000000 1.022012 0.000000
vt 0.250000 1.022012 0.000000
vt 0.250000 4.459061 0.000000
vt -0.000000 4.459061 0.000000
vt 0.250000 4.452017 0.000000
vt -0.000000 4.452017 0.000000
vt 0.250000 4.444973 0.000000
vt -0.000000 4.444973 0.000000
vt 0.250000 4.437929 0.000000
vt -0.000000 4.437929 0.000000
vt 0.250000 -0.000000 0.000000
vt -0.000000 -0.000000 0.000000
vt 0.250000 -0.085601 0.000000
vt -0.000000 -0.085601 0.000000
vt -0.250000 -0.000000 0.000000
vt 0.000000 -0.000000 0.000000
vt -0.250000 0.085601 0.000000
vt -0.000000 0.085601 0.000000
vt 0.250000 1.122690 0.000000
vt -0.000000 1.122690 0.000000
vt 0.250000 1.115646 0.000000
vt -0.000000 1.115646 0.000000
vt 0.250000 1.108602 0.000000
vt -0.000000 1.108602 0.000000
vt 0.250000 1.101558 0.000000
vt -0.000000 1.101558 0.000000
vt -0.000000 4.181094 0.000000
vt 0.250000 4.181094 0.000000
vt -0.000000 4.189925 0.000000
vt 0.250000 4.189925 0.000000
vt -0.000000 4.198756 0.000000
vt 0.250000 4.198756 0.000000
vt -0.000000 4.207587 0.000000
vt 0.250000 4.207587 0.000000
vt -0.250000 -0.085601 0.000000
vt 0.000000 -0.085601 0.000000
vt -0.250000 0.000000 0.000000
vt -0.000000 0.000000 0.000000
vt -0.250000 -0.085601 0.000000
vt -0.000000 -0.085601 0.000000
vt -0.250000 -0.000000 0.000000
vt -0.000000 -0.000000 0.000000
vt -0.000000 1.101705 0.000000
vt 0.250000 1.101705 0.000000
vt -0.000000 1.110536 0.000000
vt 0.250000 1.110536 0.000000
vt -0.000000 1.119367 0.000000
vt 0.250000 1.119367 0.000000
vt -0.000000 1.128197 0.000000
vt 0.250000 1.128197 0.000000
vt 0.250000 4.347849 0.000000
vt -0.000000 4.347849 0.000000
vt 0.250000 4.340805 0.000000
vt -0.000000 4.340805 0.000000
vt 0.250000 4.333761 0.000000
vt -0.000000 4.333761 0.000000
vt 0.250000 4.326717 0.000000
vt -0.000000 4.326717 0.000000
vt 0.250000 0.000000 0.000000
vt -0.000000 0.000000 0.000000
vt 0.250000 -0.085601 0.000000
vt -0.000000 -0.085601 0.000000
vt -0.250000 -0.000000 0.000000
vt 0.000000 -0.000000 0.000000
vt -0.250000 0.085601 0.000000
vt -0.000000 0.085601 0.000000
vt 0.250000 1.233902 0.000000
vt -0.000000 1.233902 0.000000
vt 0.250000 1.226858 0.000000
vt -0.000000 1.226858 0.000000
vt 0.250000 1.219814 0.000000
vt -0.000000 1.219814 0.000000
vt 0.250000 1.212770 0.000000
vt -0.000000 1.212770 0.000000
vt -0.000000 4.074908 0.000000
vt 0.250000 4.074908 0.000000
vt -0.000000 4.083739 0.000000
vt 0.250000 4.083739 0.000000
vt -0.000000 4.092570 0.000000
vt 0.250000 4.092570 0.000000
vt -0.000000 4.101401 0.000000
vt 0.250000 4.101401 0.000000
vt -0.250000 -0.085601 0.000000
vt 0.000000 -0.085601 0.000000
vt -0.250000 0.000000 0.000000
vt -0.000000 0.000000 0.000000
vt -0.250000 -0.085601 0.000000
vt -0.000000 -0.085601 0.000000
vt -0.250000 0.000000 0.000000
vt -0.000000 0.000000 0.000000
vt -0.000000 1.207891 0.000000
vt 0.250000 1.207891 0.000000
vt -0.000000 1.216722 0.000000
vt 0.250000 1.216722 0.000000
vt -0.000000 1.225552 0.000000
vt 0.250000 1.225552 0.000000
vt -0.000000 1.234383 0.000000
vt 0.250000 1.234383 0.000000
vt 0.250000 4.236636 0.000000
vt -0.000000 4.236636 0.000000
vt 0.250000 4.229592 0.000000
vt -0.000000 4.229592 0.000000
vt 0.250000 4.222548 0.000000
vt -0.000000 4.222548 0.000000
vt 0.250000 4.215505 0.000000
vt -0.000000 4.215505 0.000000
vt 0.250000 0.000000 0.000000
vt -0.000000 0.000000 0.000000
vt 0.250000 -0.085601 0.000000
vt -0.000000 -0.085601 0.000000
vt -0.250000 0.000000 0.000000
vt -0.000000 0.000000 0.000000
vt -0.250000 0.085601 0.000000
vt -0.000000 0.085601 0.000000
vt 0.250000 1.345114 0.000000
vt -0.000000 1.345114 0.000000
vt 0.250000 1.338071 0.000000
vt -0.000000 1.338071 0.000000
vt 0.250000 1.331027 0.000000
vt -0.000000 1.331027 0.000000
vt 0.250000 1.323983 0.000000
vt -0.000000 1.323983 0.000000
vt -0.000000 3.968722 0.000000
vt 0.250000 3.968722 0.000000
vt -0.000000 3.977553 0.000000
vt 0.250000 3.977553 0.000000
vt -0.000000 3.986384 0.000000
vt 0.250000 3.986384 0.000000
vt -0.000000 3.995215 0.000000
vt 0.250000 3.995215 0.000000
vt -0.250000 -0.085601 0.000000
vt 0.000000 -0.085601 0.000000
vt -0.250000 -0.000000 0.000000
vt 0.000000 -0.000000 0.000000
vt -0.250000 -0.085601 0.000000
vt -0.000000 -0.085601 0.000000
vt -0.250000 -0.000000 0.000000
vt -0.000000 -0.000000 0.000000
vt -0.000000 1.314077 0.000000
vt 0.250000 1.314077 0.000000
vt -0.000000 1.322907 0.000000
vt 0.250000 1.322907 0.000000
vt -0.000000 1.331738 0.000000
vt 0.250000 1.331738 0.000000
vt -0.000000 1.340569 0.000000
vt 0.250000 1.340569 0.000000
vt 0.250000 4.125424 0.000000
vt -0.000000 4.125424 0.000000
vt 0.250000 4.118380 0.000000
vt -0.000000 4.118380 0.000000
vt 0.250000 4.111336 0.000000
vt -0.000000 4.111336 0.000000
vt 0.250000 4.104292 0.000000
vt -0.000000 4.104292 0.000000
vt 0.250000 -0.000000 0.000000
vt -0.000000 -0.000000 0.000000
vt 0.250000 -0.085601 0.000000
vt -0.000000 -0.085601 0.000000
vt -0.250000 -0.000000 0.000000
vt 0.000000 -0.000000 0.000000
vt -0.250000 0.085601 0.000000
vt -0.000000 0.085601 0.000000
vt 0.250000 1.456327 0.000000
vt -0.000000 1.456327 0.000000
vt 0.250000 1.449283 0.000000
vt -0.000000 1.449283 0.000000
vt 0.250000 1.442239 0.000000
vt -0.000000 1.442239 0.000000
vt 0.250000 1.435195 0.000000
vt -0.000000 1.435195 0.000000
vt -0.000000 3.862537 0.000000
vt 0.250000 3.862537 0.000000
vt -0.000000 3.871367 0.000000
vt 0.250000 3.871367 0.000000
vt -0.000000 3.880198 0.000000
vt 0.250000 3.880198 0.000000
vt -0.000000 3.889029 0.000000
vt 0.250000 3.889029 0.000000
vt -0.250000 -0.085601 0.000000
vt 0.000000 -0.085601 0.000000
vt -0.250000 0.000000 0.000000
vt -0.000000 0.000000 0.000000
vt -0.250000 -0.085601 0.000000
vt -0.000000 -0.085601 0.000000
vt -0.250000 0.000000 0.000000
vt -0.000000 0.000000 0.000000
vt 0.250000 1.420262 0.000000
vt 0.250000 1.429093 0.000000
vt -0.000000 1.420262 0.000000
vt -0.000000 1.429093 0.000000
vt -0.000000 1.437924 0.000000
vt 0.250000 1.437924 0.000000
vt -0.000000 1.446755 0.000000
vt 0.250000 1.446755 0.000000
vt 0.250000 4.014212 0.000000
vt -0.000000 4.014212 0.000000
vt 0.250000 4.007168 0.000000
vt -0.000000 4.007168 0.000000
vt 0.250000 4.000124 0.000000
vt -0.000000 4.000124 0.000000
vt 0.250000 3.993080 0.000000
vt -0.000000 3.993080 0.000000
vt 0.250000 0.000000 0.000000
vt -0.000000 0.000000 0.000000
vt 0.250000 -0.085601 0.000000
vt -0.000000 -0.085601 0.000000
vt 0.250000 0.000000 0.000000
vt -0.000000 0.000000 0.000000
vt 0.250000 -0.085601 0.000000
vt -0.000000 -0.085601 0.000000
vt 0.250000 1.567539 0.000000
vt -0.000000 1.567539 0.000000
vt 0.250000 1.560495 0.000000
vt -0.000000 1.560495 0.000000
vt 0.250000 1.553451 0.000000
vt -0.000000 1.553451 0.000000
vt 0.250000 1.546407 0.000000
vt -0.000000 1.546407 0.000000
vt -0.000000 3.756351 0.000000
vt 0.250000 3.756351 0.000000
vt -0.000000 3.765182 0.000000
vt 0.250000 3.765182 0.000000
vt -0.000000 3.774012 0.000000
vt 0.250000 3.774012 0.000000
vt -0.000000 3.782843 0.000000
vt 0.250000 3.782843 0.000000
vt -0.250000 -0.085601 0.000000
vt 0.000000 -0.085601 0.000000
vt -0.250000 0.000000 0.000000
vt -0.000000 0.000000 0.000000
vt -0.250000 -0.085601 0.000000
vt -0.000000 -0.085601 0.000000
vt -0.250000 -0.000000 0.000000
vt -0.000000 -0.000000 0.000000
vt -0.000000 1.526448 0.000000
vt 0.250000 1.526448 0.000000
vt -0.000000 1.535279 0.000000
vt 0.250000 1.535279 0.000000
vt -0.000000 1.544110 0.000000
vt 0.250000 1.544110 0.000000
vt -0.000000 1.552941 0.000000
vt 0.250000 1.552941 0.000000
vt 0.250000 3.902999 0.000000
vt -0.000000 3.902999 0.000000
vt 0.250000 3.895955 0.000000
vt -0.000000 3.895955 0.000000
vt 0.250000 3.888911 0.000000
vt -0.000000 3.888911 0.000000
vt 0.250000 3.881867 0.000000
vt -0.000000 3.881867 0.000000
vt 0.250000 -0.000000 0.000000
vt -0.000000 -0.000000 0.000000
vt 0.250000 -0.085601 0.000000
vt -0.000000 -0.085601 0.000000
vt 0.250000 -0.000000 0.000000
vt -0.000000 -0.000000 0.000000
vt 0.250000 -0.085601 0.000000
vt -0.000000 -0.085601 0.000000
vt 0.250000 1.678752 0.000000
vt -0.000000 1.678752 0.000000
vt 0.250000 1.671708 0.000000
vt -0.000000 1.671708 0.000000
vt 0.250000 1.664664 0.000000
vt -0.000000 1.664664 0.000000
vt 0.250000 1.657620 0.000000
vt -0.000000 1.657620 0.000000
vt -0.000000 3.650165 0.000000
vt 0.250000 3.650165 0.000000
vt -0.000000 3.658996 0.000000
vt 0.250000 3.658996 0.000000
vt -0.000000 3.667827 0.000000
vt 0.250000 3.667827 0.000000
vt -0.000000 3.676657 0.000000
vt 0.250000 3.676657 0.000000
vt -0.250000 -0.085601 0.000000
vt 0.000000 -0.085601 0.000000
vt -0.250000 -0.000000 0.000000
vt 0.000000 -0.000000 0.000000
vt -0.250000 -0.085601 0.000000
vt -0.000000 -0.085601 0.000000
vt -0.250000 0.000000 0.000000
vt -0.000000 0.000000 0.000000
vt -0.000000 1.632634 0.000000
vt 0.250000 1.632634 0.000000
vt -0.000000 1.641465 0.000000
vt 0.250000 1.641465 0.000000
vt -0.000000 1.650296 0.000000
vt 0.250000 1.650296 0.000000
vt -0.000000 1.659127 0.000000
vt 0.250000 1.659127 0.000000
vt 0.250000 3.791787 0.000000
vt -0.000000 3.791787 0.000000
vt 0.250000 3.784743 0.000000
vt -0.000000 3.784743 0.000000
vt 0.250000 3.777699 0.000000
vt -0.000000 3.777699 0.000000
vt 0.250000 3.770655 0.000000
vt -0.000000 3.770655 0.000000
vt 0.250000 0.000000 0.000000
vt -0.000000 0.000000 0.000000
vt 0.250000 -0.085601 0.000000
vt -0.000000 -0.085601 0.000000
vt 0.250000 0.000000 0.000000
vt -0.000000 0.000000 0.000000
vt 0.250000 -0.085601 0.000000
vt -0.000000 -0.085601 0.000000
vt 0.250000 1.789964 0.000000
vt -0.000000 1.789964 0.000000
vt 0.250000 1.782920 0.000000
vt -0.000000 1.782920 0.000000
vt 0.250000 1.775876 0.000000
vt -0.000000 1.775876 0.000000
vt 0.250000 1.768832 0.000000
vt -0.000000 1.768832 0.000000
vt -0.000000 3.543979 0.000000
vt 0.250000 3.543979 0.000000
vt -0.000000 3.552810 0.000000
vt 0.250000 3.552810 0.000000
vt -0.000000 3.561641 0.000000
vt 0.250000 3.561641 0.000000
vt -0.000000 3.570472 0.000000
vt 0.250000 3.570472 0.000000
vt -0.250000 -0.085601 0.000000
vt 0.000000 -0.085601 0.000000
vt -0.250000 0.000000 0.000000
vt -0.000000 0.000000 0.000000
vt -0.250000 -0.085601 0.000000
vt -0.000000 -0.085601 0.000000
vt -0.250000 0.000000 0.000000
vt -0.000000 0.000000 0.000000
vt -0.000000 1.738820 0.000000
vt 0.250000 1.738820 0.000000
vt -0.000000 1.747651 0.000000
vt 0.250000 1.747651 0.000000
vt -0.000000 1.756482 0.000000
vt 0.250000 1.756482 0.000000
vt -0.000000 1.765312 0.000000
vt 0.250000 1.765312 0.000000
vt 0.250000 3.680574 0.000000
vt -0.000000 3.680574 0.000000
vt 0.250000 3.673531 0.000000
vt -0.000000 3.673531 0.000000
vt 0.250000 3.666487 0.000000
vt -0.000000 3.666487 0.000000
vt 0.250000 3.659443 0.000000
vt -0.000000 3.659443 0.000000
vt 0.250000 0.000000 0.000000
vt -0.000000 0.000000 0.000000
vt 0.250000 -0.085601 0.000000
vt -0.000000 -0.085601 0.000000
vt 0.250000 -0.000000 0.000000
vt -0.000000 -0.000000 0.000000
vt 0.250000 -0.085601 0.000000
vt -0.000000 -0.085601 0.000000
vt 0.250000 1.901176 0.000000
vt -0.000000 1.901176 0.000000
vt 0.250000 1.894132 0.000000
vt -0.000000 1.894132 0.000000
vt 0.250000 1.887088 0.000000
vt -0.000000 1.887088 0.000000
vt 0.250000 1.880045 0.000000
vt -0.000000 1.880045 0.000000
vt -0.000000 3.437793 0.000000
vt 0.250000 3.437793 0.000000
vt -0.000000 3.446624 0.000000
vt 0.250000 3.446624 0.000000
vt -0.000000 3.455455 0.000000
vt 0.250000 3.455455 0.000000
vt -0.000000 3.464286 0.000000
vt 0.250000 3.464286 0.000000
vt -0.250000 -0.085601 0.000000
vt 0.000000 -0.085601 0.000000
vt -0.250000 -0.000000 0.000000
vt 0.000000 -0.000000 0.000000
vt -0.250000 -0.085601 0.000000
vt -0.000000 -0.085601 0.000000
vt -0.250000 -0.000000 0.000000
vt -0.000000 -0.000000 0.000000
vt -0.000000 1.845006 0.000000
vt 0.250000 1.845006 0.000000
vt -0.000000 1.853837 0.000000
vt 0.250000 1.853837 0.000000
vt -0.000000 1.862667 0.000000
vt 0.250000 1.862667 0.000000
vt -0.000000 1.871498 0.000000
vt 0.250000 1.871498 0.000000
vt 0.250000 3.569362 0.000000
vt -0.000000 3.569362 0.000000
vt 0.250000 3.562318 0.000000
vt -0.000000 3.562318 0.000000
vt 0.250000 3.555274 0.000000
vt -0.000000 3.555274 0.000000
vt 0.250000 3.548230 0.000000
vt -0.000000 3.548230 0.000000
vt 0.250000 -0.000000 0.000000
vt -0.000000 -0.000000 0.000000
vt 0.250000 -0.085601 0.000000
vt -0.000000 -0.085601 0.000000
vt 0.250000 -0.000000 0.000000
vt -0.000000 -0.000000 0.000000
vt 0.250000 -0.085601 0.000000
vt -0.000000 -0.085601 0.000000
vt 0.250000 2.012389 0.000000
vt -0.000000 2.012389 0.000000
vt 0.250000 2.005345 0.000000
vt -0.000000 2.005345 0.000000
vt 0.250000 1.998301 0.000000
vt -0.000000 1.998301 0.000000
vt 0.250000 1.991257 0.000000
vt -0.000000 1.991257 0.000000
vt -0.000000 3.331607 0.000000
vt 0.250000 3.331607 0.000000
vt -0.000000 3.340438 0.000000
vt 0.250000 3.340438 0.000000
vt -0.000000 3.349269 0.000000
vt 0.250000 3.349269 0.000000
vt -0.000000 3.358100 0.000000
vt 0.250000 3.358100 0.000000
vt -0.250000 -0.085601 0.000000
vt 0.000000 -0.085601 0.000000
vt -0.250000 -0.000000 0.000000
vt 0.000000 -0.000000 0.000000
vt -0.250000 -0.085601 0.000000
vt -0.000000 -0.085601 0.000000
vt -0.250000 0.000000 0.000000
vt -0.000000 0.000000 0.000000
vt -0.000000 1.951192 0.000000
vt 0.250000 1.951192 0.000000
vt -0.000000 1.960022 0.000000
vt 0.250000 1.960022 0.000000
vt -0.000000 1.968853 0.000000
vt 0.250000 1.968853 0.000000
vt -0.000000 1.977684 0.000000
vt 0.250000 1.977684 0.000000
vt 0.250000 3.458150 0.000000
vt -0.000000 3.458150 0.000000
vt 0.250000 3.451106 0.000000
vt -0.000000 3.451106 0.000000
vt 0.250000 3.444062 0.000000
vt -0.000000 3.444062 0.000000
vt 0.250000 3.437018 0.000000
vt -0.000000 3.437018 0.000000
vt 0.250000 0.000000 0.000000
vt -0.000000 0.000000 0.000000
vt 0.250000 -0.085601 0.000000
vt -0.000000 -0.085601 0.000000
vt 0.250000 -0.000000 0.000000
vt -0.000000 -0.000000 0.000000
vt 0.250000 -0.085601 0.000000
vt -0.000000 -0.085601 0.000000
vt 0.250000 2.123601 0.000000
vt -0.000000 2.123601 0.000000
vt 0.250000 2.116557 0.000000
vt -0.000000 2.116557 0.000000
vt 0.250000 2.109513 0.000000
vt -0.000000 2.109513 0.000000
vt 0.250000 2.102469 0.000000
vt -0.000000 2.102469 0.000000
vt -0.000000 3.225422 0.000000
vt 0.250000 3.225422 0.000000
vt -0.000000 3.234252 0.000000
vt 0.250000 3.234252 0.000000
vt 0.250000 3.243083 0.000000
vt 0.250000 3.251914 0.000000
vt -0.000000 3.251914 0.000000
vt -0.000000 3.243083 0.000000
vt -0.250000 -0.085601 0.000000
vt 0.000000 -0.085601 0.000000
vt -0.250000 -0.000000 0.000000
vt 0.000000 -0.000000 0.000000
vt -0.250000 -0.085601 0.000000
vt 0.000000 -0.085601 0.000000
vt -0.250000 -0.000000 0.000000
vt -0.000000 -0.000000 0.000000
vt -0.000000 2.057377 0.000000
vt 0.250000 2.057377 0.000000
vt -0.000000 2.066208 0.000000
vt 0.250000 2.066208 0.000000
vt -0.000000 2.075039 0.000000
vt 0.250000 2.075039 0.000000
vt -0.000000 2.083870 0.000000
vt 0.250000 2.083870 0.000000
vt 0.250000 3.346937 0.000000
vt -0.000000 3.346937 0.000000
vt 0.250000 3.339893 0.000000
vt -0.000000 3.339893 0.000000
vt 0.250000 3.332849 0.000000
vt -0.000000 3.332849 0.000000
vt 0.250000 3.325805 0.000000
vt -0.000000 3.325805 0.000000
vt 0.250000 -0.000000 0.000000
vt -0.000000 -0.000000 0.000000
vt 0.250000 -0.085601 0.000000
vt -0.000000 -0.085601 0.000000
vt 0.250000 0.000000 0.000000
vt -0.000000 0.000000 0.000000
vt 0.250000 -0.085601 0.000000
vt -0.000000 -0.085601 0.000000
vt 0.250000 2.234814 0.000000
vt -0.000000 2.234814 0.000000
vt 0.250000 2.227770 0.000000
vt -0.000000 2.227770 0.000000
vt 0.250000 2.220726 0.000000
vt -0.000000 2.220726 0.000000
vt 0.250000 2.213682 0.000000
vt -0.000000 2.213682 0.000000
vt -0.000000 3.119236 0.000000
vt 0.250000 3.119236 0.000000
vt -0.000000 3.128067 0.000000
vt 0.250000 3.128067 0.000000
vt -0.000000 3.136897 0.000000
vt 0.250000 3.136897 0.000000
vt -0.000000 3.145728 0.000000
vt 0.250000 3.145728 0.000000
vt -0.250000 -0.085601 0.000000
vt 0.000000 -0.085601 0.000000
vt -0.250000 0.000000 0.000000
vt -0.000000 0.000000 0.000000
vt -0.250000 -0.085601 0.000000
vt 0.000000 -0.085601 0.000000
vt -0.250000 0.000000 0.000000
vt -0.000000 0.000000 0.000000
vt -0.000000 2.163563 0.000000
vt 0.250000 2.163563 0.000000
vt -0.000000 2.172394 0.000000
vt 0.250000 2.172394 0.000000
vt -0.000000 2.181225 0.000000
vt 0.250000 2.181225 0.000000
vt -0.000000 2.190056 0.000000
vt 0.250000 2.190056 0.000000
vt 0.250000 3.235725 0.000000
vt -0.000000 3.235725 0.000000
vt 0.250000 3.228681 0.000000
vt -0.000000 3.228681 0.000000
vt 0.250000 3.221637 0.000000
vt -0.000000 3.221637 0.000000
vt 0.250000 3.214593 0.000000
vt -0.000000 3.214593 0.000000
vt 0.250000 0.000000 0.000000
vt -0.000000 0.000000 0.000000
vt 0.250000 -0.085601 0.000000
vt -0.000000 -0.085601 0.000000
vt 0.250000 -0.000000 0.000000
vt -0.000000 -0.000000 0.000000
vt 0.250000 -0.085601 0.000000
vt -0.000000 -0.085601 0.000000
vt 0.250000 2.346026 0.000000
vt -0.000000 2.346026 0.000000
vt 0.250000 2.338982 0.000000
vt -0.000000 2.338982 0.000000
vt 0.250000 2.331938 0.000000
vt -0.000000 2.331938 0.000000
vt 0.250000 2.324894 0.000000
vt -0.000000 2.324894 0.000000
vt -0.000000 3.013050 0.000000
vt 0.250000 3.013050 0.000000
vt -0.000000 3.021881 0.000000
vt 0.250000 3.021881 0.000000
vt -0.000000 3.030712 0.000000
vt 0.250000 3.030712 0.000000
vt -0.000000 3.039542 0.000000
vt 0.250000 3.039542 0.000000
vt -0.250000 -0.085601 0.000000
vt 0.000000 -0.085601 0.000000
vt -0.250000 -0.000000 0.000000
vt 0.000000 -0.000000 0.000000
vt -0.250000 -0.085601 0.000000
vt 0.000000 -0.085601 0.000000
vt -0.250000 -0.000000 0.000000
vt -0.000000 -0.000000 0.000000
vt -0.000000 2.269749 0.000000
vt 0.250000 2.269749 0.000000
vt -0.000000 2.278580 0.000000
vt 0.250000 2.278580 0.000000
vt -0.000000 2.287411 0.000000
vt 0.250000 2.287411 0.000000
vt -0.000000 2.296242 0.000000
vt 0.250000 2.296242 0.000000
vt 0.250000 3.124513 0.000000
vt -0.000000 3.124513 0.000000
vt 0.250000 3.117469 0.000000
vt -0.000000 3.117469 0.000000
vt 0.250000 3.110425 0.000000
vt -0.000000 3.110425 0.000000
vt 0.250000 3.103381 0.000000
vt -0.000000 3.103381 0.000000
vt 0.250000 -0.000000 0.000000
vt -0.000000 -0.000000 0.000000
vt 0.250000 -0.085601 0.000000
vt -0.000000 -0.085601 0.000000
vt 0.250000 -0.000000 0.000000
vt -0.000000 -0.000000 0.000000
vt 0.250000 -0.085601 0.000000
vt -0.000000 -0.085601 0.000000
vt 0.250000 2.457238 0.000000
vt -0.000000 2.457238 0.000000
vt 0.250000 2.450194 0.000000
vt -0.000000 2.450194 0.000000
vt 0.250000 2.443150 0.000000
vt -0.000000 2.443150 0.000000
vt 0.250000 2.436106 0.000000
vt -0.000000 2.436106 0.000000
vt -0.000000 2.906864 0.000000
vt 0.250000 2.906864 0.000000
vt -0.000000 2.915695 0.000000
vt 0.250000 2.915695 0.000000
vt -0.000000 2.924526 0.000000
vt 0.250000 2.924526 0.000000
vt -0.000000 2.933357 0.000000
vt 0.250000 2.933357 0.000000
vt -0.250000 -0.085601 0.000000
vt 0.000000 -0.085601 0.000000
vt -0.250000 -0.000000 0.000000
vt 0.000000 -0.000000 0.000000
vt -0.250000 -0.085601 0.000000
vt 0.000000 -0.085601 0.000000
vt -0.250000 -0.000000 0.000000
vt 0.000000 -0.000000 0.000000
vt -0.000000 2.375935 0.000000
vt 0.250000 2.375935 0.000000
vt -0.000000 2.384766 0.000000
vt 0.250000 2.384766 0.000000
vt -0.000000 2.393597 0.000000
vt 0.250000 2.393597 0.000000
vt -0.000000 2.402427 0.000000
vt 0.250000 2.402427 0.000000
vt 0.250000 3.013300 0.000000
vt -0.000000 3.013300 0.000000
vt 0.250000 3.006256 0.000000
vt -0.000000 3.006256 0.000000
vt 0.250000 2.999212 0.000000
vt -0.000000 2.999212 0.000000
vt 0.250000 2.992168 0.000000
vt -0.000000 2.992168 0.000000
vt 0.250000 -0.000000 0.000000
vt -0.000000 -0.000000 0.000000
vt 0.250000 -0.085601 0.000000
vt -0.000000 -0.085601 0.000000
vt 0.250000 -0.000000 0.000000
vt -0.000000 -0.000000 0.000000
vt 0.250000 -0.085601 0.000000
vt -0.000000 -0.085601 0.000000
vt 0.250000 2.568451 0.000000
vt -0.000000 2.568451 0.000000
vt 0.250000 2.561407 0.000000
vt -0.000000 2.561407 0.000000
vt 0.250000 2.554363 0.000000
vt -0.000000 2.554363 0.000000
vt 0.250000 2.547319 0.000000
vt -0.000000 2.547319 0.000000
vt -0.000000 2.800678 0.000000
vt 0.250000 2.800678 0.000000
vt -0.000000 2.809509 0.000000
vt 0.250000 2.809509 0.000000
vt -0.000000 2.818340 0.000000
vt 0.250000 2.818340 0.000000
vt -0.000000 2.827171 0.000000
vt 0.250000 2.827171 0.000000
vt -0.250000 -0.085601 0.000000
vt 0.000000 -0.085601 0.000000
vt -0.250000 -0.000000 0.000000
vt 0.000000 -0.000000 0.000000
vt -0.250000 -0.085601 0.000000
vt 0.000000 -0.085601 0.000000
vt -0.250000 -0.000000 0.000000
vt 0.000000 -0.000000 0.000000
vt -0.000000 2.482121 0.000000
vt 0.250000 2.482121 0.000000
vt -0.000000 2.490952 0.000000
vt 0.250000 2.490952 0.000000
vt -0.000000 2.499782 0.000000
vt 0.250000 2.499782 0.000000
vt -0.000000 2.508613 0.000000
vt 0.250000 2.508613 0.000000
vt 0.250000 2.902088 0.000000
vt -0.000000 2.902088 0.000000
vt 0.250000 2.895044 0.000000
vt -0.000000 2.895044 0.000000
vt 0.250000 2.888000 0.000000
vt -0.000000 2.888000 0.000000
vt 0.250000 2.880956 0.000000
vt -0.000000 2.880956 0.000000
vt 0.000000 0.000000 0.000000
vt -0.540000 0.000000 0.000000
vt 0.000000 -0.090000 0.000000
vt -0.540000 -0.090000 0.000000
vt 0.000000 -0.090000 0.000000
vt 0.540000 -0.090000 0.000000
vt 0.000000 0.000000 0.000000
vt 0.540000 -0.000000 0.000000
vt 0.250000 -0.000000 0.000000
vt -0.000000 -0.000000 0.000000
vt 0.250000 -0.085601 0.000000
vt -0.000000 -0.085601 0.000000
vt 0.250000 0.000000 0.000000
vt -0.000000 0.000000 0.000000
vt 0.250000 -0.085601 0.000000
vt -0.000000 -0.085601 0.000000
vt 0.000000 -0.000000 0.000000
vt -0.540000 -0.000000 0.000000
vt 0.000000 -0.101763 0.000000
vt -0.540000 -0.101763 0.000000
vt 0.000000 0.000000 0.000000
vt 0.540000 0.000000 0.000000
vt 0.000000 0.101763 0.000000
vt 0.540000 0.101763 0.000000
vt -0.000000 -0.099580 0.000000
vt 0.540000 -0.099580 0.000000
vt 0.000000 0.000000 0.000000
vt 0.540000 0.000000 0.000000
vt 0.000000 0.099580 0.000000
vt -0.540000 0.099580 0.000000
vt 0.000000 0.000000 0.000000
vt -0.540000 0.000000 0.000000
vt 0.250000 2.679663 0.000000
vt -0.000000 2.679663 0.000000
vt 0.250000 2.672619 0.000000
vt -0.000000 2.672619 0.000000
vt 0.250000 2.665575 0.000000
vt -0.000000 2.665575 0.000000
vt 0.250000 2.658531 0.000000
vt -0.000000 2.658531 0.000000
vt -0.000000 2.694492 0.000000
vt 0.250000 2.694492 0.000000
vt -0.000000 2.703323 0.000000
vt 0.250000 2.703323 0.000000
vt -0.000000 2.712154 0.000000
vt 0.250000 2.712154 0.000000
vt -0.000000 2.720985 0.000000
vt 0.250000 2.720985 0.000000
vt 0.000000 -0.000000 0.000000
vt -0.540000 -0.000000 0.000000
vt 0.000000 -0.098091 0.000000
vt -0.540000 -0.098091 0.000000
vt 2.826487 0.145603 0.000000
vt 2.898592 0.145603 0.000000
vt 2.850416 0.149509 0.000000
vt 2.874663 0.149509 0.000000
vt 0.000000 0.000000 0.000000
vt -0.540000 0.000000 0.000000
vt 0.000000 -0.072105 0.000000
vt -0.540000 -0.072105 0.000000
vt 0.000000 0.000000 0.000000
vt 0.540000 0.000000 0.000000
vt 0.000000 0.098091 0.000000
vt 0.540000 0.098091 0.000000
vt 2.907539 0.143091 0.000000
vt 2.907539 0.045000 0.000000
vt 2.950324 0.121630 0.000000
vt 2.984170 0.087784 0.000000
vt 3.005630 0.045000 0.000000
vt 0.000000 0.000000 0.000000
vt -0.540000 0.000000 0.000000
vt 0.000000 -0.098091 0.000000
vt -0.540000 -0.098091 0.000000
vt 3.009302 0.030995 0.000000
vt 3.009302 -0.030995 0.000000
vt 3.012179 0.010398 0.000000
vt 3.012179 -0.010398 0.000000
vt 0.000000 -0.000000 0.000000
vt 0.540000 -0.000000 0.000000
vt 0.000000 0.061990 0.000000
vt 0.540000 0.061990 0.000000
vt 0.000000 0.000000 0.000000
vt 0.540000 0.000000 0.000000
vt 0.000000 0.098091 0.000000
vt 0.540000 0.098091 0.000000
vt 3.005630 -0.045000 0.000000
vt 2.907539 -0.045000 0.000000
vt 2.984170 -0.087784 0.000000
vt 2.950324 -0.121630 0.000000
vt 2.907539 -0.143091 0.000000
vt 0.000000 0.000000 0.000000
vt 0.540000 0.000000 0.000000
vt 0.000000 0.098091 0.000000
vt 0.540000 0.098091 0.000000
vt 2.898592 -0.145603 0.000000
vt 2.826487 -0.145603 0.000000
vt 2.874663 -0.149509 0.000000
vt 2.850416 -0.149509 0.000000
vt 0.000000 -0.000000 0.000000
vt 0.540000 -0.000000 0.000000
vt 0.000000 0.072105 0.000000
vt 0.540000 0.072105 0.000000
vt -0.146763 0.045000 0.000000
vt -0.146763 -0.045000 0.000000
vt -0.045000 0.045000 0.000000
vt -0.045000 -0.045000 0.000000
vt 0.045000 0.045000 0.000000
vt 0.045000 -0.045000 0.000000
vt 0.146763 -0.030995 0.000000
vt 0.145689 -0.035702 0.000000
vt 0.144465 -0.040372 0.000000
vt 0.143091 -0.045000 0.000000
vt -0.045000 -0.143091 0.000000
vt -0.042035 -0.143990 0.000000
vt -0.039052 -0.144827 0.000000
vt -0.036053 -0.145603 0.000000
vt 0.036053 -0.145603 0.000000
vt 0.039052 -0.144827 0.000000
vt 0.042035 -0.143990 0.000000
vt 0.045000 -0.143091 0.000000
vt 0.146763 0.030995 0.000000
vt 0.145689 0.035702 0.000000
vt 0.144465 0.040372 0.000000
vt 0.143091 0.045000 0.000000
vt 0.045000 0.143091 0.000000
vt 0.042035 0.143990 0.000000
vt 0.039052 0.144827 0.000000
vt 0.036053 0.145603 0.000000
vt -0.036053 0.145603 0.000000
vt -0.039052 0.144827 0.000000
vt -0.042035 0.143990 0.000000
vt -0.045000 0.143091 0.000000
vt 0.000000 -0.000000 0.000000
vt -0.540000 -0.000000 0.000000
vt 0.000000 -0.098091 0.000000
vt -0.540000 -0.098091 0.000000
vt 1.679684 -0.028116 0.000000
vt 1.667115 -0.082926 0.000000
vt 2.715777 -0.045000 0.000000
vt 2.737547 -0.082926 0.000000
vt 2.817539 -0.045000 0.000000
vt 2.759392 -0.108906 0.000000
vt 2.786519 -0.129309 0.000000
vt 2.817539 -0.143091 0.000000
vt 1.679684 0.028116 0.000000
vt 2.715777 0.045000 0.000000
vt 1.667115 0.082926 0.000000
vt 2.737547 0.082926 0.000000
vt 2.817539 0.045000 0.000000
vt 2.759392 0.108906 0.000000
vt 2.786519 0.129309 0.000000
vt 2.817539 0.143091 0.000000
vt 0.000000 0.000000 0.000000
vt 0.540000 0.000000 0.000000
vt 0.000000 0.098091 0.000000
vt 0.540000 0.098091 0.000000
vt 0.035136 -0.145827 0.000000
vt -0.035136 -0.145827 0.000000
vt 0.011810 -0.149534 0.000000
vt -0.011810 -0.149534 0.000000
vt 0.000000 -0.000000 0.000000
vt 0.540000 -0.000000 0.000000
vt 0.000000 0.070272 0.000000
vt 0.540000 0.070272 0.000000
vt 0.000000 0.000000 0.000000
vt -0.540000 0.000000 0.000000
vt 0.000000 -0.098091 0.000000
vt -0.540000 -0.098091 0.000000
vt -0.045000 -0.143091 0.000000
vt -0.045000 -0.045000 0.000000
vt -0.087784 -0.121630 0.000000
vt -0.121630 -0.087784 0.000000
vt -0.143091 -0.045000 0.000000
vt 0.000000 -0.098091 0.000000
vt 0.540000 -0.098091 0.000000
vt 0.000000 0.000000 0.000000
vt 0.540000 0.000000 0.000000
vt -0.144580 0.039957 0.000000
vt -0.149395 0.013464 0.000000
vt -0.144580 -0.039957 0.000000
vt -0.149395 -0.013464 0.000000
vt 0.000000 0.079915 0.000000
vt -0.540000 0.079915 0.000000
vt 0.000000 0.000000 0.000000
vt -0.540000 0.000000 0.000000
vt 0.000000 0.098091 0.000000
vt -0.540000 0.098091 0.000000
vt 0.000000 -0.000000 0.000000
vt -0.540000 -0.000000 0.000000
vt -0.143091 0.045000 0.000000
vt -0.045000 0.045000 0.000000
vt -0.121630 0.087784 0.000000
vt -0.087784 0.121630 0.000000
vt -0.045000 0.143091 0.000000
vt 0.000000 -0.000000 0.000000
vt -0.540000 -0.000000 0.000000
vt 0.000000 -0.098091 0.000000
vt -0.540000 -0.098091 0.000000
vt -0.035136 0.145827 0.000000
vt 0.035136 0.145827 0.000000
vt -0.011810 0.149534 0.000000
vt 0.011810 0.149534 0.000000
vt 0.000000 -0.000000 0.000000
vt -0.540000 -0.000000 0.000000
vt 0.000000 -0.070272 0.000000
vt -0.540000 -0.070272 0.000000
vt 0.144580 -0.045000 0.000000
vt 0.045000 0.045000 0.000000
vt 0.045000 -0.045000 0.000000
vt -0.045000 0.045000 0.000000
vt -0.045000 -0.045000 0.000000
vt -0.144580 -0.039957 0.000000
vt -0.144103 -0.041644 0.000000
vt 0.144580 0.045000 0.000000
vt 0.045000 0.143091 0.000000
vt 0.041733 0.144078 0.000000
vt 0.038445 0.144990 0.000000
vt 0.035136 0.145827 0.000000
vt -0.035136 0.145827 0.000000
vt -0.038445 0.144990 0.000000
vt -0.041733 0.144078 0.000000
vt -0.045000 0.143091 0.000000
vt -0.143091 0.045000 0.000000
vt -0.143607 0.043325 0.000000
vt -0.144103 0.041644 0.000000
vt -0.144580 0.039957 0.000000
vt -0.143607 -0.043325 0.000000
vt -0.143091 -0.045000 0.000000
vt -0.045000 -0.143091 0.000000
vt -0.041733 -0.144078 0.000000
vt -0.038445 -0.144990 0.000000
vt -0.035136 -0.145827 0.000000
vt 0.035136 -0.145827 0.000000
vt 0.038445 -0.144990 0.000000
vt 0.041733 -0.144078 0.000000
vt 0.045000 -0.143091 0.000000
vt 0.000000 0.000000 0.000000
vt 0.540000 0.000000 0.000000
vt 0.000000 0.098091 0.000000
vt 0.540000 0.098091 0.000000
vt -0.270000 -0.135000 0.000000
vt 0.000000 -0.135000 0.000000
vt -0.270000 0.015000 0.000000
vt -0.000000 0.015000 0.000000
vt 0.000000 0.250000 0.000000
vt 0.000000 0.100000 0.000000
vt 0.095671 0.230970 0.000000
vt 0.058779 0.080902 0.000000
vt 0.176777 0.176777 0.000000
vt 0.095106 0.030902 0.000000
vt 0.230970 0.095671 0.000000
vt 0.250000 -0.000000 0.000000
vt 0.095106 -0.030902 0.000000
vt 0.230970 -0.095671 0.000000
vt 0.176777 -0.176777 0.000000
vt 0.058779 -0.080902 0.000000
vt 0.095671 -0.230970 0.000000
vt -0.000000 -0.100000 0.000000
vt -0.000000 -0.250000 0.000000
vt -0.270000 -0.150000 0.000000
vt 0.000000 -0.150000 0.000000
vt -0.270000 0.000000 0.000000
vt 0.000000 0.000000 0.000000
vt 1.431270 0.250000 0.000000
vt 1.355441 0.238222 0.000000
vt 1.431270 0.100000 0.000000
vt 1.286756 0.204000 0.000000
vt 1.231688 0.150556 0.000000
vt 1.372491 0.080902 0.000000
vt 1.195424 0.082926 0.000000
vt 1.336164 0.030902 0.000000
vt 1.195424 -0.082926 0.000000
vt 1.336164 -0.030902 0.000000
vt 1.372491 -0.080902 0.000000
vt 1.231688 -0.150556 0.000000
vt 1.431270 -0.100000 0.000000
vt 1.286756 -0.204000 0.000000
vt 1.355441 -0.238222 0.000000
vt 0.144580 0.045000 0.000000
vt 0.124993 0.082926 0.000000
vt 0.045000 0.045000 0.000000
vt 0.103147 0.108906 0.000000
vt 0.076020 0.129309 0.000000
vt 0.045000 0.143091 0.000000
vt 0.144580 -0.045000 0.000000
vt 0.124993 -0.082926 0.000000
vt 0.045000 -0.045000 0.000000
vt 0.103147 -0.108906 0.000000
vt 0.076020 -0.129309 0.000000
vt 0.045000 -0.143091 0.000000
vt 1.431270 -0.250000 0.000000
vt -0.250000 -0.085601 0.000000
vt 0.000000 -0.085601 0.000000
vt -0.250000 0.000000 0.000000
vt -0.000000 0.000000 0.000000
vt -0.250000 -0.085601 0.000000
vt 0.000000 -0.085601 0.000000
vt -0.250000 -0.000000 0.000000
vt 0.000000 -0.000000 0.000000
vt -0.000000 -1.070431 0.000000
vt 0.250000 -1.070431 0.000000
vt 0.000000 0.000000 0.000000
vt 0.250000 0.000000 0.000000
vt -0.000000 -0.315340 0.000000
vt 0.250000 -0.306698 0.000000
vt -0.000000 -0.281323 0.000000
vt -0.000000 -0.272029 0.000000
vt -0.540000 -0.275127 0.000000
vt -0.540000 -0.272029 0.000000
vt -0.000000 -0.349357 0.000000
vt 0.250000 -0.383373 0.000000
vt -0.000000 -0.383373 0.000000
vt 0.250000 -0.230024 0.000000
vt -0.000000 -0.247756 0.000000
vt -0.000000 -0.223483 0.000000
vt -0.000000 -0.199210 0.000000
vt -0.000000 -0.189916 0.000000
vt -0.540000 -0.193014 0.000000
vt -0.540000 -0.189916 0.000000
vt 0.250000 -0.153349 0.000000
vt -0.000000 -0.141845 0.000000
vt -0.000000 -0.093774 0.000000
vt 0.250000 -0.076675 0.000000
vt -0.000000 -0.045704 0.000000
vt -0.000000 -0.031220 0.000000
vt -0.540000 -0.036048 0.000000
vt -0.540000 -0.031220 0.000000
vt 0.250000 0.000000 0.000000
vt -0.000000 -0.010407 0.000000
vt -0.000000 0.010407 0.000000
vt -0.000000 0.031220 0.000000
vt 0.250000 0.076675 0.000000
vt -0.000000 0.045704 0.000000
vt -0.000000 0.093774 0.000000
vt 0.250000 0.153349 0.000000
vt -0.000000 0.141845 0.000000
vt -0.000000 0.189916 0.000000
vt 0.250000 0.230024 0.000000
vt -0.000000 0.199210 0.000000
vt -0.000000 0.223483 0.000000
vt -0.000000 0.247756 0.000000
vt -0.000000 0.272029 0.000000
vt 0.250000 0.306698 0.000000
vt -0.000000 0.281323 0.000000
vt -0.000000 0.315340 0.000000
vt -0.000000 0.349357 0.000000
vt 0.250000 0.383373 0.000000
vt -0.000000 0.383373 0.000000
vt -0.540000 0.281323 0.000000
vt -0.540000 0.278225 0.000000
vt -0.540000 0.275127 0.000000
vt -0.540000 0.272029 0.000000
vt -0.540000 0.199210 0.000000
vt -0.540000 0.196112 0.000000
vt -0.540000 0.193014 0.000000
vt -0.540000 0.189916 0.000000
vt -0.540000 0.045704 0.000000
vt -0.540000 0.040876 0.000000
vt -0.540000 0.036048 0.000000
vt -0.540000 0.031220 0.000000
vt -0.540000 -0.040876 0.000000
vt -0.540000 -0.045704 0.000000
vt -0.540000 -0.196112 0.000000
vt -0.540000 -0.199210 0.000000
vt -0.540000 -0.278225 0.000000
vt -0.540000 -0.281323 0.000000
vt 0.000000 1.086395 0.000000
vt -0.250000 1.086395 0.000000
vt 0.000000 0.015963 0.000000
vt -0.250000 0.015963 0.000000
vt 0.250000 -0.084528 0.000000
vt -0.000000 -0.084528 0.000000
vt -0.270000 -0.098175 0.000000
vt -0.000000 -0.028176 0.000000
vt -0.270000 -0.000000 0.000000
vt -0.000000 0.028176 0.000000
vt -0.270000 0.098175 0.000000
vt -0.000000 0.084528 0.000000
vt 0.250000 0.084528 0.000000
vt 0.250000 0.172577 0.000000
vt -0.270000 0.196350 0.000000
vt 0.250000 0.260626 0.000000
vt -0.270000 0.294524 0.000000
vt 0.250000 0.348675 0.000000
vt -0.270000 0.392699 0.000000
vt -0.000000 0.392699 0.000000
vt 0.250000 0.436724 0.000000
vt -0.000000 0.469742 0.000000
vt 0.250000 0.524773 0.000000
vt -0.000000 0.546785 0.000000
vt 0.250000 0.612821 0.000000
vt -0.000000 0.623828 0.000000
vt 0.250000 0.700870 0.000000
vt -0.000000 0.700870 0.000000
vt 0.250000 -0.172577 0.000000
vt -0.270000 -0.196350 0.000000
vt 0.250000 -0.260626 0.000000
vt -0.270000 -0.294524 0.000000
vt 0.250000 -0.348675 0.000000
vt -0.270000 -0.392699 0.000000
vt -0.000000 -0.392699 0.000000
vt 0.250000 -0.436724 0.000000
vt -0.000000 -0.469742 0.000000
vt 0.250000 -0.524773 0.000000
vt -0.000000 -0.546785 0.000000
vt 0.250000 -0.612821 0.000000
vt -0.000000 -0.623828 0.000000
vt 0.250000 -0.700870 0.000000
vt -0.000000 -0.700870 0.000000
vt 0.000000 1.070431 0.000000
vt -0.250000 1.070431 0.000000
vt 0.000000 -0.000000 0.000000
vt -0.250000 -0.000000 0.000000
vt -0.000000 0.155899 0.000000
vt 0.250000 0.164540 0.000000
vt -0.000000 0.189916 0.000000
vt -0.000000 0.200154 0.000000
vt -0.540000 0.196741 0.000000
vt -0.540000 0.200154 0.000000
vt -0.000000 0.121882 0.000000
vt 0.250000 0.087866 0.000000
vt -0.000000 0.087866 0.000000
vt 0.250000 0.241215 0.000000
vt -0.000000 0.223798 0.000000
vt -0.000000 0.247441 0.000000
vt -0.000000 0.271085 0.000000
vt -0.000000 0.281323 0.000000
vt -0.540000 0.277911 0.000000
vt -0.540000 0.281323 0.000000
vt 0.250000 0.317890 0.000000
vt -0.000000 0.329394 0.000000
vt -0.000000 0.377464 0.000000
vt 0.250000 0.394564 0.000000
vt -0.000000 0.425535 0.000000
vt -0.000000 0.430793 0.000000
vt -0.540000 0.429040 0.000000
vt -0.540000 0.430793 0.000000
vt 0.250000 0.471239 0.000000
vt -0.000000 0.457757 0.000000
vt 0.000000 0.484721 0.000000
vt -0.000000 -0.457757 0.000000
vt 0.250000 -0.471239 0.000000
vt -0.000000 -0.430793 0.000000
vt 0.250000 -0.394564 0.000000
vt -0.000000 -0.425535 0.000000
vt -0.000000 -0.377464 0.000000
vt 0.250000 -0.317890 0.000000
vt -0.000000 -0.329394 0.000000
vt -0.000000 -0.281323 0.000000
vt 0.250000 -0.241215 0.000000
vt -0.000000 -0.271085 0.000000
vt -0.000000 -0.247441 0.000000
vt -0.000000 -0.223798 0.000000
vt -0.000000 -0.200154 0.000000
vt 0.250000 -0.164540 0.000000
vt -0.000000 -0.189916 0.000000
vt -0.000000 -0.155899 0.000000
vt -0.000000 -0.121882 0.000000
vt 0.250000 -0.087866 0.000000
vt -0.000000 -0.087866 0.000000
vt -0.540000 -0.189916 0.000000
vt -0.540000 -0.193328 0.000000
vt -0.540000 -0.196741 0.000000
vt -0.540000 -0.200154 0.000000
vt -0.540000 -0.271085 0.000000
vt -0.540000 -0.274498 0.000000
vt -0.540000 -0.277911 0.000000
vt -0.540000 -0.281323 0.000000
vt -0.540000 -0.425535 0.000000
vt -0.540000 -0.427288 0.000000
vt -0.540000 -0.429040 0.000000
vt -0.540000 -0.430793 0.000000
vt -0.540000 0.427288 0.000000
vt -0.540000 0.425535 0.000000
vt -0.540000 0.274498 0.000000
vt -0.540000 0.271085 0.000000
vt -0.540000 0.193328 0.000000
vt -0.540000 0.189916 0.000000
vt -0.000000 -1.086395 0.000000
vt 0.250000 -1.086395 0.000000
vt -0.000000 -0.015963 0.000000
vt 0.250000 -0.015963 0.000000
vt -2.193492 -0.062832 0.000000
vt -1.223492 -0.031416 0.000000
vt -2.193492 0.000000 0.000000
vt -1.223492 0.031416 0.000000
vt -2.193492 0.062832 0.000000
vt -1.223492 0.094248 0.000000
vt -2.193492 0.125664 0.000000
vt -1.223492 0.157080 0.000000
vt -1.493492 0.157080 0.000000
vt -1.223492 -0.094248 0.000000
vt -2.193492 -0.125664 0.000000
vt -1.223492 -0.157080 0.000000
vt -1.493492 -0.157080 0.000000
vt -2.193492 -0.188496 0.000000
vt -1.493492 -0.219911 0.000000
vt -2.193492 -0.251327 0.000000
vt -1.493492 -0.282743 0.000000
vt -2.193492 -0.314159 0.000000
vt -1.493492 -0.345575 0.000000
vt -1.493492 0.282743 0.000000
vt -2.193492 0.314159 0.000000
vt -2.193492 0.251327 0.000000
vt -1.493492 0.219911 0.000000
vt -2.193492 0.188496 0.000000
vt -1.244750 -0.078540 0.000000
vt -1.244750 -0.117810 0.000000
vt -0.994750 -0.078540 0.000000
vt -0.994750 -0.117810 0.000000
vt -0.994750 -0.157080 0.000000
vt -1.244750 -0.157080 0.000000
vt -0.994750 0.157080 0.000000
vt -1.244750 0.157080 0.000000
vt -0.994750 0.117810 0.000000
vt -1.244750 0.117810 0.000000
vt -1.244750 -0.039270 0.000000
vt -1.244750 -0.078540 0.000000
vt -0.994750 -0.039270 0.000000
vt -0.994750 -0.078540 0.000000
vt -1.244750 -0.117810 0.000000
vt -0.994750 -0.117810 0.000000
vt -0.994750 -0.157080 0.000000
vt -1.244750 -0.157080 0.000000
vt -0.000000 2.588307 0.000000
vt 0.250000 2.588307 0.000000
vt -0.000000 2.597137 0.000000
vt 0.250000 2.597137 0.000000
vt -0.000000 2.605968 0.000000
vt 0.250000 2.605968 0.000000
vt -0.000000 2.614799 0.000000
vt 0.250000 2.614799 0.000000
vt 0.250000 2.790875 0.000000
vt -0.000000 2.790875 0.000000
vt 0.250000 2.783831 0.000000
vt -0.000000 2.783831 0.000000
vt 0.250000 2.776788 0.000000
vt -0.000000 2.776788 0.000000
vt 0.250000 2.769744 0.000000
vt -0.000000 2.769744 0.000000
vt -1.244750 0.039270 0.000000
vt -1.244750 -0.000000 0.000000
vt -0.994750 0.039270 0.000000
vt -0.994750 -0.000000 0.000000
vt -1.244750 -0.039270 0.000000
vt -0.994750 -0.039270 0.000000
vt -1.244750 -0.078540 0.000000
vt -0.994750 -0.078540 0.000000
vt -1.244750 0.000000 0.000000
vt -1.244750 -0.039270 0.000000
vt -0.994750 0.000000 0.000000
vt -0.994750 -0.039270 0.000000
vt -1.244750 -0.078540 0.000000
vt -0.994750 -0.078540 0.000000
vt -1.244750 -0.117810 0.000000
vt -0.994750 -0.117810 0.000000
vt -1.244750 0.117810 0.000000
vt -1.244750 0.078540 0.000000
vt -0.994750 0.117810 0.000000
vt -0.994750 0.078540 0.000000
vt -1.244750 0.039270 0.000000
vt -0.994750 0.039270 0.000000
vt -1.244750 0.000000 0.000000
vt -0.994750 0.000000 0.000000
vt -1.244750 0.078540 0.000000
vt -1.244750 0.039270 0.000000
vt -0.994750 0.078540 0.000000
vt -0.994750 0.039270 0.000000
vt -1.244750 0.000000 0.000000
vt -0.994750 0.000000 0.000000
vt -1.244750 -0.039270 0.000000
vt -0.994750 -0.039270 0.000000
vt -0.994750 -0.117810 0.000000
vt -1.244750 -0.117810 0.000000
vt -0.994750 -0.157080 0.000000
vt -1.244750 -0.157080 0.000000
vt -0.994750 0.157080 0.000000
vt -1.244750 0.157080 0.000000
vt -0.994750 0.117810 0.000000
vt -1.244750 0.117810 0.000000
vt -1.244750 0.078540 0.000000
vt -0.994750 0.078540 0.000000
vt 0.010566 1.769968 0.000000
vt 0.003522 1.769996 0.000000
vt 0.039843 1.689530 0.000000
vt -0.003522 1.769996 0.000000
vt -0.039843 1.689530 0.000000
vt -0.010566 1.769968 0.000000
vt -0.048671 1.689299 0.000000
vt -0.242818 1.341498 0.000000
vt 0.242818 1.341498 0.000000
vt 0.048671 1.689299 0.000000
vt 0.057497 1.689022 0.000000
vt 0.066322 1.688698 0.000000
vt 0.145851 1.683695 0.000000
vt 0.114654 1.766283 0.000000
vt 0.121682 1.765812 0.000000
vt -0.057497 1.689022 0.000000
vt -0.066322 1.688698 0.000000
vt -0.145851 1.683695 0.000000
vt -0.114654 1.766283 0.000000
vt -0.121682 1.765812 0.000000
vt -0.100592 1.767139 0.000000
vt -0.107624 1.766725 0.000000
vt -0.154647 1.682910 0.000000
vt -0.163438 1.682078 0.000000
vt -0.172226 1.681201 0.000000
vt -0.211353 1.757336 0.000000
vt -0.218345 1.756481 0.000000
vt -0.225334 1.755598 0.000000
vt -0.251283 1.671214 0.000000
vt -0.232318 1.754687 0.000000
vt -0.289923 1.378169 0.000000
vt -0.260012 1.669878 0.000000
vt -0.268734 1.668497 0.000000
vt -0.277449 1.667070 0.000000
vt -0.355724 1.652138 0.000000
vt -0.349528 1.381468 0.000000
vt -0.364352 1.650257 0.000000
vt -0.372970 1.648331 0.000000
vt -0.321280 1.740597 0.000000
vt -0.328205 1.739305 0.000000
vt -0.335124 1.737985 0.000000
vt -0.342038 1.736638 0.000000
vt -0.381578 1.646359 0.000000
vt -0.458760 1.626542 0.000000
vt -0.467253 1.624123 0.000000
vt -0.429939 1.716989 0.000000
vt -0.436769 1.715265 0.000000
vt -0.443592 1.713513 0.000000
vt -0.450407 1.711734 0.000000
vt -0.475733 1.621659 0.000000
vt -0.484201 1.619151 0.000000
vt -0.517166 1.327842 0.000000
vt -0.559986 1.594527 0.000000
vt -0.568311 1.591579 0.000000
vt -0.536902 1.686605 0.000000
vt -0.543609 1.684455 0.000000
vt -0.550309 1.682278 0.000000
vt -0.556999 1.680075 0.000000
vt -0.576620 1.588587 0.000000
vt -0.584913 1.585553 0.000000
vt -0.659003 1.556218 0.000000
vt -0.654854 1.644405 0.000000
vt -0.661393 1.641786 0.000000
vt -0.641745 1.649565 0.000000
vt -0.648305 1.646998 0.000000
vt -0.667125 1.552754 0.000000
vt -0.675230 1.549246 0.000000
vt -0.683316 1.545697 0.000000
vt -0.744056 1.606014 0.000000
vt -0.750441 1.603040 0.000000
vt -0.756815 1.600041 0.000000
vt -0.755418 1.511768 0.000000
vt -0.763176 1.597017 0.000000
vt -0.676915 1.253958 0.000000
vt -0.763307 1.507800 0.000000
vt -0.771175 1.503791 0.000000
vt -0.779023 1.499741 0.000000
vt -0.848852 1.461352 0.000000
vt -0.856477 1.456897 0.000000
vt -0.843430 1.556125 0.000000
vt -0.849616 1.552756 0.000000
vt -0.855789 1.549363 0.000000
vt -0.861948 1.545945 0.000000
vt -0.864078 1.452401 0.000000
vt -0.871655 1.447867 0.000000
vt -0.826337 1.160945 0.000000
vt -0.938936 1.405169 0.000000
vt -0.946266 1.400243 0.000000
vt -0.939475 1.500095 0.000000
vt -0.945438 1.496345 0.000000
vt -0.951385 1.492570 0.000000
vt -0.957318 1.488772 0.000000
vt -0.953570 1.395280 0.000000
vt -0.960847 1.390278 0.000000
vt -1.025315 1.343440 0.000000
vt -1.043227 1.429887 0.000000
vt -1.048909 1.425724 0.000000
vt -1.031813 1.438145 0.000000
vt -1.037529 1.434027 0.000000
vt -1.032321 1.338064 0.000000
vt -1.039298 1.332651 0.000000
vt -0.861472 1.115917 0.000000
vt -1.046248 1.327202 0.000000
vt -1.107647 1.276409 0.000000
vt -1.130952 1.361561 0.000000
vt -1.136361 1.357049 0.000000
vt -1.120079 1.370519 0.000000
vt -1.125525 1.366051 0.000000
vt -1.114301 1.270603 0.000000
vt -1.120925 1.264763 0.000000
vt -1.127519 1.258889 0.000000
vt -1.203925 1.297484 0.000000
vt -1.209079 1.292683 0.000000
vt -1.214213 1.287861 0.000000
vt -1.185607 1.204340 0.000000
vt -1.219329 1.283019 0.000000
vt -1.191884 1.198129 0.000000
vt -0.866230 1.059001 0.000000
vt -1.198129 1.191884 0.000000
vt -1.059001 0.866230 0.000000
vt -0.839059 1.008764 0.000000
vt -1.008764 0.839059 0.000000
vt -0.310355 0.480061 0.000000
vt -0.480061 0.310355 0.000000
vt -0.275000 0.465416 0.000000
vt -0.465416 0.275000 0.000000
vt -0.192763 0.159193 0.000000
vt -0.480061 0.239645 0.000000
vt -0.235846 0.082926 0.000000
vt -0.515416 0.225000 0.000000
vt -1.306277 0.082926 0.000000
vt -1.284523 0.225000 0.000000
vt -1.362821 0.133472 0.000000
vt -1.341498 0.242818 0.000000
vt -1.436864 0.149896 0.000000
vt -1.378169 0.289923 0.000000
vt -1.509477 0.127999 0.000000
vt -1.667070 0.277449 0.000000
vt -1.668497 0.268734 0.000000
vt -1.204340 1.185607 0.000000
vt -1.115917 0.861472 0.000000
vt -1.258889 1.127519 0.000000
vt -1.264763 1.120925 0.000000
vt -1.283019 1.219329 0.000000
vt -1.287861 1.214213 0.000000
vt -1.292683 1.209079 0.000000
vt -1.297484 1.203925 0.000000
vt -1.270603 1.114301 0.000000
vt -1.276409 1.107647 0.000000
vt -1.327202 1.046248 0.000000
vt -1.366051 1.125525 0.000000
vt -1.370519 1.120079 0.000000
vt -1.357049 1.136361 0.000000
vt -1.361561 1.130952 0.000000
vt -1.332651 1.039298 0.000000
vt -1.160945 0.826337 0.000000
vt -1.338064 1.032321 0.000000
vt -1.343440 1.025315 0.000000
vt -1.425724 1.048909 0.000000
vt -1.429887 1.043227 0.000000
vt -1.434027 1.037529 0.000000
vt -1.390278 0.960847 0.000000
vt -1.438145 1.031813 0.000000
vt -1.395280 0.953570 0.000000
vt -1.400243 0.946266 0.000000
vt -1.405169 0.938936 0.000000
vt -1.447867 0.871655 0.000000
vt -1.253958 0.676915 0.000000
vt -1.452401 0.864078 0.000000
vt -1.456897 0.856477 0.000000
vt -1.488772 0.957318 0.000000
vt -1.492570 0.951385 0.000000
vt -1.496345 0.945438 0.000000
vt -1.500095 0.939475 0.000000
vt -1.461352 0.848852 0.000000
vt -1.499741 0.779023 0.000000
vt -1.503791 0.771175 0.000000
vt -1.545945 0.861948 0.000000
vt -1.549363 0.855789 0.000000
vt -1.552756 0.849616 0.000000
vt -1.556125 0.843430 0.000000
vt -1.507800 0.763307 0.000000
vt -1.511768 0.755418 0.000000
vt -1.545697 0.683316 0.000000
vt -1.603040 0.750441 0.000000
vt -1.606014 0.744056 0.000000
vt -1.597017 0.763176 0.000000
vt -1.600041 0.756815 0.000000
vt -1.327842 0.517166 0.000000
vt -1.549246 0.675230 0.000000
vt -1.552754 0.667125 0.000000
vt -1.556218 0.659003 0.000000
vt -1.585553 0.584913 0.000000
vt -1.588587 0.576620 0.000000
vt -1.641786 0.661393 0.000000
vt -1.644405 0.654854 0.000000
vt -1.646998 0.648305 0.000000
vt -1.649565 0.641745 0.000000
vt -1.591579 0.568311 0.000000
vt -1.594527 0.559986 0.000000
vt -1.619151 0.484201 0.000000
vt -1.684455 0.543609 0.000000
vt -1.686605 0.536902 0.000000
vt -1.680075 0.556999 0.000000
vt -1.682278 0.550309 0.000000
vt -1.381468 0.349528 0.000000
vt -1.621659 0.475733 0.000000
vt -1.624123 0.467253 0.000000
vt -1.626542 0.458760 0.000000
vt -1.646359 0.381578 0.000000
vt -1.648331 0.372970 0.000000
vt -1.711734 0.450407 0.000000
vt -1.713513 0.443592 0.000000
vt -1.715265 0.436769 0.000000
vt -1.716989 0.429939 0.000000
vt -1.650257 0.364352 0.000000
vt -1.652138 0.355724 0.000000
vt -1.736638 0.342038 0.000000
vt -1.737985 0.335124 0.000000
vt -1.739305 0.328205 0.000000
vt -1.740597 0.321280 0.000000
vt -1.669878 0.260012 0.000000
vt -1.671214 0.251283 0.000000
vt -1.681201 0.172226 0.000000
vt -1.756481 0.218345 0.000000
vt -1.757336 0.211353 0.000000
vt -1.754687 0.232318 0.000000
vt -1.755598 0.225334 0.000000
vt -1.682078 0.163438 0.000000
vt -1.562096 0.073379 0.000000
vt -1.682910 0.154647 0.000000
vt -1.683695 0.145851 0.000000
vt -1.765812 0.121682 0.000000
vt -1.766283 0.114654 0.000000
vt -1.766725 0.107624 0.000000
vt -1.688698 0.066322 0.000000
vt -1.767139 0.100592 0.000000
vt -1.689022 0.057497 0.000000
vt -1.689299 0.048671 0.000000
vt -1.581270 0.000000 0.000000
vt -1.689530 0.039843 0.000000
vt -1.689530 -0.039843 0.000000
vt -1.769996 -0.003522 0.000000
vt -1.769968 -0.010566 0.000000
vt -1.769968 0.010566 0.000000
vt -1.769996 0.003522 0.000000
vt -1.689299 -0.048671 0.000000
vt -1.562096 -0.073379 0.000000
vt -1.689022 -0.057497 0.000000
vt -1.688698 -0.066322 0.000000
vt -1.767139 -0.100592 0.000000
vt -1.766725 -0.107624 0.000000
vt -1.766283 -0.114654 0.000000
vt -1.683695 -0.145851 0.000000
vt -1.765812 -0.121682 0.000000
vt -1.682910 -0.154647 0.000000
vt -1.682078 -0.163438 0.000000
vt -1.509477 -0.127999 0.000000
vt -1.681201 -0.172226 0.000000
vt -1.671214 -0.251283 0.000000
vt -1.756481 -0.218345 0.000000
vt -1.755598 -0.225334 0.000000
vt -1.757336 -0.211353 0.000000
vt -1.754687 -0.232318 0.000000
vt -1.669878 -0.260012 0.000000
vt -1.668497 -0.268734 0.000000
vt -1.667070 -0.277449 0.000000
vt -1.740597 -0.321280 0.000000
vt -1.739305 -0.328205 0.000000
vt -1.737985 -0.335124 0.000000
vt -1.652138 -0.355724 0.000000
vt -1.736638 -0.342038 0.000000
vt -1.650257 -0.364352 0.000000
vt -1.381468 -0.349528 0.000000
vt -1.378169 -0.289923 0.000000
vt -1.648331 -0.372970 0.000000
vt -1.646359 -0.381578 0.000000
vt -1.626542 -0.458760 0.000000
vt -1.715265 -0.436769 0.000000
vt -1.713513 -0.443592 0.000000
vt -1.716989 -0.429939 0.000000
vt -1.711734 -0.450407 0.000000
vt -1.624123 -0.467253 0.000000
vt -1.621659 -0.475733 0.000000
vt -1.619151 -0.484201 0.000000
vt -1.686605 -0.536902 0.000000
vt -1.684455 -0.543609 0.000000
vt -1.594527 -0.559986 0.000000
vt -1.327842 -0.517166 0.000000
vt -1.591579 -0.568311 0.000000
vt -1.588587 -0.576620 0.000000
vt -1.682278 -0.550309 0.000000
vt -1.680075 -0.556999 0.000000
vt -1.585553 -0.584913 0.000000
vt -1.556218 -0.659003 0.000000
vt -1.552754 -0.667125 0.000000
vt -1.649565 -0.641745 0.000000
vt -1.646998 -0.648305 0.000000
vt -1.644405 -0.654854 0.000000
vt -1.641786 -0.661393 0.000000
vt -1.549246 -0.675230 0.000000
vt -1.545697 -0.683316 0.000000
vt -1.253958 -0.676915 0.000000
vt -1.511768 -0.755418 0.000000
vt -1.507800 -0.763307 0.000000
vt -1.606014 -0.744056 0.000000
vt -1.603040 -0.750441 0.000000
vt -1.600041 -0.756815 0.000000
vt -1.597017 -0.763176 0.000000
vt -1.503791 -0.771175 0.000000
vt -1.499741 -0.779023 0.000000
vt -1.461352 -0.848852 0.000000
vt -1.552756 -0.849616 0.000000
vt -1.549363 -0.855789 0.000000
vt -1.556125 -0.843430 0.000000
vt -1.545945 -0.861948 0.000000
vt -1.456897 -0.856477 0.000000
vt -1.452401 -0.864078 0.000000
vt -1.447867 -0.871655 0.000000
vt -1.500095 -0.939475 0.000000
vt -1.496345 -0.945438 0.000000
vt -1.405169 -0.938936 0.000000
vt -1.160945 -0.826337 0.000000
vt -1.400243 -0.946266 0.000000
vt -1.395280 -0.953570 0.000000
vt -1.492570 -0.951385 0.000000
vt -1.488772 -0.957318 0.000000
vt -1.390278 -0.960847 0.000000
vt -1.343440 -1.025315 0.000000
vt -1.338064 -1.032321 0.000000
vt -1.438145 -1.031813 0.000000
vt -1.434027 -1.037529 0.000000
vt -1.429887 -1.043227 0.000000
vt -1.425724 -1.048909 0.000000
vt -1.332651 -1.039298 0.000000
vt -1.115917 -0.861472 0.000000
vt -1.327202 -1.046248 0.000000
vt -1.276409 -1.107647 0.000000
vt -1.366051 -1.125525 0.000000
vt -1.361561 -1.130952 0.000000
vt -1.370519 -1.120079 0.000000
vt -1.357049 -1.136361 0.000000
vt -1.270603 -1.114301 0.000000
vt -1.264763 -1.120925 0.000000
vt -1.258889 -1.127519 0.000000
vt -1.297484 -1.203925 0.000000
vt -1.292683 -1.209079 0.000000
vt -1.204340 -1.185607 0.000000
vt -1.059001 -0.866230 0.000000
vt -1.198129 -1.191884 0.000000
vt -0.866230 -1.059001 0.000000
vt -1.191884 -1.198129 0.000000
vt -1.185607 -1.204340 0.000000
vt -1.287861 -1.214213 0.000000
vt -1.283019 -1.219329 0.000000
vt -1.219329 -1.283019 0.000000
vt -1.214213 -1.287861 0.000000
vt -1.127519 -1.258889 0.000000
vt -0.861472 -1.115917 0.000000
vt -1.120925 -1.264763 0.000000
vt -1.114301 -1.270603 0.000000
vt -1.209079 -1.292683 0.000000
vt -1.203925 -1.297484 0.000000
vt -1.107647 -1.276409 0.000000
vt -1.046248 -1.327202 0.000000
vt -1.039298 -1.332651 0.000000
vt -1.136361 -1.357049 0.000000
vt -1.130952 -1.361561 0.000000
vt -1.125525 -1.366051 0.000000
vt -1.120079 -1.370519 0.000000
vt -0.826337 -1.160945 0.000000
vt -1.032321 -1.338064 0.000000
vt -1.025315 -1.343440 0.000000
vt -1.048909 -1.425724 0.000000
vt -1.043227 -1.429887 0.000000
vt -0.960847 -1.390278 0.000000
vt -0.953570 -1.395280 0.000000
vt -0.946266 -1.400243 0.000000
vt -1.037529 -1.434027 0.000000
vt -1.031813 -1.438145 0.000000
vt -0.938936 -1.405169 0.000000
vt -0.871655 -1.447867 0.000000
vt -0.676915 -1.253958 0.000000
vt -0.864078 -1.452401 0.000000
vt -0.856477 -1.456897 0.000000
vt -0.957318 -1.488772 0.000000
vt -0.951385 -1.492570 0.000000
vt -0.945438 -1.496345 0.000000
vt -0.939475 -1.500095 0.000000
vt -0.848852 -1.461352 0.000000
vt -0.779023 -1.499741 0.000000
vt -0.771175 -1.503791 0.000000
vt -0.861948 -1.545945 0.000000
vt -0.855789 -1.549363 0.000000
vt -0.849616 -1.552756 0.000000
vt -0.843430 -1.556125 0.000000
vt -0.763307 -1.507800 0.000000
vt -0.755418 -1.511768 0.000000
vt -0.683316 -1.545697 0.000000
vt -0.756815 -1.600041 0.000000
vt -0.750441 -1.603040 0.000000
vt -0.763176 -1.597017 0.000000
vt -0.744056 -1.606014 0.000000
vt -0.517166 -1.327842 0.000000
vt -0.675230 -1.549246 0.000000
vt -0.667125 -1.552754 0.000000
vt -0.659003 -1.556218 0.000000
vt -0.584913 -1.585553 0.000000
vt -0.576620 -1.588587 0.000000
vt -0.661393 -1.641786 0.000000
vt -0.654854 -1.644405 0.000000
vt -0.648305 -1.646998 0.000000
vt -0.641745 -1.649565 0.000000
vt -0.568311 -1.591579 0.000000
vt -0.559986 -1.594527 0.000000
vt -0.484201 -1.619151 0.000000
vt -0.550309 -1.682278 0.000000
vt -0.543609 -1.684455 0.000000
vt -0.556999 -1.680075 0.000000
vt -0.536902 -1.686605 0.000000
vt -0.349528 -1.381468 0.000000
vt -0.475733 -1.621659 0.000000
vt -0.467253 -1.624123 0.000000
vt -0.458760 -1.626542 0.000000
vt -0.381578 -1.646359 0.000000
vt -0.372970 -1.648331 0.000000
vt -0.450407 -1.711734 0.000000
vt -0.443592 -1.713513 0.000000
vt -0.436769 -1.715265 0.000000
vt -0.429939 -1.716989 0.000000
vt -0.364352 -1.650257 0.000000
vt -0.355724 -1.652138 0.000000
vt -0.289923 -1.378169 0.000000
vt -0.277449 -1.667070 0.000000
vt -0.268734 -1.668497 0.000000
vt -0.342038 -1.736638 0.000000
vt -0.335124 -1.737985 0.000000
vt -0.328205 -1.739305 0.000000
vt -0.321280 -1.740597 0.000000
vt -0.260012 -1.669878 0.000000
vt -0.251283 -1.671214 0.000000
vt -0.172226 -1.681201 0.000000
vt -0.225334 -1.755598 0.000000
vt -0.218345 -1.756481 0.000000
vt -0.232318 -1.754687 0.000000
vt -0.211353 -1.757336 0.000000
vt -0.242818 -1.341498 0.000000
vt -0.163438 -1.682078 0.000000
vt -0.154647 -1.682910 0.000000
vt -0.145851 -1.683695 0.000000
vt -0.066322 -1.688698 0.000000
vt -0.057497 -1.689022 0.000000
vt -0.121682 -1.765812 0.000000
vt -0.114654 -1.766283 0.000000
vt -0.107624 -1.766725 0.000000
vt -0.100592 -1.767139 0.000000
vt -0.048671 -1.689299 0.000000
vt -0.039843 -1.689530 0.000000
vt 0.039843 -1.689530 0.000000
vt 0.003522 -1.769996 0.000000
vt 0.010566 -1.769968 0.000000
vt -0.010566 -1.769968 0.000000
vt -0.003522 -1.769996 0.000000
vt 0.242818 -1.341498 0.000000
vt 0.048671 -1.689299 0.000000
vt 0.057497 -1.689022 0.000000
vt 0.066322 -1.688698 0.000000
vt 0.145851 -1.683695 0.000000
vt 0.154647 -1.682910 0.000000
vt 0.100592 -1.767139 0.000000
vt 0.107624 -1.766725 0.000000
vt 0.114654 -1.766283 0.000000
vt 0.121682 -1.765812 0.000000
vt 0.163438 -1.682078 0.000000
vt 0.172226 -1.681201 0.000000
vt 0.289923 -1.378169 0.000000
vt 0.251283 -1.671214 0.000000
vt 0.260012 -1.669878 0.000000
vt 0.211353 -1.757336 0.000000
vt 0.218345 -1.756481 0.000000
vt 0.225334 -1.755598 0.000000
vt 0.232318 -1.754687 0.000000
vt 0.268734 -1.668497 0.000000
vt 0.277449 -1.667070 0.000000
vt 0.355724 -1.652138 0.000000
vt 0.335124 -1.737985 0.000000
vt 0.342038 -1.736638 0.000000
vt 0.321280 -1.740597 0.000000
vt 0.328205 -1.739305 0.000000
vt 0.349528 -1.381468 0.000000
vt 0.364352 -1.650257 0.000000
vt 0.372970 -1.648331 0.000000
vt 0.381578 -1.646359 0.000000
vt 0.458760 -1.626542 0.000000
vt 0.467253 -1.624123 0.000000
vt 0.429939 -1.716989 0.000000
vt 0.436769 -1.715265 0.000000
vt 0.443592 -1.713513 0.000000
vt 0.450407 -1.711734 0.000000
vt 0.475733 -1.621659 0.000000
vt 0.484201 -1.619151 0.000000
vt 0.517166 -1.327842 0.000000
vt 0.559986 -1.594527 0.000000
vt 0.568311 -1.591579 0.000000
vt 0.536902 -1.686605 0.000000
vt 0.543609 -1.684455 0.000000
vt 0.550309 -1.682278 0.000000
vt 0.556999 -1.680075 0.000000
vt 0.576620 -1.588587 0.000000
vt 0.584913 -1.585553 0.000000
vt 0.659003 -1.556218 0.000000
vt 0.654854 -1.644405 0.000000
vt 0.661393 -1.641786 0.000000
vt 0.641745 -1.649565 0.000000
vt 0.648305 -1.646998 0.000000
vt 0.667125 -1.552754 0.000000
vt 0.675230 -1.549246 0.000000
vt 0.683316 -1.545697 0.000000
vt 0.744056 -1.606014 0.000000
vt 0.750441 -1.603040 0.000000
vt 0.756815 -1.600041 0.000000
vt 0.755418 -1.511768 0.000000
vt 0.763176 -1.597017 0.000000
vt 0.676915 -1.253958 0.000000
vt 0.763307 -1.507800 0.000000
vt 0.771175 -1.503791 0.000000
vt 0.779023 -1.499741 0.000000
vt 0.848852 -1.461352 0.000000
vt 0.856477 -1.456897 0.000000
vt 0.843430 -1.556125 0.000000
vt 0.849616 -1.552756 0.000000
vt 0.855789 -1.549363 0.000000
vt 0.861948 -1.545945 0.000000
vt 0.864078 -1.452401 0.000000
vt 0.871655 -1.447867 0.000000
vt 0.826337 -1.160945 0.000000
vt 0.938936 -1.405169 0.000000
vt 0.946266 -1.400243 0.000000
vt 0.939475 -1.500095 0.000000
vt 0.945438 -1.496345 0.000000
vt 0.951385 -1.492570 0.000000
vt 0.957318 -1.488772 0.000000
vt 0.953570 -1.395280 0.000000
vt 0.960847 -1.390278 0.000000
vt 1.025315 -1.343440 0.000000
vt 1.043227 -1.429887 0.000000
vt 1.048909 -1.425724 0.000000
vt 1.031813 -1.438145 0.000000
vt 1.037529 -1.434027 0.000000
vt 1.032321 -1.338064 0.000000
vt 1.039298 -1.332651 0.000000
vt 0.861472 -1.115917 0.000000
vt 1.046248 -1.327202 0.000000
vt 1.107647 -1.276409 0.000000
vt 1.130952 -1.361561 0.000000
vt 1.136361 -1.357049 0.000000
vt 1.120079 -1.370519 0.000000
vt 1.125525 -1.366051 0.000000
vt 1.114301 -1.270603 0.000000
vt 1.120925 -1.264763 0.000000
vt 1.127519 -1.258889 0.000000
vt 1.203925 -1.297484 0.000000
vt 1.209079 -1.292683 0.000000
vt 1.214213 -1.287861 0.000000
vt 1.185607 -1.204340 0.000000
vt 1.219329 -1.283019 0.000000
vt 1.191884 -1.198129 0.000000
vt 0.866230 -1.059001 0.000000
vt 1.198129 -1.191884 0.000000
vt 1.059001 -0.866230 0.000000
vt 0.839059 -1.008764 0.000000
vt 1.008764 -0.839059 0.000000
vt 0.310355 -0.480061 0.000000
vt 0.480061 -0.310355 0.000000
vt 0.275000 -0.465416 0.000000
vt 0.465416 -0.275000 0.000000
vt 0.192763 -0.159193 0.000000
vt 0.480061 -0.239645 0.000000
vt 0.235846 -0.082926 0.000000
vt 0.515416 -0.225000 0.000000
vt 1.306277 -0.082926 0.000000
vt 1.284523 -0.225000 0.000000
vt 1.362821 -0.133472 0.000000
vt 1.341498 -0.242818 0.000000
vt 1.436864 -0.149896 0.000000
vt 1.378169 -0.289923 0.000000
vt 1.509477 -0.127999 0.000000
vt 1.667070 -0.277449 0.000000
vt 1.668497 -0.268734 0.000000
vt 1.204340 -1.185607 0.000000
vt 1.115917 -0.861472 0.000000
vt 1.258889 -1.127519 0.000000
vt 1.264763 -1.120925 0.000000
vt 1.283019 -1.219329 0.000000
vt 1.287861 -1.214213 0.000000
vt 1.292683 -1.209079 0.000000
vt 1.297484 -1.203925 0.000000
vt 1.270603 -1.114301 0.000000
vt 1.276409 -1.107647 0.000000
vt 1.327202 -1.046248 0.000000
vt 1.366051 -1.125525 0.000000
vt 1.370519 -1.120079 0.000000
vt 1.357049 -1.136361 0.000000
vt 1.361561 -1.130952 0.000000
vt 1.332651 -1.039298 0.000000
vt 1.160945 -0.826337 0.000000
vt 1.338064 -1.032321 0.000000
vt 1.343440 -1.025315 0.000000
vt 1.425724 -1.048909 0.000000
vt 1.429887 -1.043227 0.000000
vt 1.434027 -1.037529 0.000000
vt 1.390278 -0.960847 0.000000
vt 1.438145 -1.031813 0.000000
vt 1.395280 -0.953570 0.000000
vt 1.400243 -0.946266 0.000000
vt 1.405169 -0.938936 0.000000
vt 1.447867 -0.871655 0.000000
vt 1.253958 -0.676915 0.000000
vt 1.452401 -0.864078 0.000000
vt 1.456897 -0.856477 0.000000
vt 1.488772 -0.957318 0.000000
vt 1.492570 -0.951385 0.000000
vt 1.496345 -0.945438 0.000000
vt 1.500095 -0.939475 0.000000
vt 1.461352 -0.848852 0.000000
vt 1.499741 -0.779023 0.000000
vt 1.503791 -0.771175 0.000000
vt 1.545945 -0.861948 0.000000
vt 1.549363 -0.855789 0.000000
vt 1.552756 -0.849616 0.000000
vt 1.556125 -0.843430 0.000000
vt 1.507800 -0.763307 0.000000
vt 1.511768 -0.755418 0.000000
vt 1.545697 -0.683316 0.000000
vt 1.603040 -0.750441 0.000000
vt 1.606014 -0.744056 0.000000
vt 1.597017 -0.763176 0.000000
vt 1.600041 -0.756815 0.000000
vt 1.327842 -0.517166 0.000000
vt 1.549246 -0.675230 0.000000
vt 1.552754 -0.667125 0.000000
vt 1.556218 -0.659003 0.000000
vt 1.585553 -0.584913 0.000000
vt 1.588587 -0.576620 0.000000
vt 1.641786 -0.661393 0.000000
vt 1.644405 -0.654854 0.000000
vt 1.646998 -0.648305 0.000000
vt 1.649565 -0.641745 0.000000
vt 1.591579 -0.568311 0.000000
vt 1.594527 -0.559986 0.000000
vt 1.619151 -0.484201 0.000000
vt 1.684455 -0.543609 0.000000
vt 1.686605 -0.536902 0.000000
vt 1.680075 -0.556999 0.000000
vt 1.682278 -0.550309 0.000000
vt 1.381468 -0.349528 0.000000
vt 1.621659 -0.475733 0.000000
vt 1.624123 -0.467253 0.000000
vt 1.626542 -0.458760 0.000000
vt 1.646359 -0.381578 0.000000
vt 1.648331 -0.372970 0.000000
vt 1.711734 -0.450407 0.000000
vt 1.713513 -0.443592 0.000000
vt 1.715265 -0.436769 0.000000
vt 1.716989 -0.429939 0.000000
vt 1.650257 -0.364352 0.000000
vt 1.652138 -0.355724 0.000000
vt 1.736638 -0.342038 0.000000
vt 1.737985 -0.335124 0.000000
vt 1.739305 -0.328205 0.000000
vt 1.740597 -0.321280 0.000000
vt 1.669878 -0.260012 0.000000
vt 1.671214 -0.251283 0.000000
vt 1.681201 -0.172226 0.000000
vt 1.756481 -0.218345 0.000000
vt 1.757336 -0.211353 0.000000
vt 1.754687 -0.232318 0.000000
vt 1.755598 -0.225334 0.000000
vt 1.682078 -0.163438 0.000000
vt 1.562096 -0.073379 0.000000
vt 1.682910 -0.154647 0.000000
vt 1.683695 -0.145851 0.000000
vt 1.765812 -0.121682 0.000000
vt 1.766283 -0.114654 0.000000
vt 1.688698 -0.066322 0.000000
vt 1.689022 -0.057497 0.000000
vt 1.689299 -0.048671 0.000000
vt 1.766725 -0.107624 0.000000
vt 1.767139 -0.100592 0.000000
vt 1.581270 0.000000 0.000000
vt 1.689530 -0.039843 0.000000
vt 1.689530 0.039843 0.000000
vt 1.769996 -0.003522 0.000000
vt 1.769996 0.003522 0.000000
vt 1.769968 -0.010566 0.000000
vt 1.769968 0.010566 0.000000
vt 1.689299 0.048671 0.000000
vt 1.562096 0.073379 0.000000
vt 1.689022 0.057497 0.000000
vt 1.688698 0.066322 0.000000
vt 1.767139 0.100592 0.000000
vt 1.766725 0.107624 0.000000
vt 1.683695 0.145851 0.000000
vt 1.682910 0.154647 0.000000
vt 1.682078 0.163438 0.000000
vt 1.766283 0.114654 0.000000
vt 1.765812 0.121682 0.000000
vt 1.509477 0.127999 0.000000
vt 1.681201 0.172226 0.000000
vt 1.671214 0.251283 0.000000
vt 1.756481 0.218345 0.000000
vt 1.755598 0.225334 0.000000
vt 1.757336 0.211353 0.000000
vt 1.754687 0.232318 0.000000
vt 1.669878 0.260012 0.000000
vt 1.668497 0.268734 0.000000
vt 1.667070 0.277449 0.000000
vt 1.740597 0.321280 0.000000
vt 1.739305 0.328205 0.000000
vt 1.652138 0.355724 0.000000
vt 1.378169 0.289923 0.000000
vt 1.381468 0.349528 0.000000
vt 1.650257 0.364352 0.000000
vt 1.648331 0.372970 0.000000
vt 1.737985 0.335124 0.000000
vt 1.736638 0.342038 0.000000
vt 1.646359 0.381578 0.000000
vt 1.626542 0.458760 0.000000
vt 1.624123 0.467253 0.000000
vt 1.716989 0.429939 0.000000
vt 1.715265 0.436769 0.000000
vt 1.713513 0.443592 0.000000
vt 1.711734 0.450407 0.000000
vt 1.621659 0.475733 0.000000
vt 1.619151 0.484201 0.000000
vt 1.327842 0.517166 0.000000
vt 1.594527 0.559986 0.000000
vt 1.591579 0.568311 0.000000
vt 1.686605 0.536902 0.000000
vt 1.684455 0.543609 0.000000
vt 1.682278 0.550309 0.000000
vt 1.680075 0.556999 0.000000
vt 1.588587 0.576620 0.000000
vt 1.585553 0.584913 0.000000
vt 1.556218 0.659003 0.000000
vt 1.646998 0.648305 0.000000
vt 1.644405 0.654854 0.000000
vt 1.649565 0.641745 0.000000
vt 1.641786 0.661393 0.000000
vt 1.552754 0.667125 0.000000
vt 1.549246 0.675230 0.000000
vt 1.545697 0.683316 0.000000
vt 1.606014 0.744056 0.000000
vt 1.603040 0.750441 0.000000
vt 1.511768 0.755418 0.000000
vt 1.253958 0.676915 0.000000
vt 1.507800 0.763307 0.000000
vt 1.503791 0.771175 0.000000
vt 1.600041 0.756815 0.000000
vt 1.597017 0.763176 0.000000
vt 1.499741 0.779023 0.000000
vt 1.461352 0.848852 0.000000
vt 1.456897 0.856477 0.000000
vt 1.556125 0.843430 0.000000
vt 1.552756 0.849616 0.000000
vt 1.549363 0.855789 0.000000
vt 1.545945 0.861948 0.000000
vt 1.452401 0.864078 0.000000
vt 1.447867 0.871655 0.000000
vt 1.160945 0.826337 0.000000
vt 1.405169 0.938936 0.000000
vt 1.400243 0.946266 0.000000
vt 1.500095 0.939475 0.000000
vt 1.496345 0.945438 0.000000
vt 1.492570 0.951385 0.000000
vt 1.488772 0.957318 0.000000
vt 1.395280 0.953570 0.000000
vt 1.390278 0.960847 0.000000
vt 1.343440 1.025315 0.000000
vt 1.434027 1.037529 0.000000
vt 1.429887 1.043227 0.000000
vt 1.438145 1.031813 0.000000
vt 1.425724 1.048909 0.000000
vt 1.338064 1.032321 0.000000
vt 1.332651 1.039298 0.000000
vt 1.115917 0.861472 0.000000
vt 1.327202 1.046248 0.000000
vt 1.276409 1.107647 0.000000
vt 1.366051 1.125525 0.000000
vt 1.361561 1.130952 0.000000
vt 1.370519 1.120079 0.000000
vt 1.357049 1.136361 0.000000
vt 1.270603 1.114301 0.000000
vt 1.264763 1.120925 0.000000
vt 1.258889 1.127519 0.000000
vt 1.297484 1.203925 0.000000
vt 1.292683 1.209079 0.000000
vt 1.204340 1.185607 0.000000
vt 1.059001 0.866230 0.000000
vt 1.198129 1.191884 0.000000
vt 0.866230 1.059001 0.000000
vt 1.191884 1.198129 0.000000
vt 1.185607 1.204340 0.000000
vt 1.287861 1.214213 0.000000
vt 1.283019 1.219329 0.000000
vt 1.219329 1.283019 0.000000
vt 1.214213 1.287861 0.000000
vt 1.127519 1.258889 0.000000
vt 0.861472 1.115917 0.000000
vt 1.120925 1.264763 0.000000
vt 1.114301 1.270603 0.000000
vt 1.209079 1.292683 0.000000
vt 1.203925 1.297484 0.000000
vt 1.107647 1.276409 0.000000
vt 1.046248 1.327202 0.000000
vt 1.039298 1.332651 0.000000
vt 1.136361 1.357049 0.000000
vt 1.130952 1.361561 0.000000
vt 1.125525 1.366051 0.000000
vt 1.120079 1.370519 0.000000
vt 0.826337 1.160945 0.000000
vt 1.032321 1.338064 0.000000
vt 1.025315 1.343440 0.000000
vt 1.048909 1.425724 0.000000
vt 1.043227 1.429887 0.000000
vt 0.960847 1.390278 0.000000
vt 0.953570 1.395280 0.000000
vt 0.946266 1.400243 0.000000
vt 1.037529 1.434027 0.000000
vt 1.031813 1.438145 0.000000
vt 0.938936 1.405169 0.000000
vt 0.871655 1.447867 0.000000
vt 0.676915 1.253958 0.000000
vt 0.864078 1.452401 0.000000
vt 0.856477 1.456897 0.000000
vt 0.957318 1.488772 0.000000
vt 0.951385 1.492570 0.000000
vt 0.945438 1.496345 0.000000
vt 0.939475 1.500095 0.000000
vt 0.848852 1.461352 0.000000
vt 0.779023 1.499741 0.000000
vt 0.771175 1.503791 0.000000
vt 0.861948 1.545945 0.000000
vt 0.855789 1.549363 0.000000
vt 0.849616 1.552756 0.000000
vt 0.843430 1.556125 0.000000
vt 0.763307 1.507800 0.000000
vt 0.755418 1.511768 0.000000
vt 0.683316 1.545697 0.000000
vt 0.756815 1.600041 0.000000
vt 0.750441 1.603040 0.000000
vt 0.763176 1.597017 0.000000
vt 0.744056 1.606014 0.000000
vt 0.517166 1.327842 0.000000
vt 0.675230 1.549246 0.000000
vt 0.667125 1.552754 0.000000
vt 0.659003 1.556218 0.000000
vt 0.584913 1.585553 0.000000
vt 0.576620 1.588587 0.000000
vt 0.661393 1.641786 0.000000
vt 0.654854 1.644405 0.000000
vt 0.648305 1.646998 0.000000
vt 0.641745 1.649565 0.000000
vt 0.568311 1.591579 0.000000
vt 0.559986 1.594527 0.000000
vt 0.484201 1.619151 0.000000
vt 0.550309 1.682278 0.000000
vt 0.543609 1.684455 0.000000
vt 0.556999 1.680075 0.000000
vt 0.536902 1.686605 0.000000
vt 0.349528 1.381468 0.000000
vt 0.475733 1.621659 0.000000
vt 0.467253 1.624123 0.000000
vt 0.458760 1.626542 0.000000
vt 0.381578 1.646359 0.000000
vt 0.372970 1.648331 0.000000
vt 0.450407 1.711734 0.000000
vt 0.443592 1.713513 0.000000
vt 0.436769 1.715265 0.000000
vt 0.429939 1.716989 0.000000
vt 0.364352 1.650257 0.000000
vt 0.355724 1.652138 0.000000
vt 0.289923 1.378169 0.000000
vt 0.277449 1.667070 0.000000
vt 0.268734 1.668497 0.000000
vt 0.342038 1.736638 0.000000
vt 0.335124 1.737985 0.000000
vt 0.328205 1.739305 0.000000
vt 0.321280 1.740597 0.000000
vt 0.260012 1.669878 0.000000
vt 0.251283 1.671214 0.000000
vt 0.172226 1.681201 0.000000
vt 0.225334 1.755598 0.000000
vt 0.218345 1.756481 0.000000
vt 0.232318 1.754687 0.000000
vt 0.211353 1.757336 0.000000
vt 0.163438 1.682078 0.000000
vt 0.154647 1.682910 0.000000
vt 0.107624 1.766725 0.000000
vt 0.100592 1.767139 0.000000
vt -0.239645 0.480061 0.000000
vt -0.043797 0.246134 0.000000
vt -0.225000 0.515416 0.000000
vt 0.043797 0.246134 0.000000
vt 0.225000 0.515416 0.000000
vt 0.239645 0.480061 0.000000
vt 0.126015 0.215917 0.000000
vt 0.275000 0.465416 0.000000
vt 0.192763 0.159193 0.000000
vt 0.465416 0.275000 0.000000
vt 0.480061 0.239645 0.000000
vt 0.235846 0.082926 0.000000
vt 0.515416 0.225000 0.000000
vt 1.306277 0.082926 0.000000
vt 1.284523 0.225000 0.000000
vt 1.362821 0.133472 0.000000
vt 1.341498 0.242818 0.000000
vt 1.436864 0.149896 0.000000
vt -0.126015 0.215917 0.000000
vt 0.225000 1.284523 0.000000
vt -0.225000 1.284523 0.000000
vt -0.839059 -1.008764 0.000000
vt -1.008764 -0.839059 0.000000
vt -0.310355 -0.480061 0.000000
vt -0.480061 -0.310355 0.000000
vt -0.275000 -0.465416 0.000000
vt -0.465416 -0.275000 0.000000
vt -0.192763 -0.159193 0.000000
vt -0.480061 -0.239645 0.000000
vt -0.235846 -0.082926 0.000000
vt -0.515416 -0.225000 0.000000
vt -1.306277 -0.082926 0.000000
vt -1.284523 -0.225000 0.000000
vt -1.362821 -0.133472 0.000000
vt -1.341498 -0.242818 0.000000
vt -1.436864 -0.149896 0.000000
vt -0.126015 -0.215917 0.000000
vt -0.239645 -0.480061 0.000000
vt -0.043797 -0.246134 0.000000
vt -0.225000 -0.515416 0.000000
vt 0.225000 -0.515416 0.000000
vt 0.225000 -1.284523 0.000000
vt -0.225000 -1.284523 0.000000
vt 0.043797 -0.246134 0.000000
vt 0.239645 -0.480061 0.000000
vt 0.126015 -0.215917 0.000000
vt 0.480061 0.310355 0.000000
vt 0.310355 0.480061 0.000000
vt 1.008764 0.839059 0.000000
vt 0.839059 1.008764 0.000000
vt -0.994750 0.157080 0.000000
vt -1.244750 0.157080 0.000000
vt -0.994750 0.117810 0.000000
vt -1.244750 0.117810 0.000000
vt -1.244750 0.078540 0.000000
vt -0.994750 0.078540 0.000000
vt -1.244750 0.039270 0.000000
vt -0.994750 0.039270 0.000000
vt 0.230970 -0.095671 0.000000
vt 0.250000 0.000000 0.000000
vt 0.100000 0.000000 0.000000
vt 0.230970 0.095671 0.000000
vt 0.080902 0.058779 0.000000
vt 0.176777 0.176777 0.000000
vt 0.030902 0.095106 0.000000
vt 0.095671 0.230970 0.000000
vt 0.000000 0.250000 0.000000
vt -0.030902 0.095106 0.000000
vt -0.095671 0.230970 0.000000
vt -0.176777 0.176777 0.000000
vt -0.080902 0.058779 0.000000
vt -0.230970 0.095671 0.000000
vt -0.100000 -0.000000 0.000000
vt -0.250000 0.000000 0.000000
vt -0.230970 -0.095671 0.000000
vt -0.080902 -0.058779 0.000000
vt -0.176777 -0.176777 0.000000
vt -0.030902 -0.095106 0.000000
vt -0.095671 -0.230970 0.000000
vt -0.000000 -0.250000 0.000000
vt 0.030902 -0.095106 0.000000
vt 0.095671 -0.230970 0.000000
vt 0.176777 -0.176777 0.000000
vt 0.080902 -0.058779 0.000000
vt -1.244750 -0.392979 0.000000
vt -0.994750 -0.392979 0.000000
vt -1.244750 0.376128 0.000000
vt -0.994750 0.376128 0.000000
vt -1.244750 0.024781 0.000000
vt -1.244750 -0.035839 0.000000
vt -0.994750 0.024781 0.000000
vt -0.994750 -0.035839 0.000000
vt -1.244750 -0.096459 0.000000
vt -0.994750 -0.096459 0.000000
vt -1.244750 -0.157080 0.000000
vt -0.994750 -0.157080 0.000000
vt -1.244750 0.881488 0.000000
vt -1.244750 0.705369 0.000000
vt -0.994750 0.881488 0.000000
vt -0.994750 0.705369 0.000000
vt -1.244750 0.529250 0.000000
vt -0.994750 0.529250 0.000000
vt -1.244750 0.353132 0.000000
vt -0.994750 0.353132 0.000000
vt -1.244750 0.235619 0.000000
vt -1.244750 0.177699 0.000000
vt -0.994750 0.235619 0.000000
vt -0.994750 0.177699 0.000000
vt -1.244750 0.119779 0.000000
vt -0.994750 0.119779 0.000000
vt -1.244750 0.061859 0.000000
vt -0.994750 0.061859 0.000000
vt 1.244750 0.747699 0.000000
vt 0.994750 0.747699 0.000000
vt 1.244750 -0.000000 0.000000
vt 0.994750 -0.000000 0.000000
vt -1.244750 0.095221 0.000000
vt -1.244750 0.037301 0.000000
vt -0.994750 0.095221 0.000000
vt -0.994750 0.037301 0.000000
vt -1.244750 -0.020620 0.000000
vt -0.994750 -0.020620 0.000000
vt -1.244750 -0.078540 0.000000
vt -0.994750 -0.078540 0.000000
vt -1.244750 1.885253 0.000000
vt -1.244750 1.709134 0.000000
vt -0.994750 1.885253 0.000000
vt -0.994750 1.709134 0.000000
vt -1.244750 1.533016 0.000000
vt -0.994750 1.533016 0.000000
vt -0.994750 1.356897 0.000000
vt -1.244750 1.356897 0.000000
vt -0.994750 0.314159 0.000000
vt -1.244750 0.314159 0.000000
vt -0.994750 0.253539 0.000000
vt -1.244750 0.253539 0.000000
vt -1.244750 0.192919 0.000000
vt -0.994750 0.192919 0.000000
vt -1.244750 0.132298 0.000000
vt -0.994750 0.132298 0.000000
vt 1.244750 0.153513 0.000000
vt 0.994750 0.153513 0.000000
vt 1.244750 -0.615594 0.000000
vt 0.994750 -0.615594 0.000000
vt -1.244750 -0.747699 0.000000
vt -0.994750 -0.747699 0.000000
vt -1.244750 0.000000 0.000000
vt -0.994750 0.000000 0.000000
vt 0.250000 -0.000000 0.000000
vt -0.000000 -0.000000 0.000000
vt 0.250000 -0.085601 0.000000
vt -0.000000 -0.085601 0.000000
vt -1.244750 0.252300 0.000000
vt -1.244750 0.194380 0.000000
vt -0.994750 0.252300 0.000000
vt -0.994750 0.194380 0.000000
vt -1.244750 0.136460 0.000000
vt -0.994750 0.136460 0.000000
vt -1.244750 0.078540 0.000000
vt -0.994750 0.078540 0.000000
vt -1.244750 4.123638 0.000000
vt -1.244750 3.947519 0.000000
vt -0.994750 4.123638 0.000000
vt -0.994750 3.947519 0.000000
vt -0.994750 3.771401 0.000000
vt -1.244750 3.771401 0.000000
vt -1.244750 3.595282 0.000000
vt -0.994750 3.595282 0.000000
vt -1.244750 -0.157080 0.000000
vt -1.244750 -0.217700 0.000000
vt -0.994750 -0.157080 0.000000
vt -0.994750 -0.217700 0.000000
vt -1.244750 -0.278320 0.000000
vt -0.994750 -0.278320 0.000000
vt -1.244750 -0.338940 0.000000
vt -0.994750 -0.338940 0.000000
vt -1.244750 -0.153513 0.000000
vt -0.994750 -0.153513 0.000000
vt -1.244750 0.615594 0.000000
vt -0.994750 0.615594 0.000000
vt -1.244750 -0.747699 0.000000
vt -0.994750 -0.747699 0.000000
vt -1.244750 0.000000 0.000000
vt -0.994750 0.000000 0.000000
vt -1.244750 -0.392979 0.000000
vt -0.994750 -0.392979 0.000000
vt -1.244750 0.376128 0.000000
vt -0.994750 0.376128 0.000000
vt -1.244750 0.181861 0.000000
vt -1.244750 0.121241 0.000000
vt -0.994750 0.181861 0.000000
vt -0.994750 0.121241 0.000000
vt -1.244750 0.060620 0.000000
vt -0.994750 0.060620 0.000000
vt -0.994750 0.000000 0.000000
vt -1.244750 0.000000 0.000000
vt -1.244750 3.119873 0.000000
vt -1.244750 2.943754 0.000000
vt -0.994750 3.119873 0.000000
vt -0.994750 2.943754 0.000000
vt -1.244750 2.767635 0.000000
vt -0.994750 2.767635 0.000000
vt -0.994750 2.591516 0.000000
vt -1.244750 2.591516 0.000000
vt -1.244750 -0.235619 0.000000
vt -1.244750 -0.293540 0.000000
vt -0.994750 -0.235619 0.000000
vt -0.994750 -0.293540 0.000000
vt -1.244750 -0.351460 0.000000
vt -0.994750 -0.351460 0.000000
vt -0.994750 0.276859 0.000000
vt -1.244750 0.276859 0.000000
vt -1.244750 0.218938 0.000000
vt -0.994750 0.218938 0.000000
vt 1.244750 0.747699 0.000000
vt 0.994750 0.747699 0.000000
vt 1.244750 -0.000000 0.000000
vt 0.994750 -0.000000 0.000000
vt -1.244750 -0.218938 0.000000
vt -1.244750 -0.276859 0.000000
vt -0.994750 -0.218938 0.000000
vt -0.994750 -0.276859 0.000000
vt -1.244750 -0.334779 0.000000
vt -0.994750 -0.334779 0.000000
vt -0.994750 0.293540 0.000000
vt -1.244750 0.293540 0.000000
vt -1.244750 0.235619 0.000000
vt -0.994750 0.235619 0.000000
vt -0.994750 -2.591516 0.000000
vt -1.244750 -2.591516 0.000000
vt -0.994750 -2.767635 0.000000
vt -1.244750 -2.767635 0.000000
vt -1.244750 -2.943754 0.000000
vt -0.994750 -2.943754 0.000000
vt -1.244750 -3.119873 0.000000
vt -0.994750 -3.119873 0.000000
vt -0.994750 0.000000 0.000000
vt -1.244750 0.000000 0.000000
vt -0.994750 -0.060620 0.000000
vt -1.244750 -0.060620 0.000000
vt -1.244750 -0.121241 0.000000
vt -0.994750 -0.121241 0.000000
vt -1.244750 -0.181861 0.000000
vt -0.994750 -0.181861 0.000000
vt -1.244750 -0.153513 0.000000
vt -0.994750 -0.153513 0.000000
vt -1.244750 0.615594 0.000000
vt -0.994750 0.615594 0.000000
vt 1.244750 0.747699 0.000000
vt 0.994750 0.747699 0.000000
vt 1.244750 -0.000000 0.000000
vt 0.994750 -0.000000 0.000000
vt 1.244750 0.392979 0.000000
vt 0.994750 0.392979 0.000000
vt 1.244750 -0.376128 0.000000
vt 0.994750 -0.376128 0.000000
vt -1.244750 -0.289378 0.000000
vt -1.244750 -0.349998 0.000000
vt -0.994750 -0.289378 0.000000
vt -0.994750 -0.349998 0.000000
vt -0.994750 0.278320 0.000000
vt -1.244750 0.278320 0.000000
vt -1.244750 0.217700 0.000000
vt -0.994750 0.217700 0.000000
vt -1.244750 0.157080 0.000000
vt -0.994750 0.157080 0.000000
vt -1.244750 -3.595282 0.000000
vt -1.244750 -3.771401 0.000000
vt -0.994750 -3.595282 0.000000
vt -0.994750 -3.771401 0.000000
vt -0.994750 -3.947519 0.000000
vt -1.244750 -3.947519 0.000000
vt -1.244750 -4.123638 0.000000
vt -0.994750 -4.123638 0.000000
vt -1.244750 -0.078540 0.000000
vt -1.244750 -0.136460 0.000000
vt -0.994750 -0.078540 0.000000
vt -0.994750 -0.136460 0.000000
vt -1.244750 -0.194380 0.000000
vt -0.994750 -0.194380 0.000000
vt -1.244750 -0.252300 0.000000
vt -0.994750 -0.252300 0.000000
vt -1.244750 -0.747699 0.000000
vt -0.994750 -0.747699 0.000000
vt -1.244750 0.000000 0.000000
vt -0.994750 0.000000 0.000000
vt -1.244750 -0.061859 0.000000
vt -1.244750 -0.119779 0.000000
vt -0.994750 -0.061859 0.000000
vt -0.994750 -0.119779 0.000000
vt -1.244750 -0.177699 0.000000
vt -0.994750 -0.177699 0.000000
vt -1.244750 -0.235619 0.000000
vt -0.994750 -0.235619 0.000000
vt -1.244750 -0.353132 0.000000
vt -1.244750 -0.529250 0.000000
vt -0.994750 -0.353132 0.000000
vt -0.994750 -0.529250 0.000000
vt -1.244750 -0.705369 0.000000
vt -0.994750 -0.705369 0.000000
vt -1.244750 -0.881488 0.000000
vt -0.994750 -0.881488 0.000000
vt -1.244750 0.157080 0.000000
vt -1.244750 0.096459 0.000000
vt -0.994750 0.157080 0.000000
vt -0.994750 0.096459 0.000000
vt -1.244750 0.035839 0.000000
vt -0.994750 0.035839 0.000000
vt -1.244750 -0.024781 0.000000
vt -0.994750 -0.024781 0.000000
vt 1.244750 0.153513 0.000000
vt 0.994750 0.153513 0.000000
vt 1.244750 -0.615594 0.000000
vt 0.994750 -0.615594 0.000000
vt 1.244750 0.747699 0.000000
vt 0.994750 0.747699 0.000000
vt 1.244750 -0.000000 0.000000
vt 0.994750 -0.000000 0.000000
vt 1.244750 0.392979 0.000000
vt 0.994750 0.392979 0.000000
vt 1.244750 -0.376128 0.000000
vt 0.994750 -0.376128 0.000000
vt -1.244750 -0.132298 0.000000
vt -1.244750 -0.192919 0.000000
vt -0.994750 -0.132298 0.000000
vt -0.994750 -0.192919 0.000000
vt -1.244750 -0.253539 0.000000
vt -0.994750 -0.253539 0.000000
vt -0.994750 -0.314159 0.000000
vt -1.244750 -0.314159 0.000000
vt -0.994750 -1.356897 0.000000
vt -1.244750 -1.356897 0.000000
vt -0.994750 -1.533016 0.000000
vt -1.244750 -1.533016 0.000000
vt -1.244750 -1.709134 0.000000
vt -0.994750 -1.709134 0.000000
vt -1.244750 -1.885253 0.000000
vt -0.994750 -1.885253 0.000000
vt -1.244750 0.078540 0.000000
vt -1.244750 0.020620 0.000000
vt -0.994750 0.078540 0.000000
vt -0.994750 0.020620 0.000000
vt -1.244750 -0.037301 0.000000
vt -0.994750 -0.037301 0.000000
vt -1.244750 -0.095221 0.000000
vt -0.994750 -0.095221 0.000000
vt -1.244750 -0.747699 0.000000
vt -0.994750 -0.747699 0.000000
vt -1.244750 0.000000 0.000000
vt -0.994750 0.000000 0.000000
vt 0.200000 0.098175 0.000000
vt -0.000000 0.098175 0.000000
vt 0.200000 0.000000 0.000000
vt -0.000000 0.000000 0.000000
vt 0.200000 -0.098175 0.000000
vt -0.000000 -0.098175 0.000000
vt 0.200000 -0.196350 0.000000
vt -0.000000 -0.196350 0.000000
vt 0.200000 -0.294524 0.000000
vt -0.000000 -0.294524 0.000000
vt 0.200000 -0.392699 0.000000
vt -0.000000 -0.392699 0.000000
vt 0.200000 -0.490874 0.000000
vt -0.000000 -0.490874 0.000000
vt 0.200000 -0.589049 0.000000
vt -0.000000 -0.589049 0.000000
vt 0.200000 -0.687223 0.000000
vt -0.000000 -0.687223 0.000000
vt 0.200000 -0.785398 0.000000
vt 0.000000 -0.785398 0.000000
vt 0.200000 0.785398 0.000000
vt 0.000000 0.785398 0.000000
vt 0.200000 0.687223 0.000000
vt 0.000000 0.687223 0.000000
vt 0.200000 0.589049 0.000000
vt 0.000000 0.589049 0.000000
vt 0.200000 0.490874 0.000000
vt 0.000000 0.490874 0.000000
vt 0.200000 0.392699 0.000000
vt -0.000000 0.392699 0.000000
vt 0.200000 0.294524 0.000000
vt -0.000000 0.294524 0.000000
vt 0.200000 0.196350 0.000000
vt -0.000000 0.196350 0.000000
vt 0.010566 1.769968 0.000000
vt 0.003522 1.769996 0.000000
vt 0.039843 1.689530 0.000000
vt -0.003522 1.769996 0.000000
vt -0.039843 1.689530 0.000000
vt -0.010566 1.769968 0.000000
vt -0.048671 1.689299 0.000000
vt -0.242818 1.341498 0.000000
vt 0.242818 1.341498 0.000000
vt 0.048671 1.689299 0.000000
vt 0.057497 1.689022 0.000000
vt 0.066322 1.688698 0.000000
vt 0.145851 1.683695 0.000000
vt 0.114654 1.766283 0.000000
vt 0.121682 1.765812 0.000000
vt -0.057497 1.689022 0.000000
vt -0.066322 1.688698 0.000000
vt -0.145851 1.683695 0.000000
vt -0.114654 1.766283 0.000000
vt -0.121682 1.765812 0.000000
vt -0.100592 1.767139 0.000000
vt -0.107624 1.766725 0.000000
vt -0.154647 1.682910 0.000000
vt -0.163438 1.682078 0.000000
vt -0.172226 1.681201 0.000000
vt -0.211353 1.757336 0.000000
vt -0.218345 1.756481 0.000000
vt -0.225334 1.755598 0.000000
vt -0.251283 1.671214 0.000000
vt -0.232318 1.754687 0.000000
vt -0.289923 1.378169 0.000000
vt -0.260012 1.669878 0.000000
vt -0.268734 1.668497 0.000000
vt -0.277449 1.667070 0.000000
vt -0.355724 1.652138 0.000000
vt -0.349528 1.381468 0.000000
vt -0.364352 1.650257 0.000000
vt -0.372970 1.648331 0.000000
vt -0.321280 1.740597 0.000000
vt -0.328205 1.739305 0.000000
vt -0.335124 1.737985 0.000000
vt -0.342038 1.736638 0.000000
vt -0.381578 1.646359 0.000000
vt -0.458760 1.626542 0.000000
vt -0.467253 1.624123 0.000000
vt -0.429939 1.716989 0.000000
vt -0.436769 1.715265 0.000000
vt -0.443592 1.713513 0.000000
vt -0.450407 1.711734 0.000000
vt -0.475733 1.621659 0.000000
vt -0.484201 1.619151 0.000000
vt -0.517166 1.327842 0.000000
vt -0.559986 1.594527 0.000000
vt -0.568311 1.591579 0.000000
vt -0.536902 1.686605 0.000000
vt -0.543609 1.684455 0.000000
vt -0.550309 1.682278 0.000000
vt -0.556999 1.680075 0.000000
vt -0.576620 1.588587 0.000000
vt -0.584913 1.585553 0.000000
vt -0.659003 1.556218 0.000000
vt -0.654854 1.644405 0.000000
vt -0.661393 1.641786 0.000000
vt -0.641745 1.649565 0.000000
vt -0.648305 1.646998 0.000000
vt -0.667125 1.552754 0.000000
vt -0.675230 1.549246 0.000000
vt -0.683316 1.545697 0.000000
vt -0.744056 1.606014 0.000000
vt -0.750441 1.603040 0.000000
vt -0.756815 1.600041 0.000000
vt -0.755418 1.511768 0.000000
vt -0.763176 1.597017 0.000000
vt -0.676915 1.253958 0.000000
vt -0.763307 1.507800 0.000000
vt -0.771175 1.503791 0.000000
vt -0.779023 1.499741 0.000000
vt -0.848852 1.461352 0.000000
vt -0.856477 1.456897 0.000000
vt -0.843430 1.556125 0.000000
vt -0.849616 1.552756 0.000000
vt -0.855789 1.549363 0.000000
vt -0.861948 1.545945 0.000000
vt -0.864078 1.452401 0.000000
vt -0.871655 1.447867 0.000000
vt -0.826337 1.160945 0.000000
vt -0.938936 1.405169 0.000000
vt -0.946266 1.400243 0.000000
vt -0.939475 1.500095 0.000000
vt -0.945438 1.496345 0.000000
vt -0.951385 1.492570 0.000000
vt -0.957318 1.488772 0.000000
vt -0.953570 1.395280 0.000000
vt -0.960847 1.390278 0.000000
vt -1.025315 1.343440 0.000000
vt -1.043227 1.429887 0.000000
vt -1.048909 1.425724 0.000000
vt -1.031813 1.438145 0.000000
vt -1.037529 1.434027 0.000000
vt -1.032321 1.338064 0.000000
vt -1.039298 1.332651 0.000000
vt -0.861472 1.115917 0.000000
vt -1.046248 1.327202 0.000000
vt -1.107647 1.276409 0.000000
vt -1.130952 1.361561 0.000000
vt -1.136361 1.357049 0.000000
vt -1.120079 1.370519 0.000000
vt -1.125525 1.366051 0.000000
vt -1.114301 1.270603 0.000000
vt -1.120925 1.264763 0.000000
vt -1.127519 1.258889 0.000000
vt -1.203925 1.297484 0.000000
vt -1.209079 1.292683 0.000000
vt -1.214213 1.287861 0.000000
vt -1.185607 1.204340 0.000000
vt -1.219329 1.283019 0.000000
vt -1.191884 1.198129 0.000000
vt -0.866230 1.059001 0.000000
vt -1.198129 1.191884 0.000000
vt -1.059001 0.866230 0.000000
vt -0.839059 1.008764 0.000000
vt -1.008764 0.839059 0.000000
vt -0.310355 0.480061 0.000000
vt -0.480061 0.310355 0.000000
vt -0.275000 0.465416 0.000000
vt -0.465416 0.275000 0.000000
vt -0.176777 0.176777 0.000000
vt -0.230970 0.095671 0.000000
vt -0.480061 0.239645 0.000000
vt -0.250000 0.000000 0.000000
vt -0.515416 0.225000 0.000000
vt -0.515416 -0.225000 0.000000
vt -1.284523 0.225000 0.000000
vt -1.284523 -0.225000 0.000000
vt -1.341498 -0.242818 0.000000
vt -1.341498 0.242818 0.000000
vt -1.689530 0.039843 0.000000
vt -1.689299 0.048671 0.000000
vt -1.689022 0.057497 0.000000
vt -1.688698 0.066322 0.000000
vt -1.683695 0.145851 0.000000
vt -1.766725 0.107624 0.000000
vt -1.766283 0.114654 0.000000
vt -1.765812 0.121682 0.000000
vt -1.204340 1.185607 0.000000
vt -1.115917 0.861472 0.000000
vt -1.258889 1.127519 0.000000
vt -1.264763 1.120925 0.000000
vt -1.283019 1.219329 0.000000
vt -1.287861 1.214213 0.000000
vt -1.292683 1.209079 0.000000
vt -1.297484 1.203925 0.000000
vt -1.270603 1.114301 0.000000
vt -1.276409 1.107647 0.000000
vt -1.327202 1.046248 0.000000
vt -1.366051 1.125525 0.000000
vt -1.370519 1.120079 0.000000
vt -1.357049 1.136361 0.000000
vt -1.361561 1.130952 0.000000
vt -1.332651 1.039298 0.000000
vt -1.160945 0.826337 0.000000
vt -1.338064 1.032321 0.000000
vt -1.343440 1.025315 0.000000
vt -1.425724 1.048909 0.000000
vt -1.429887 1.043227 0.000000
vt -1.434027 1.037529 0.000000
vt -1.390278 0.960847 0.000000
vt -1.438145 1.031813 0.000000
vt -1.395280 0.953570 0.000000
vt -1.400243 0.946266 0.000000
vt -1.405169 0.938936 0.000000
vt -1.447867 0.871655 0.000000
vt -1.253958 0.676915 0.000000
vt -1.452401 0.864078 0.000000
vt -1.456897 0.856477 0.000000
vt -1.488772 0.957318 0.000000
vt -1.492570 0.951385 0.000000
vt -1.496345 0.945438 0.000000
vt -1.500095 0.939475 0.000000
vt -1.461352 0.848852 0.000000
vt -1.499741 0.779023 0.000000
vt -1.503791 0.771175 0.000000
vt -1.545945 0.861948 0.000000
vt -1.549363 0.855789 0.000000
vt -1.552756 0.849616 0.000000
vt -1.556125 0.843430 0.000000
vt -1.507800 0.763307 0.000000
vt -1.511768 0.755418 0.000000
vt -1.545697 0.683316 0.000000
vt -1.603040 0.750441 0.000000
vt -1.606014 0.744056 0.000000
vt -1.597017 0.763176 0.000000
vt -1.600041 0.756815 0.000000
vt -1.327842 0.517166 0.000000
vt -1.549246 0.675230 0.000000
vt -1.552754 0.667125 0.000000
vt -1.556218 0.659003 0.000000
vt -1.585553 0.584913 0.000000
vt -1.588587 0.576620 0.000000
vt -1.641786 0.661393 0.000000
vt -1.644405 0.654854 0.000000
vt -1.646998 0.648305 0.000000
vt -1.649565 0.641745 0.000000
vt -1.591579 0.568311 0.000000
vt -1.594527 0.559986 0.000000
vt -1.619151 0.484201 0.000000
vt -1.684455 0.543609 0.000000
vt -1.686605 0.536902 0.000000
vt -1.680075 0.556999 0.000000
vt -1.682278 0.550309 0.000000
vt -1.381468 0.349528 0.000000
vt -1.621659 0.475733 0.000000
vt -1.624123 0.467253 0.000000
vt -1.626542 0.458760 0.000000
vt -1.646359 0.381578 0.000000
vt -1.648331 0.372970 0.000000
vt -1.711734 0.450407 0.000000
vt -1.713513 0.443592 0.000000
vt -1.715265 0.436769 0.000000
vt -1.716989 0.429939 0.000000
vt -1.650257 0.364352 0.000000
vt -1.652138 0.355724 0.000000
vt -1.378169 0.289923 0.000000
vt -1.667070 0.277449 0.000000
vt -1.668497 0.268734 0.000000
vt -1.736638 0.342038 0.000000
vt -1.737985 0.335124 0.000000
vt -1.739305 0.328205 0.000000
vt -1.740597 0.321280 0.000000
vt -1.669878 0.260012 0.000000
vt -1.671214 0.251283 0.000000
vt -1.681201 0.172226 0.000000
vt -1.756481 0.218345 0.000000
vt -1.757336 0.211353 0.000000
vt -1.754687 0.232318 0.000000
vt -1.755598 0.225334 0.000000
vt -1.682078 0.163438 0.000000
vt -1.682910 0.154647 0.000000
vt -1.767139 0.100592 0.000000
vt -1.769968 0.010566 0.000000
vt -1.769996 0.003522 0.000000
vt -1.769996 -0.003522 0.000000
vt -1.689530 -0.039843 0.000000
vt -1.769968 -0.010566 0.000000
vt -1.689299 -0.048671 0.000000
vt -1.689022 -0.057497 0.000000
vt -1.688698 -0.066322 0.000000
vt -1.683695 -0.145851 0.000000
vt -1.682910 -0.154647 0.000000
vt -1.767139 -0.100592 0.000000
vt -1.766725 -0.107624 0.000000
vt -1.766283 -0.114654 0.000000
vt -1.765812 -0.121682 0.000000
vt -1.682078 -0.163438 0.000000
vt -1.681201 -0.172226 0.000000
vt -1.378169 -0.289923 0.000000
vt -1.671214 -0.251283 0.000000
vt -1.669878 -0.260012 0.000000
vt -1.757336 -0.211353 0.000000
vt -1.756481 -0.218345 0.000000
vt -1.755598 -0.225334 0.000000
vt -1.754687 -0.232318 0.000000
vt -1.668497 -0.268734 0.000000
vt -1.667070 -0.277449 0.000000
vt -1.652138 -0.355724 0.000000
vt -1.737985 -0.335124 0.000000
vt -1.736638 -0.342038 0.000000
vt -1.740597 -0.321280 0.000000
vt -1.739305 -0.328205 0.000000
vt -1.381468 -0.349528 0.000000
vt -1.650257 -0.364352 0.000000
vt -1.648331 -0.372970 0.000000
vt -1.646359 -0.381578 0.000000
vt -1.626542 -0.458760 0.000000
vt -1.624123 -0.467253 0.000000
vt -1.716989 -0.429939 0.000000
vt -1.715265 -0.436769 0.000000
vt -1.713513 -0.443592 0.000000
vt -1.711734 -0.450407 0.000000
vt -1.621659 -0.475733 0.000000
vt -1.619151 -0.484201 0.000000
vt -1.327842 -0.517166 0.000000
vt -1.594527 -0.559986 0.000000
vt -1.591579 -0.568311 0.000000
vt -1.686605 -0.536902 0.000000
vt -1.684455 -0.543609 0.000000
vt -1.682278 -0.550309 0.000000
vt -1.680075 -0.556999 0.000000
vt -1.588587 -0.576620 0.000000
vt -1.585553 -0.584913 0.000000
vt -1.556218 -0.659003 0.000000
vt -1.646998 -0.648305 0.000000
vt -1.644405 -0.654854 0.000000
vt -1.649565 -0.641745 0.000000
vt -1.641786 -0.661393 0.000000
vt -1.552754 -0.667125 0.000000
vt -1.549246 -0.675230 0.000000
vt -1.545697 -0.683316 0.000000
vt -1.606014 -0.744056 0.000000
vt -1.603040 -0.750441 0.000000
vt -1.511768 -0.755418 0.000000
vt -1.253958 -0.676915 0.000000
vt -1.507800 -0.763307 0.000000
vt -1.503791 -0.771175 0.000000
vt -1.600041 -0.756815 0.000000
vt -1.597017 -0.763176 0.000000
vt -1.499741 -0.779023 0.000000
vt -1.461352 -0.848852 0.000000
vt -1.456897 -0.856477 0.000000
vt -1.556125 -0.843430 0.000000
vt -1.552756 -0.849616 0.000000
vt -1.549363 -0.855789 0.000000
vt -1.545945 -0.861948 0.000000
vt -1.452401 -0.864078 0.000000
vt -1.447867 -0.871655 0.000000
vt -1.160945 -0.826337 0.000000
vt -1.405169 -0.938936 0.000000
vt -1.400243 -0.946266 0.000000
vt -1.500095 -0.939475 0.000000
vt -1.496345 -0.945438 0.000000
vt -1.492570 -0.951385 0.000000
vt -1.488772 -0.957318 0.000000
vt -1.395280 -0.953570 0.000000
vt -1.390278 -0.960847 0.000000
vt -1.343440 -1.025315 0.000000
vt -1.434027 -1.037529 0.000000
vt -1.429887 -1.043227 0.000000
vt -1.438145 -1.031813 0.000000
vt -1.425724 -1.048909 0.000000
vt -1.338064 -1.032321 0.000000
vt -1.332651 -1.039298 0.000000
vt -1.115917 -0.861472 0.000000
vt -1.327202 -1.046248 0.000000
vt -1.276409 -1.107647 0.000000
vt -1.366051 -1.125525 0.000000
vt -1.361561 -1.130952 0.000000
vt -1.370519 -1.120079 0.000000
vt -1.357049 -1.136361 0.000000
vt -1.270603 -1.114301 0.000000
vt -1.264763 -1.120925 0.000000
vt -1.258889 -1.127519 0.000000
vt -1.297484 -1.203925 0.000000
vt -1.292683 -1.209079 0.000000
vt -1.204340 -1.185607 0.000000
vt -1.059001 -0.866230 0.000000
vt -1.198129 -1.191884 0.000000
vt -0.866230 -1.059001 0.000000
vt -1.191884 -1.198129 0.000000
vt -1.185607 -1.204340 0.000000
vt -1.287861 -1.214213 0.000000
vt -1.283019 -1.219329 0.000000
vt -1.219329 -1.283019 0.000000
vt -1.214213 -1.287861 0.000000
vt -1.127519 -1.258889 0.000000
vt -0.861472 -1.115917 0.000000
vt -1.120925 -1.264763 0.000000
vt -1.114301 -1.270603 0.000000
vt -1.209079 -1.292683 0.000000
vt -1.203925 -1.297484 0.000000
vt -1.107647 -1.276409 0.000000
vt -1.046248 -1.327202 0.000000
vt -1.039298 -1.332651 0.000000
vt -1.136361 -1.357049 0.000000
vt -1.130952 -1.361561 0.000000
vt -1.125525 -1.366051 0.000000
vt -1.120079 -1.370519 0.000000
vt -0.826337 -1.160945 0.000000
vt -1.032321 -1.338064 0.000000
vt -1.025315 -1.343440 0.000000
vt -1.048909 -1.425724 0.000000
vt -1.043227 -1.429887 0.000000
vt -0.960847 -1.390278 0.000000
vt -0.953570 -1.395280 0.000000
vt -0.946266 -1.400243 0.000000
vt -1.037529 -1.434027 0.000000
vt -1.031813 -1.438145 0.000000
vt -0.938936 -1.405169 0.000000
vt -0.871655 -1.447867 0.000000
vt -0.676915 -1.253958 0.000000
vt -0.864078 -1.452401 0.000000
vt -0.856477 -1.456897 0.000000
vt -0.957318 -1.488772 0.000000
vt -0.951385 -1.492570 0.000000
vt -0.945438 -1.496345 0.000000
vt -0.939475 -1.500095 0.000000
vt -0.848852 -1.461352 0.000000
vt -0.779023 -1.499741 0.000000
vt -0.771175 -1.503791 0.000000
vt -0.861948 -1.545945 0.000000
vt -0.855789 -1.549363 0.000000
vt -0.849616 -1.552756 0.000000
vt -0.843430 -1.556125 0.000000
vt -0.763307 -1.507800 0.000000
vt -0.755418 -1.511768 0.000000
vt -0.683316 -1.545697 0.000000
vt -0.756815 -1.600041 0.000000
vt -0.750441 -1.603040 0.000000
vt -0.763176 -1.597017 0.000000
vt -0.744056 -1.606014 0.000000
vt -0.517166 -1.327842 0.000000
vt -0.675230 -1.549246 0.000000
vt -0.667125 -1.552754 0.000000
vt -0.659003 -1.556218 0.000000
vt -0.584913 -1.585553 0.000000
vt -0.576620 -1.588587 0.000000
vt -0.661393 -1.641786 0.000000
vt -0.654854 -1.644405 0.000000
vt -0.648305 -1.646998 0.000000
vt -0.641745 -1.649565 0.000000
vt -0.568311 -1.591579 0.000000
vt -0.559986 -1.594527 0.000000
vt -0.484201 -1.619151 0.000000
vt -0.550309 -1.682278 0.000000
vt -0.543609 -1.684455 0.000000
vt -0.556999 -1.680075 0.000000
vt -0.536902 -1.686605 0.000000
vt -0.349528 -1.381468 0.000000
vt -0.475733 -1.621659 0.000000
vt -0.467253 -1.624123 0.000000
vt -0.458760 -1.626542 0.000000
vt -0.381578 -1.646359 0.000000
vt -0.372970 -1.648331 0.000000
vt -0.450407 -1.711734 0.000000
vt -0.443592 -1.713513 0.000000
vt -0.436769 -1.715265 0.000000
vt -0.429939 -1.716989 0.000000
vt -0.364352 -1.650257 0.000000
vt -0.355724 -1.652138 0.000000
vt -0.289923 -1.378169 0.000000
vt -0.277449 -1.667070 0.000000
vt -0.268734 -1.668497 0.000000
vt -0.342038 -1.736638 0.000000
vt -0.335124 -1.737985 0.000000
vt -0.328205 -1.739305 0.000000
vt -0.321280 -1.740597 0.000000
vt -0.260012 -1.669878 0.000000
vt -0.251283 -1.671214 0.000000
vt -0.172226 -1.681201 0.000000
vt -0.225334 -1.755598 0.000000
vt -0.218345 -1.756481 0.000000
vt -0.232318 -1.754687 0.000000
vt -0.211353 -1.757336 0.000000
vt -0.242818 -1.341498 0.000000
vt -0.163438 -1.682078 0.000000
vt -0.154647 -1.682910 0.000000
vt -0.145851 -1.683695 0.000000
vt -0.066322 -1.688698 0.000000
vt -0.057497 -1.689022 0.000000
vt -0.121682 -1.765812 0.000000
vt -0.114654 -1.766283 0.000000
vt -0.107624 -1.766725 0.000000
vt -0.100592 -1.767139 0.000000
vt -0.048671 -1.689299 0.000000
vt -0.039843 -1.689530 0.000000
vt 0.039843 -1.689530 0.000000
vt 0.003522 -1.769996 0.000000
vt 0.010566 -1.769968 0.000000
vt -0.010566 -1.769968 0.000000
vt -0.003522 -1.769996 0.000000
vt 0.242818 -1.341498 0.000000
vt 0.048671 -1.689299 0.000000
vt 0.057497 -1.689022 0.000000
vt 0.066322 -1.688698 0.000000
vt 0.145851 -1.683695 0.000000
vt 0.154647 -1.682910 0.000000
vt 0.100592 -1.767139 0.000000
vt 0.107624 -1.766725 0.000000
vt 0.114654 -1.766283 0.000000
vt 0.121682 -1.765812 0.000000
vt 0.163438 -1.682078 0.000000
vt 0.172226 -1.681201 0.000000
vt 0.289923 -1.378169 0.000000
vt 0.251283 -1.671214 0.000000
vt 0.260012 -1.669878 0.000000
vt 0.211353 -1.757336 0.000000
vt 0.218345 -1.756481 0.000000
vt 0.225334 -1.755598 0.000000
vt 0.232318 -1.754687 0.000000
vt 0.268734 -1.668497 0.000000
vt 0.277449 -1.667070 0.000000
vt 0.355724 -1.652138 0.000000
vt 0.335124 -1.737985 0.000000
vt 0.342038 -1.736638 0.000000
vt 0.321280 -1.740597 0.000000
vt 0.328205 -1.739305 0.000000
vt 0.349528 -1.381468 0.000000
vt 0.364352 -1.650257 0.000000
vt 0.372970 -1.648331 0.000000
vt 0.381578 -1.646359 0.000000
vt 0.458760 -1.626542 0.000000
vt 0.467253 -1.624123 0.000000
vt 0.429939 -1.716989 0.000000
vt 0.436769 -1.715265 0.000000
vt 0.443592 -1.713513 0.000000
vt 0.450407 -1.711734 0.000000
vt 0.475733 -1.621659 0.000000
vt 0.484201 -1.619151 0.000000
vt 0.517166 -1.327842 0.000000
vt 0.559986 -1.594527 0.000000
vt 0.568311 -1.591579 0.000000
vt 0.536902 -1.686605 0.000000
vt 0.543609 -1.684455 0.000000
vt 0.550309 -1.682278 0.000000
vt 0.556999 -1.680075 0.000000
vt 0.576620 -1.588587 0.000000
vt 0.584913 -1.585553 0.000000
vt 0.659003 -1.556218 0.000000
vt 0.654854 -1.644405 0.000000
vt 0.661393 -1.641786 0.000000
vt 0.641745 -1.649565 0.000000
vt 0.648305 -1.646998 0.000000
vt 0.667125 -1.552754 0.000000
vt 0.675230 -1.549246 0.000000
vt 0.683316 -1.545697 0.000000
vt 0.744056 -1.606014 0.000000
vt 0.750441 -1.603040 0.000000
vt 0.756815 -1.600041 0.000000
vt 0.755418 -1.511768 0.000000
vt 0.763176 -1.597017 0.000000
vt 0.676915 -1.253958 0.000000
vt 0.763307 -1.507800 0.000000
vt 0.771175 -1.503791 0.000000
vt 0.779023 -1.499741 0.000000
vt 0.848852 -1.461352 0.000000
vt 0.856477 -1.456897 0.000000
vt 0.843430 -1.556125 0.000000
vt 0.849616 -1.552756 0.000000
vt 0.855789 -1.549363 0.000000
vt 0.861948 -1.545945 0.000000
vt 0.864078 -1.452401 0.000000
vt 0.871655 -1.447867 0.000000
vt 0.826337 -1.160945 0.000000
vt 0.938936 -1.405169 0.000000
vt 0.946266 -1.400243 0.000000
vt 0.939475 -1.500095 0.000000
vt 0.945438 -1.496345 0.000000
vt 0.951385 -1.492570 0.000000
vt 0.957318 -1.488772 0.000000
vt 0.953570 -1.395280 0.000000
vt 0.960847 -1.390278 0.000000
vt 1.025315 -1.343440 0.000000
vt 1.043227 -1.429887 0.000000
vt 1.048909 -1.425724 0.000000
vt 1.031813 -1.438145 0.000000
vt 1.037529 -1.434027 0.000000
vt 1.032321 -1.338064 0.000000
vt 1.039298 -1.332651 0.000000
vt 0.861472 -1.115917 0.000000
vt 1.046248 -1.327202 0.000000
vt 1.107647 -1.276409 0.000000
vt 1.130952 -1.361561 0.000000
vt 1.136361 -1.357049 0.000000
vt 1.120079 -1.370519 0.000000
vt 1.125525 -1.366051 0.000000
vt 1.114301 -1.270603 0.000000
vt 1.120925 -1.264763 0.000000
vt 1.127519 -1.258889 0.000000
vt 1.203925 -1.297484 0.000000
vt 1.209079 -1.292683 0.000000
vt 1.214213 -1.287861 0.000000
vt 1.185607 -1.204340 0.000000
vt 1.219329 -1.283019 0.000000
vt 1.191884 -1.198129 0.000000
vt 0.866230 -1.059001 0.000000
vt 1.198129 -1.191884 0.000000
vt 1.059001 -0.866230 0.000000
vt 0.839059 -1.008764 0.000000
vt 1.008764 -0.839059 0.000000
vt 0.310355 -0.480061 0.000000
vt 0.480061 -0.310355 0.000000
vt 0.275000 -0.465416 0.000000
vt 0.465416 -0.275000 0.000000
vt 0.176777 -0.176777 0.000000
vt 0.230970 -0.095671 0.000000
vt 0.480061 -0.239645 0.000000
vt 0.250000 0.000000 0.000000
vt 0.515416 -0.225000 0.000000
vt 0.515416 0.225000 0.000000
vt 1.284523 -0.225000 0.000000
vt 1.284523 0.225000 0.000000
vt 1.341498 -0.242818 0.000000
vt 1.341498 0.242818 0.000000
vt 1.689530 0.039843 0.000000
vt 1.689299 0.048671 0.000000
vt 1.204340 -1.185607 0.000000
vt 1.115917 -0.861472 0.000000
vt 1.258889 -1.127519 0.000000
vt 1.264763 -1.120925 0.000000
vt 1.283019 -1.219329 0.000000
vt 1.287861 -1.214213 0.000000
vt 1.292683 -1.209079 0.000000
vt 1.297484 -1.203925 0.000000
vt 1.270603 -1.114301 0.000000
vt 1.276409 -1.107647 0.000000
vt 1.327202 -1.046248 0.000000
vt 1.366051 -1.125525 0.000000
vt 1.370519 -1.120079 0.000000
vt 1.357049 -1.136361 0.000000
vt 1.361561 -1.130952 0.000000
vt 1.332651 -1.039298 0.000000
vt 1.160945 -0.826337 0.000000
vt 1.338064 -1.032321 0.000000
vt 1.343440 -1.025315 0.000000
vt 1.425724 -1.048909 0.000000
vt 1.429887 -1.043227 0.000000
vt 1.434027 -1.037529 0.000000
vt 1.390278 -0.960847 0.000000
vt 1.438145 -1.031813 0.000000
vt 1.395280 -0.953570 0.000000
vt 1.400243 -0.946266 0.000000
vt 1.405169 -0.938936 0.000000
vt 1.447867 -0.871655 0.000000
vt 1.253958 -0.676915 0.000000
vt 1.452401 -0.864078 0.000000
vt 1.456897 -0.856477 0.000000
vt 1.488772 -0.957318 0.000000
vt 1.492570 -0.951385 0.000000
vt 1.496345 -0.945438 0.000000
vt 1.500095 -0.939475 0.000000
vt 1.461352 -0.848852 0.000000
vt 1.499741 -0.779023 0.000000
vt 1.503791 -0.771175 0.000000
vt 1.545945 -0.861948 0.000000
vt 1.549363 -0.855789 0.000000
vt 1.552756 -0.849616 0.000000
vt 1.556125 -0.843430 0.000000
vt 1.507800 -0.763307 0.000000
vt 1.511768 -0.755418 0.000000
vt 1.545697 -0.683316 0.000000
vt 1.603040 -0.750441 0.000000
vt 1.606014 -0.744056 0.000000
vt 1.597017 -0.763176 0.000000
vt 1.600041 -0.756815 0.000000
vt 1.327842 -0.517166 0.000000
vt 1.549246 -0.675230 0.000000
vt 1.552754 -0.667125 0.000000
vt 1.556218 -0.659003 0.000000
vt 1.585553 -0.584913 0.000000
vt 1.588587 -0.576620 0.000000
vt 1.641786 -0.661393 0.000000
vt 1.644405 -0.654854 0.000000
vt 1.646998 -0.648305 0.000000
vt 1.649565 -0.641745 0.000000
vt 1.591579 -0.568311 0.000000
vt 1.594527 -0.559986 0.000000
vt 1.619151 -0.484201 0.000000
vt 1.684455 -0.543609 0.000000
vt 1.686605 -0.536902 0.000000
vt 1.680075 -0.556999 0.000000
vt 1.682278 -0.550309 0.000000
vt 1.381468 -0.349528 0.000000
vt 1.621659 -0.475733 0.000000
vt 1.624123 -0.467253 0.000000
vt 1.626542 -0.458760 0.000000
vt 1.646359 -0.381578 0.000000
vt 1.648331 -0.372970 0.000000
vt 1.711734 -0.450407 0.000000
vt 1.713513 -0.443592 0.000000
vt 1.715265 -0.436769 0.000000
vt 1.716989 -0.429939 0.000000
vt 1.650257 -0.364352 0.000000
vt 1.652138 -0.355724 0.000000
vt 1.378169 -0.289923 0.000000
vt 1.667070 -0.277449 0.000000
vt 1.668497 -0.268734 0.000000
vt 1.736638 -0.342038 0.000000
vt 1.737985 -0.335124 0.000000
vt 1.739305 -0.328205 0.000000
vt 1.740597 -0.321280 0.000000
vt 1.669878 -0.260012 0.000000
vt 1.671214 -0.251283 0.000000
vt 1.681201 -0.172226 0.000000
vt 1.756481 -0.218345 0.000000
vt 1.757336 -0.211353 0.000000
vt 1.754687 -0.232318 0.000000
vt 1.755598 -0.225334 0.000000
vt 1.682078 -0.163438 0.000000
vt 1.682910 -0.154647 0.000000
vt 1.683695 -0.145851 0.000000
vt 1.688698 -0.066322 0.000000
vt 1.689022 -0.057497 0.000000
vt 1.765812 -0.121682 0.000000
vt 1.766283 -0.114654 0.000000
vt 1.766725 -0.107624 0.000000
vt 1.767139 -0.100592 0.000000
vt 1.689299 -0.048671 0.000000
vt 1.689530 -0.039843 0.000000
vt 1.769996 -0.003522 0.000000
vt 1.769996 0.003522 0.000000
vt 1.769968 -0.010566 0.000000
vt 1.769968 0.010566 0.000000
vt 1.689022 0.057497 0.000000
vt 1.688698 0.066322 0.000000
vt 1.683695 0.145851 0.000000
vt 1.766725 0.107624 0.000000
vt 1.766283 0.114654 0.000000
vt 1.767139 0.100592 0.000000
vt 1.765812 0.121682 0.000000
vt 1.682910 0.154647 0.000000
vt 1.682078 0.163438 0.000000
vt 1.681201 0.172226 0.000000
vt 1.757336 0.211353 0.000000
vt 1.756481 0.218345 0.000000
vt 1.671214 0.251283 0.000000
vt 1.378169 0.289923 0.000000
vt 1.669878 0.260012 0.000000
vt 1.668497 0.268734 0.000000
vt 1.755598 0.225334 0.000000
vt 1.754687 0.232318 0.000000
vt 1.667070 0.277449 0.000000
vt 1.652138 0.355724 0.000000
vt 1.381468 0.349528 0.000000
vt 1.650257 0.364352 0.000000
vt 1.648331 0.372970 0.000000
vt 1.740597 0.321280 0.000000
vt 1.739305 0.328205 0.000000
vt 1.737985 0.335124 0.000000
vt 1.736638 0.342038 0.000000
vt 1.646359 0.381578 0.000000
vt 1.626542 0.458760 0.000000
vt 1.624123 0.467253 0.000000
vt 1.716989 0.429939 0.000000
vt 1.715265 0.436769 0.000000
vt 1.713513 0.443592 0.000000
vt 1.711734 0.450407 0.000000
vt 1.621659 0.475733 0.000000
vt 1.619151 0.484201 0.000000
vt 1.327842 0.517166 0.000000
vt 1.594527 0.559986 0.000000
vt 1.591579 0.568311 0.000000
vt 1.686605 0.536902 0.000000
vt 1.684455 0.543609 0.000000
vt 1.682278 0.550309 0.000000
vt 1.680075 0.556999 0.000000
vt 1.588587 0.576620 0.000000
vt 1.585553 0.584913 0.000000
vt 1.556218 0.659003 0.000000
vt 1.646998 0.648305 0.000000
vt 1.644405 0.654854 0.000000
vt 1.649565 0.641745 0.000000
vt 1.641786 0.661393 0.000000
vt 1.552754 0.667125 0.000000
vt 1.549246 0.675230 0.000000
vt 1.545697 0.683316 0.000000
vt 1.606014 0.744056 0.000000
vt 1.603040 0.750441 0.000000
vt 1.511768 0.755418 0.000000
vt 1.253958 0.676915 0.000000
vt 1.507800 0.763307 0.000000
vt 1.503791 0.771175 0.000000
vt 1.600041 0.756815 0.000000
vt 1.597017 0.763176 0.000000
vt 1.499741 0.779023 0.000000
vt 1.461352 0.848852 0.000000
vt 1.456897 0.856477 0.000000
vt 1.556125 0.843430 0.000000
vt 1.552756 0.849616 0.000000
vt 1.549363 0.855789 0.000000
vt 1.545945 0.861948 0.000000
vt 1.452401 0.864078 0.000000
vt 1.447867 0.871655 0.000000
vt 1.160945 0.826337 0.000000
vt 1.405169 0.938936 0.000000
vt 1.400243 0.946266 0.000000
vt 1.500095 0.939475 0.000000
vt 1.496345 0.945438 0.000000
vt 1.492570 0.951385 0.000000
vt 1.488772 0.957318 0.000000
vt 1.395280 0.953570 0.000000
vt 1.390278 0.960847 0.000000
vt 1.343440 1.025315 0.000000
vt 1.434027 1.037529 0.000000
vt 1.429887 1.043227 0.000000
vt 1.438145 1.031813 0.000000
vt 1.425724 1.048909 0.000000
vt 1.338064 1.032321 0.000000
vt 1.332651 1.039298 0.000000
vt 1.115917 0.861472 0.000000
vt 1.327202 1.046248 0.000000
vt 1.276409 1.107647 0.000000
vt 1.366051 1.125525 0.000000
vt 1.361561 1.130952 0.000000
vt 1.370519 1.120079 0.000000
vt 1.357049 1.136361 0.000000
vt 1.270603 1.114301 0.000000
vt 1.264763 1.120925 0.000000
vt 1.258889 1.127519 0.000000
vt 1.297484 1.203925 0.000000
vt 1.292683 1.209079 0.000000
vt 1.204340 1.185607 0.000000
vt 1.059001 0.866230 0.000000
vt 1.198129 1.191884 0.000000
vt 0.866230 1.059001 0.000000
vt 1.191884 1.198129 0.000000
vt 1.185607 1.204340 0.000000
vt 1.287861 1.214213 0.000000
vt 1.283019 1.219329 0.000000
vt 1.219329 1.283019 0.000000
vt 1.214213 1.287861 0.000000
vt 1.127519 1.258889 0.000000
vt 0.861472 1.115917 0.000000
vt 1.120925 1.264763 0.000000
vt 1.114301 1.270603 0.000000
vt 1.209079 1.292683 0.000000
vt 1.203925 1.297484 0.000000
vt 1.107647 1.276409 0.000000
vt 1.046248 1.327202 0.000000
vt 1.039298 1.332651 0.000000
vt 1.136361 1.357049 0.000000
vt 1.130952 1.361561 0.000000
vt 1.125525 1.366051 0.000000
vt 1.120079 1.370519 0.000000
vt 0.826337 1.160945 0.000000
vt 1.032321 1.338064 0.000000
vt 1.025315 1.343440 0.000000
vt 1.048909 1.425724 0.000000
vt 1.043227 1.429887 0.000000
vt 0.960847 1.390278 0.000000
vt 0.953570 1.395280 0.000000
vt 0.946266 1.400243 0.000000
vt 1.037529 1.434027 0.000000
vt 1.031813 1.438145 0.000000
vt 0.938936 1.405169 0.000000
vt 0.871655 1.447867 0.000000
vt 0.676915 1.253958 0.000000
vt 0.864078 1.452401 0.000000
vt 0.856477 1.456897 0.000000
vt 0.957318 1.488772 0.000000
vt 0.951385 1.492570 0.000000
vt 0.945438 1.496345 0.000000
vt 0.939475 1.500095 0.000000
vt 0.848852 1.461352 0.000000
vt 0.779023 1.499741 0.000000
vt 0.771175 1.503791 0.000000
vt 0.861948 1.545945 0.000000
vt 0.855789 1.549363 0.000000
vt 0.849616 1.552756 0.000000
vt 0.843430 1.556125 0.000000
vt 0.763307 1.507800 0.000000
vt 0.755418 1.511768 0.000000
vt 0.683316 1.545697 0.000000
vt 0.756815 1.600041 0.000000
vt 0.750441 1.603040 0.000000
vt 0.763176 1.597017 0.000000
vt 0.744056 1.606014 0.000000
vt 0.517166 1.327842 0.000000
vt 0.675230 1.549246 0.000000
vt 0.667125 1.552754 0.000000
vt 0.659003 1.556218 0.000000
vt 0.584913 1.585553 0.000000
vt 0.576620 1.588587 0.000000
vt 0.661393 1.641786 0.000000
vt 0.654854 1.644405 0.000000
vt 0.648305 1.646998 0.000000
vt 0.641745 1.649565 0.000000
vt 0.568311 1.591579 0.000000
vt 0.559986 1.594527 0.000000
vt 0.484201 1.619151 0.000000
vt 0.550309 1.682278 0.000000
vt 0.543609 1.684455 0.000000
vt 0.556999 1.680075 0.000000
vt 0.536902 1.686605 0.000000
vt 0.349528 1.381468 0.000000
vt 0.475733 1.621659 0.000000
vt 0.467253 1.624123 0.000000
vt 0.458760 1.626542 0.000000
vt 0.381578 1.646359 0.000000
vt 0.372970 1.648331 0.000000
vt 0.450407 1.711734 0.000000
vt 0.443592 1.713513 0.000000
vt 0.436769 1.715265 0.000000
vt 0.429939 1.716989 0.000000
vt 0.364352 1.650257 0.000000
vt 0.355724 1.652138 0.000000
vt 0.289923 1.378169 0.000000
vt 0.277449 1.667070 0.000000
vt 0.268734 1.668497 0.000000
vt 0.342038 1.736638 0.000000
vt 0.335124 1.737985 0.000000
vt 0.328205 1.739305 0.000000
vt 0.321280 1.740597 0.000000
vt 0.260012 1.669878 0.000000
vt 0.251283 1.671214 0.000000
vt 0.172226 1.681201 0.000000
vt 0.225334 1.755598 0.000000
vt 0.218345 1.756481 0.000000
vt 0.232318 1.754687 0.000000
vt 0.211353 1.757336 0.000000
vt 0.163438 1.682078 0.000000
vt 0.154647 1.682910 0.000000
vt 0.107624 1.766725 0.000000
vt 0.100592 1.767139 0.000000
vt -0.239645 0.480061 0.000000
vt 0.000000 0.250000 0.000000
vt -0.225000 0.515416 0.000000
vt 0.225000 0.515416 0.000000
vt -0.225000 1.284523 0.000000
vt 0.225000 1.284523 0.000000
vt -0.095671 0.230970 0.000000
vt 0.095671 -0.230970 0.000000
vt 0.239645 -0.480061 0.000000
vt -0.000000 -0.250000 0.000000
vt 0.225000 -0.515416 0.000000
vt -0.225000 -0.515416 0.000000
vt 0.225000 -1.284523 0.000000
vt -0.225000 -1.284523 0.000000
vt -0.239645 -0.480061 0.000000
vt -0.095671 -0.230970 0.000000
vt -0.275000 -0.465416 0.000000
vt -0.176777 -0.176777 0.000000
vt -0.465416 -0.275000 0.000000
vt -0.230970 -0.095671 0.000000
vt -0.480061 -0.239645 0.000000
vt 0.239645 0.480061 0.000000
vt 0.095671 0.230970 0.000000
vt 0.275000 0.465416 0.000000
vt 0.176777 0.176777 0.000000
vt 0.465416 0.275000 0.000000
vt 0.230970 0.095671 0.000000
vt 0.480061 0.239645 0.000000
vt -0.839059 -1.008764 0.000000
vt -1.008764 -0.839059 0.000000
vt -0.310355 -0.480061 0.000000
vt -0.480061 -0.310355 0.000000
vt 0.839059 1.008764 0.000000
vt 1.008764 0.839059 0.000000
vt 0.310355 0.480061 0.000000
vt 0.480061 0.310355 0.000000
vn 0.097531 -0.022084 0.000000
vn 0.097531 -0.022084 0.000000
vn 0.097531 -0.022084 0.000000
vn 0.097531 -0.022084 0.000000
vn 0.053607 0.084417 0.000000
vn 0.053607 0.084417 0.000000
vn 0.053943 0.084203 0.000000
vn 0.053943 0.084203 0.000000
vn 0.054277 0.083988 0.000000
vn 0.054277 0.083988 0.000000
vn 0.054611 0.083771 0.000000
vn 0.054611 0.083771 0.000000
vn 0.057369 0.081908 0.000000
vn 0.057369 0.081908 0.000000
vn 0.056940 0.082206 0.000000
vn 0.056940 0.082206 0.000000
vn 0.056509 0.082503 0.000000
vn 0.056509 0.082503 0.000000
vn 0.056078 0.082797 0.000000
vn 0.056078 0.082797 0.000000
vn -0.060517 0.079609 0.000000
vn -0.060517 0.079609 0.000000
vn -0.060517 0.079609 0.000000
vn -0.060517 0.079609 0.000000
vn -0.055399 0.083252 0.000000
vn -0.055399 0.083252 0.000000
vn -0.055399 0.083252 0.000000
vn -0.055399 0.083252 0.000000
vn 0.052112 0.085348 0.000000
vn 0.052112 0.085348 0.000000
vn 0.051666 0.085619 0.000000
vn 0.051666 0.085619 0.000000
vn 0.051218 0.085888 0.000000
vn 0.051218 0.085888 0.000000
vn 0.050768 0.086155 0.000000
vn 0.050768 0.086155 0.000000
vn 0.058802 0.080885 0.000000
vn 0.058802 0.080885 0.000000
vn 0.059123 0.080650 0.000000
vn 0.059123 0.080650 0.000000
vn 0.059444 0.080414 0.000000
vn 0.059444 0.080414 0.000000
vn 0.059763 0.080177 0.000000
vn 0.059763 0.080177 0.000000
vn 0.098725 -0.015917 0.000000
vn 0.098725 -0.015917 0.000000
vn 0.098725 -0.015917 0.000000
vn 0.098725 -0.015917 0.000000
vn 0.095952 -0.028165 0.000000
vn 0.095952 -0.028165 0.000000
vn 0.095952 -0.028165 0.000000
vn 0.095952 -0.028165 0.000000
vn 0.048201 0.087617 0.000000
vn 0.048201 0.087617 0.000000
vn 0.048549 0.087424 0.000000
vn 0.048549 0.087424 0.000000
vn 0.048897 0.087230 0.000000
vn 0.048897 0.087230 0.000000
vn 0.049243 0.087035 0.000000
vn 0.049243 0.087035 0.000000
vn 0.062398 0.078144 0.000000
vn 0.062398 0.078144 0.000000
vn 0.061989 0.078469 0.000000
vn 0.061989 0.078469 0.000000
vn 0.061578 0.078792 0.000000
vn 0.061578 0.078792 0.000000
vn 0.061166 0.079112 0.000000
vn 0.061166 0.079112 0.000000
vn -0.065397 0.075652 -0.000000
vn -0.065397 0.075652 -0.000000
vn -0.065397 0.075652 -0.000000
vn -0.065397 0.075652 -0.000000
vn -0.050063 0.086566 0.000000
vn -0.050063 0.086566 0.000000
vn -0.050063 0.086566 0.000000
vn -0.050063 0.086566 0.000000
vn 0.046650 0.088452 0.000000
vn 0.046650 0.088452 0.000000
vn 0.046188 0.088694 0.000000
vn 0.046188 0.088694 0.000000
vn 0.045724 0.088935 0.000000
vn 0.045724 0.088935 0.000000
vn 0.045258 0.089172 0.000000
vn 0.045258 0.089172 0.000000
vn 0.063765 0.077033 0.000000
vn 0.063765 0.077033 0.000000
vn 0.064071 0.076779 0.000000
vn 0.064071 0.076779 0.000000
vn 0.064376 0.076523 0.000000
vn 0.064376 0.076523 0.000000
vn 0.064680 0.076266 0.000000
vn 0.064680 0.076266 0.000000
vn 0.099530 -0.009686 0.000000
vn 0.099530 -0.009686 0.000000
vn 0.099530 -0.009686 0.000000
vn 0.099530 -0.009686 0.000000
vn 0.093994 -0.034134 0.000000
vn 0.093994 -0.034134 0.000000
vn 0.093994 -0.034134 0.000000
vn 0.093994 -0.034134 0.000000
vn 0.042604 0.090470 0.000000
vn 0.042604 0.090470 0.000000
vn 0.042964 0.090300 0.000000
vn 0.042964 0.090300 0.000000
vn 0.043323 0.090128 0.000000
vn 0.043323 0.090128 0.000000
vn 0.043681 0.089955 0.000000
vn 0.043681 0.089955 0.000000
vn 0.067182 0.074071 0.000000
vn 0.067182 0.074071 0.000000
vn 0.066794 0.074422 0.000000
vn 0.066794 0.074422 0.000000
vn 0.066404 0.074770 0.000000
vn 0.066404 0.074770 0.000000
vn 0.066013 0.075115 0.000000
vn 0.066013 0.075115 0.000000
vn -0.070018 0.071397 -0.000000
vn -0.070018 0.071397 -0.000000
vn -0.070018 0.071397 -0.000000
vn -0.070018 0.071397 -0.000000
vn -0.044528 0.089539 0.000000
vn -0.044528 0.089539 0.000000
vn -0.044528 0.089539 0.000000
vn -0.044528 0.089539 0.000000
vn 0.041005 0.091207 0.000000
vn 0.041005 0.091207 0.000000
vn 0.040527 0.091420 0.000000
vn 0.040527 0.091420 0.000000
vn 0.040049 0.091630 0.000000
vn 0.040049 0.091630 0.000000
vn 0.039570 0.091838 0.000000
vn 0.039570 0.091838 0.000000
vn 0.068476 0.072877 0.000000
vn 0.068476 0.072877 0.000000
vn 0.068765 0.072604 0.000000
vn 0.068765 0.072604 0.000000
vn 0.069054 0.072330 0.000000
vn 0.069054 0.072330 0.000000
vn 0.069341 0.072054 0.000000
vn 0.069341 0.072054 0.000000
vn 0.099942 -0.003418 0.000000
vn 0.099942 -0.003418 0.000000
vn 0.099942 -0.003418 0.000000
vn 0.099942 -0.003418 0.000000
vn 0.091665 -0.039969 0.000000
vn 0.091665 -0.039969 0.000000
vn 0.091665 -0.039969 0.000000
vn 0.091665 -0.039969 0.000000
vn 0.036839 0.092967 0.000000
vn 0.036839 0.092967 0.000000
vn 0.037209 0.092820 0.000000
vn 0.037209 0.092820 0.000000
vn 0.037578 0.092671 0.000000
vn 0.037578 0.092671 0.000000
vn 0.037947 0.092521 0.000000
vn 0.037947 0.092521 0.000000
vn 0.071700 0.069707 0.000000
vn 0.071700 0.069707 0.000000
vn 0.071335 0.070081 0.000000
vn 0.071335 0.070081 0.000000
vn 0.070968 0.070452 0.000000
vn 0.070968 0.070452 0.000000
vn 0.070599 0.070822 0.000000
vn 0.070599 0.070822 0.000000
vn -0.074363 0.066859 -0.000000
vn -0.074363 0.066859 -0.000000
vn -0.074363 0.066859 -0.000000
vn -0.074363 0.066859 -0.000000
vn -0.038818 0.092158 0.000000
vn -0.038818 0.092158 0.000000
vn -0.038818 0.092158 0.000000
vn -0.038818 0.092158 0.000000
vn 0.035197 0.093601 0.000000
vn 0.035197 0.093601 0.000000
vn 0.034707 0.093784 0.000000
vn 0.034707 0.093784 0.000000
vn 0.034217 0.093964 0.000000
vn 0.034217 0.093964 0.000000
vn 0.033725 0.094141 0.000000
vn 0.033725 0.094141 0.000000
vn 0.072917 0.068434 0.000000
vn 0.072917 0.068434 0.000000
vn 0.073188 0.068143 0.000000
vn 0.073188 0.068143 0.000000
vn 0.073459 0.067851 0.000000
vn 0.073459 0.067851 0.000000
vn 0.073728 0.067558 0.000000
vn 0.073728 0.067558 0.000000
vn 0.099959 0.002864 0.000000
vn 0.099959 0.002864 0.000000
vn 0.099959 0.002864 0.000000
vn 0.099959 0.002864 0.000000
vn 0.088975 -0.045645 0.000000
vn 0.088975 -0.045645 0.000000
vn 0.088975 -0.045645 0.000000
vn 0.088975 -0.045645 0.000000
vn 0.030929 0.095097 0.000000
vn 0.030929 0.095097 0.000000
vn 0.031307 0.094973 0.000000
vn 0.031307 0.094973 0.000000
vn 0.031685 0.094848 0.000000
vn 0.031685 0.094848 0.000000
vn 0.032062 0.094721 0.000000
vn 0.032062 0.094721 0.000000
vn 0.075936 0.065067 0.000000
vn 0.075936 0.065067 0.000000
vn 0.075595 0.065463 0.000000
vn 0.075595 0.065463 0.000000
vn 0.075252 0.065857 0.000000
vn 0.075252 0.065857 0.000000
vn 0.074907 0.066250 0.000000
vn 0.074907 0.066250 0.000000
vn -0.078414 0.062058 -0.000000
vn -0.078414 0.062058 -0.000000
vn -0.078414 0.062058 -0.000000
vn -0.078414 0.062058 -0.000000
vn -0.032955 0.094414 0.000000
vn -0.032955 0.094414 0.000000
vn -0.032955 0.094414 0.000000
vn -0.032955 0.094414 0.000000
vn 0.029250 0.095627 0.000000
vn 0.029250 0.095627 0.000000
vn 0.028750 0.095778 0.000000
vn 0.028750 0.095778 0.000000
vn 0.028249 0.095927 0.000000
vn 0.028249 0.095927 0.000000
vn 0.027747 0.096073 0.000000
vn 0.027747 0.096073 0.000000
vn 0.077070 0.063720 0.000000
vn 0.077070 0.063720 0.000000
vn 0.077323 0.063413 0.000000
vn 0.077323 0.063413 0.000000
vn 0.077574 0.063105 0.000000
vn 0.077574 0.063105 0.000000
vn 0.077825 0.062795 0.000000
vn 0.077825 0.062795 0.000000
vn 0.099582 0.009135 0.000000
vn 0.099582 0.009135 0.000000
vn 0.099582 0.009135 0.000000
vn 0.099582 0.009135 0.000000
vn 0.085933 -0.051142 0.000000
vn 0.085933 -0.051142 0.000000
vn 0.085933 -0.051142 0.000000
vn 0.085933 -0.051142 0.000000
vn 0.024897 0.096851 0.000000
vn 0.024897 0.096851 0.000000
vn 0.025282 0.096751 0.000000
vn 0.025282 0.096751 0.000000
vn 0.025667 0.096650 0.000000
vn 0.025667 0.096650 0.000000
vn 0.026051 0.096547 0.000000
vn 0.026051 0.096547 0.000000
vn 0.079872 0.060171 0.000000
vn 0.079872 0.060171 0.000000
vn 0.079556 0.060587 0.000000
vn 0.079556 0.060587 0.000000
vn 0.079238 0.061002 0.000000
vn 0.078919 0.061415 0.000000
vn 0.078919 0.061415 0.000000
vn 0.079238 0.061002 0.000000
vn -0.082156 0.057012 -0.000000
vn -0.082156 0.057012 -0.000000
vn -0.082156 0.057012 -0.000000
vn -0.082156 0.057012 -0.000000
vn -0.026962 0.096297 0.000000
vn -0.026962 0.096297 0.000000
vn -0.026962 0.096297 0.000000
vn -0.026962 0.096297 0.000000
vn 0.023188 0.097274 0.000000
vn 0.023188 0.097274 0.000000
vn 0.022679 0.097394 0.000000
vn 0.022679 0.097394 0.000000
vn 0.022170 0.097511 0.000000
vn 0.022170 0.097511 0.000000
vn 0.021660 0.097626 0.000000
vn 0.021660 0.097626 0.000000
vn 0.080919 0.058755 0.000000
vn 0.080919 0.058755 0.000000
vn 0.081152 0.058433 0.000000
vn 0.081152 0.058433 0.000000
vn 0.081384 0.058109 0.000000
vn 0.081384 0.058109 0.000000
vn 0.081614 0.057785 0.000000
vn 0.081614 0.057785 0.000000
vn 0.098812 0.015370 0.000000
vn 0.098812 0.015370 0.000000
vn 0.098812 0.015370 0.000000
vn 0.098812 0.015370 0.000000
vn 0.082552 -0.056437 0.000000
vn 0.082552 -0.056437 0.000000
vn 0.082552 -0.056437 0.000000
vn 0.082552 -0.056437 0.000000
vn 0.018767 0.098223 0.000000
vn 0.018767 0.098223 0.000000
vn 0.019157 0.098148 0.000000
vn 0.019157 0.098148 0.000000
vn 0.019548 0.098071 0.000000
vn 0.019548 0.098071 0.000000
vn 0.019938 0.097992 0.000000
vn 0.019938 0.097992 0.000000
vn 0.083492 0.055037 0.000000
vn 0.083492 0.055037 0.000000
vn 0.083203 0.055472 0.000000
vn 0.083203 0.055472 0.000000
vn 0.082912 0.055906 0.000000
vn 0.082912 0.055906 0.000000
vn 0.082619 0.056339 0.000000
vn 0.082619 0.056339 0.000000
vn -0.085574 0.051741 -0.000000
vn -0.085574 0.051741 -0.000000
vn -0.085574 0.051741 -0.000000
vn -0.085574 0.051741 -0.000000
vn -0.020862 0.097800 0.000000
vn -0.020862 0.097800 0.000000
vn -0.020862 0.097800 0.000000
vn -0.020862 0.097800 0.000000
vn 0.017034 0.098539 0.000000
vn 0.017034 0.098539 0.000000
vn 0.016519 0.098626 0.000000
vn 0.016519 0.098626 0.000000
vn 0.016003 0.098711 0.000000
vn 0.016003 0.098711 0.000000
vn 0.015487 0.098793 0.000000
vn 0.015487 0.098793 0.000000
vn 0.084448 0.053558 0.000000
vn 0.084448 0.053558 0.000000
vn 0.084661 0.053222 0.000000
vn 0.084661 0.053222 0.000000
vn 0.084872 0.052884 0.000000
vn 0.084872 0.052884 0.000000
vn 0.085082 0.052546 0.000000
vn 0.085082 0.052546 0.000000
vn 0.097652 0.021544 0.000000
vn 0.097652 0.021544 0.000000
vn 0.097652 0.021544 0.000000
vn 0.097652 0.021544 0.000000
vn 0.078846 -0.061509 0.000000
vn 0.078846 -0.061509 0.000000
vn 0.078846 -0.061509 0.000000
vn 0.078846 -0.061509 0.000000
vn 0.012562 0.099208 0.000000
vn 0.012562 0.099208 0.000000
vn 0.012957 0.099157 0.000000
vn 0.012957 0.099157 0.000000
vn 0.013351 0.099105 0.000000
vn 0.013351 0.099105 0.000000
vn 0.013745 0.099051 0.000000
vn 0.013745 0.099051 0.000000
vn 0.086783 0.049686 0.000000
vn 0.086783 0.049686 0.000000
vn 0.086522 0.050139 0.000000
vn 0.086522 0.050139 0.000000
vn 0.086259 0.050590 0.000000
vn 0.086259 0.050590 0.000000
vn 0.085994 0.051040 0.000000
vn 0.085994 0.051040 0.000000
vn -0.088654 0.046266 -0.000000
vn -0.088654 0.046266 -0.000000
vn -0.088654 0.046266 -0.000000
vn -0.088654 0.046266 -0.000000
vn -0.014680 0.098917 0.000000
vn -0.014680 0.098917 0.000000
vn -0.014680 0.098917 0.000000
vn -0.014680 0.098917 0.000000
vn 0.010813 0.099414 0.000000
vn 0.010813 0.099414 0.000000
vn 0.010294 0.099469 0.000000
vn 0.010294 0.099469 0.000000
vn 0.009774 0.099521 0.000000
vn 0.009774 0.099521 0.000000
vn 0.009254 0.099571 0.000000
vn 0.009254 0.099571 0.000000
vn 0.087645 0.048150 0.000000
vn 0.087645 0.048150 0.000000
vn 0.087836 0.047801 0.000000
vn 0.087836 0.047801 0.000000
vn 0.088025 0.047451 0.000000
vn 0.088025 0.047451 0.000000
vn 0.088213 0.047100 0.000000
vn 0.088213 0.047100 0.000000
vn 0.096106 0.027633 0.000000
vn 0.096106 0.027633 0.000000
vn 0.096106 0.027633 0.000000
vn 0.096106 0.027633 0.000000
vn 0.074828 -0.066339 0.000000
vn 0.074828 -0.066339 0.000000
vn 0.074828 -0.066339 0.000000
vn 0.074828 -0.066339 0.000000
vn 0.006308 0.099801 0.000000
vn 0.006308 0.099801 0.000000
vn 0.006705 0.099775 0.000000
vn 0.006705 0.099775 0.000000
vn 0.007102 0.099747 0.000000
vn 0.007102 0.099747 0.000000
vn 0.007499 0.099718 0.000000
vn 0.007499 0.099718 0.000000
vn 0.089732 0.044139 0.000000
vn 0.089732 0.044139 0.000000
vn 0.089500 0.044607 0.000000
vn 0.089500 0.044607 0.000000
vn 0.089266 0.045074 0.000000
vn 0.089266 0.045074 0.000000
vn 0.089029 0.045540 0.000000
vn 0.089029 0.045540 0.000000
vn -0.091384 0.040608 -0.000000
vn -0.091384 0.040608 -0.000000
vn -0.091384 0.040608 -0.000000
vn -0.091384 0.040608 -0.000000
vn -0.008440 0.099643 0.000000
vn -0.008440 0.099643 0.000000
vn -0.008440 0.099643 0.000000
vn -0.008440 0.099643 0.000000
vn 0.004550 0.099896 0.000000
vn 0.004550 0.099896 0.000000
vn 0.004028 0.099919 0.000000
vn 0.004028 0.099919 0.000000
vn 0.003505 0.099939 0.000000
vn 0.003505 0.099939 0.000000
vn 0.002983 0.099955 0.000000
vn 0.002983 0.099955 0.000000
vn 0.090495 0.042552 0.000000
vn 0.090495 0.042552 0.000000
vn 0.090664 0.042191 0.000000
vn 0.090664 0.042191 0.000000
vn 0.090831 0.041830 0.000000
vn 0.090831 0.041830 0.000000
vn 0.090997 0.041468 0.000000
vn 0.090997 0.041468 0.000000
vn 0.094181 0.033613 0.000000
vn 0.094181 0.033613 0.000000
vn 0.094181 0.033613 0.000000
vn 0.094181 0.033613 0.000000
vn 0.070515 -0.070906 0.000000
vn 0.070515 -0.070906 0.000000
vn 0.070515 -0.070906 0.000000
vn 0.070515 -0.070906 0.000000
vn 0.000029 0.100000 0.000000
vn 0.000029 0.100000 0.000000
vn 0.000427 0.099999 0.000000
vn 0.000427 0.099999 0.000000
vn 0.000825 0.099997 0.000000
vn 0.000825 0.099997 0.000000
vn 0.001223 0.099993 0.000000
vn 0.001223 0.099993 0.000000
vn 0.092326 0.038417 0.000000
vn 0.092326 0.038417 0.000000
vn 0.092124 0.038899 0.000000
vn 0.092124 0.038899 0.000000
vn 0.091920 0.039380 0.000000
vn 0.091920 0.039380 0.000000
vn 0.091713 0.039860 0.000000
vn 0.091713 0.039860 0.000000
vn -0.093753 0.034789 -0.000000
vn -0.093753 0.034789 -0.000000
vn -0.093753 0.034789 -0.000000
vn -0.093753 0.034789 -0.000000
vn -0.002167 0.099977 0.000000
vn -0.002167 0.099977 0.000000
vn -0.002167 0.099977 0.000000
vn -0.002167 0.099977 0.000000
vn -0.001732 0.099985 0.000000
vn -0.001732 0.099985 0.000000
vn -0.002254 0.099975 0.000000
vn -0.002254 0.099975 0.000000
vn -0.002777 0.099961 0.000000
vn -0.002777 0.099961 0.000000
vn -0.003299 0.099946 0.000000
vn -0.003299 0.099946 0.000000
vn 0.092988 0.036786 0.000000
vn 0.092988 0.036786 0.000000
vn 0.093134 0.036415 0.000000
vn 0.093134 0.036415 0.000000
vn 0.093278 0.036044 0.000000
vn 0.093278 0.036044 0.000000
vn 0.093421 0.035673 0.000000
vn 0.093421 0.035673 0.000000
vn 0.091885 0.039461 0.000000
vn 0.091885 0.039461 0.000000
vn 0.091885 0.039461 0.000000
vn 0.091885 0.039461 0.000000
vn 0.065923 -0.075194 0.000000
vn 0.065923 -0.075194 0.000000
vn 0.065923 -0.075194 0.000000
vn 0.065923 -0.075194 0.000000
vn -0.006250 0.099804 0.000000
vn -0.006250 0.099804 0.000000
vn -0.005853 0.099829 0.000000
vn -0.005853 0.099829 0.000000
vn -0.005456 0.099851 0.000000
vn -0.005456 0.099851 0.000000
vn -0.005058 0.099872 0.000000
vn -0.005058 0.099872 0.000000
vn 0.094556 0.032544 0.000000
vn 0.094556 0.032544 0.000000
vn 0.094385 0.033038 0.000000
vn 0.094385 0.033038 0.000000
vn 0.094211 0.033531 0.000000
vn 0.094211 0.033531 0.000000
vn 0.094034 0.034022 0.000000
vn 0.094034 0.034022 0.000000
vn -0.095753 0.028834 -0.000000
vn -0.095753 0.028834 -0.000000
vn -0.095753 0.028834 -0.000000
vn -0.095753 0.028834 -0.000000
vn 0.004115 0.099915 0.000000
vn 0.004115 0.099915 0.000000
vn 0.004115 0.099915 0.000000
vn 0.004115 0.099915 0.000000
vn -0.008007 0.099679 0.000000
vn -0.008007 0.099679 0.000000
vn -0.008527 0.099636 0.000000
vn -0.008527 0.099636 0.000000
vn -0.009048 0.099590 0.000000
vn -0.009048 0.099590 0.000000
vn -0.009568 0.099541 0.000000
vn -0.009568 0.099541 0.000000
vn 0.095115 0.030874 0.000000
vn 0.095115 0.030874 0.000000
vn 0.095237 0.030495 0.000000
vn 0.095237 0.030495 0.000000
vn 0.095357 0.030116 0.000000
vn 0.095357 0.030116 0.000000
vn 0.095476 0.029736 0.000000
vn 0.095476 0.029736 0.000000
vn 0.089226 0.045152 0.000000
vn 0.089226 0.045152 0.000000
vn 0.089226 0.045152 0.000000
vn 0.089226 0.045152 0.000000
vn 0.061072 -0.079185 -0.000000
vn 0.061072 -0.079185 -0.000000
vn 0.061072 -0.079185 -0.000000
vn 0.061072 -0.079185 -0.000000
vn -0.012505 0.099215 0.000000
vn -0.012505 0.099215 0.000000
vn -0.012110 0.099264 0.000000
vn -0.012110 0.099264 0.000000
vn -0.011715 0.099311 0.000000
vn -0.011715 0.099311 0.000000
vn -0.011319 0.099357 0.000000
vn -0.011319 0.099357 0.000000
vn 0.096413 0.026543 0.000000
vn 0.096413 0.026543 0.000000
vn 0.096273 0.027046 0.000000
vn 0.096273 0.027046 0.000000
vn 0.096130 0.027549 0.000000
vn 0.096130 0.027549 0.000000
vn 0.095985 0.028051 0.000000
vn 0.095985 0.028051 0.000000
vn -0.097374 0.022765 -0.000000
vn -0.097374 0.022765 -0.000000
vn -0.097374 0.022765 -0.000000
vn -0.097374 0.022765 -0.000000
vn 0.010381 0.099460 0.000000
vn 0.010381 0.099460 0.000000
vn 0.010381 0.099460 0.000000
vn 0.010381 0.099460 0.000000
vn -0.014250 0.098980 0.000000
vn -0.014250 0.098980 0.000000
vn -0.014767 0.098904 0.000000
vn -0.014767 0.098904 0.000000
vn -0.015283 0.098825 0.000000
vn -0.015283 0.098825 0.000000
vn -0.015799 0.098744 0.000000
vn -0.015799 0.098744 0.000000
vn 0.096865 0.024841 0.000000
vn 0.096865 0.024841 0.000000
vn 0.096964 0.024455 0.000000
vn 0.096964 0.024455 0.000000
vn 0.097060 0.024069 0.000000
vn 0.097060 0.024069 0.000000
vn 0.097155 0.023683 0.000000
vn 0.097155 0.023683 0.000000
vn 0.086215 0.050666 0.000000
vn 0.086215 0.050666 0.000000
vn 0.086215 0.050666 0.000000
vn 0.086215 0.050666 0.000000
vn 0.055979 -0.082863 -0.000000
vn 0.055979 -0.082863 -0.000000
vn 0.055979 -0.082863 -0.000000
vn 0.055979 -0.082863 -0.000000
vn -0.018710 0.098234 0.000000
vn -0.018710 0.098234 0.000000
vn -0.018319 0.098308 0.000000
vn -0.018319 0.098308 0.000000
vn -0.017927 0.098380 0.000000
vn -0.017927 0.098380 0.000000
vn -0.017536 0.098451 0.000000
vn -0.017536 0.098451 0.000000
vn 0.097889 0.020437 0.000000
vn 0.097889 0.020437 0.000000
vn 0.097781 0.020948 0.000000
vn 0.097781 0.020948 0.000000
vn 0.097671 0.021458 0.000000
vn 0.097671 0.021458 0.000000
vn 0.097557 0.021968 0.000000
vn 0.097557 0.021968 0.000000
vn -0.098612 0.016606 -0.000000
vn -0.098612 0.016606 -0.000000
vn -0.098612 0.016606 -0.000000
vn -0.098612 0.016606 -0.000000
vn 0.016606 0.098612 0.000000
vn 0.016606 0.098612 0.000000
vn 0.016606 0.098612 0.000000
vn 0.016606 0.098612 0.000000
vn -0.020437 0.097889 0.000000
vn -0.020437 0.097889 0.000000
vn -0.020948 0.097781 0.000000
vn -0.020948 0.097781 0.000000
vn -0.021458 0.097671 0.000000
vn -0.021458 0.097671 0.000000
vn -0.021968 0.097557 0.000000
vn -0.021968 0.097557 0.000000
vn 0.098234 0.018710 0.000000
vn 0.098234 0.018710 0.000000
vn 0.098308 0.018319 0.000000
vn 0.098308 0.018319 0.000000
vn 0.098380 0.017927 0.000000
vn 0.098380 0.017927 0.000000
vn 0.098451 0.017536 0.000000
vn 0.098451 0.017536 0.000000
vn 0.082863 0.055979 0.000000
vn 0.082863 0.055979 0.000000
vn 0.082863 0.055979 0.000000
vn 0.082863 0.055979 0.000000
vn 0.050666 -0.086215 -0.000000
vn 0.050666 -0.086215 -0.000000
vn 0.050666 -0.086215 -0.000000
vn 0.050666 -0.086215 -0.000000
vn -0.024841 0.096865 0.000000
vn -0.024841 0.096865 0.000000
vn -0.024455 0.096964 0.000000
vn -0.024455 0.096964 0.000000
vn -0.024069 0.097060 0.000000
vn -0.024069 0.097060 0.000000
vn -0.023683 0.097155 0.000000
vn -0.023683 0.097155 0.000000
vn 0.098980 0.014250 0.000000
vn 0.098980 0.014250 0.000000
vn 0.098904 0.014767 0.000000
vn 0.098904 0.014767 0.000000
vn 0.098825 0.015283 0.000000
vn 0.098825 0.015283 0.000000
vn 0.098744 0.015799 0.000000
vn 0.098744 0.015799 0.000000
vn -0.099460 0.010381 -0.000000
vn -0.099460 0.010381 -0.000000
vn -0.099460 0.010381 -0.000000
vn -0.099460 0.010381 -0.000000
vn 0.022765 0.097374 0.000000
vn 0.022765 0.097374 0.000000
vn 0.022765 0.097374 0.000000
vn 0.022765 0.097374 0.000000
vn -0.026543 0.096413 0.000000
vn -0.026543 0.096413 0.000000
vn -0.027046 0.096273 0.000000
vn -0.027046 0.096273 0.000000
vn -0.027549 0.096130 0.000000
vn -0.027549 0.096130 0.000000
vn -0.028051 0.095985 0.000000
vn -0.028051 0.095985 0.000000
vn 0.099215 0.012505 0.000000
vn 0.099215 0.012505 0.000000
vn 0.099264 0.012110 0.000000
vn 0.099264 0.012110 0.000000
vn 0.099311 0.011715 0.000000
vn 0.099311 0.011715 0.000000
vn 0.099357 0.011319 0.000000
vn 0.099357 0.011319 0.000000
vn 0.079185 0.061072 0.000000
vn 0.079185 0.061072 0.000000
vn 0.079185 0.061072 0.000000
vn 0.079185 0.061072 0.000000
vn 0.045152 -0.089226 -0.000000
vn 0.045152 -0.089226 -0.000000
vn 0.045152 -0.089226 -0.000000
vn 0.045152 -0.089226 -0.000000
vn -0.030874 0.095115 0.000000
vn -0.030874 0.095115 0.000000
vn -0.030495 0.095237 0.000000
vn -0.030495 0.095237 0.000000
vn -0.030116 0.095357 0.000000
vn -0.030116 0.095357 0.000000
vn -0.029736 0.095476 0.000000
vn -0.029736 0.095476 0.000000
vn 0.099679 0.008007 0.000000
vn 0.099679 0.008007 0.000000
vn 0.099636 0.008527 0.000000
vn 0.099636 0.008527 0.000000
vn 0.099590 0.009048 0.000000
vn 0.099590 0.009048 0.000000
vn 0.099541 0.009568 0.000000
vn 0.099541 0.009568 0.000000
vn -0.099915 0.004115 -0.000000
vn -0.099915 0.004115 -0.000000
vn -0.099915 0.004115 -0.000000
vn -0.099915 0.004115 -0.000000
vn 0.028834 0.095753 0.000000
vn 0.028834 0.095753 0.000000
vn 0.028834 0.095753 0.000000
vn 0.028834 0.095753 0.000000
vn -0.032544 0.094556 0.000000
vn -0.032544 0.094556 0.000000
vn -0.033038 0.094385 0.000000
vn -0.033038 0.094385 0.000000
vn -0.033531 0.094211 0.000000
vn -0.033531 0.094211 0.000000
vn -0.034022 0.094034 0.000000
vn -0.034022 0.094034 0.000000
vn 0.099804 0.006250 0.000000
vn 0.099804 0.006250 0.000000
vn 0.099829 0.005853 0.000000
vn 0.099829 0.005853 0.000000
vn 0.099851 0.005456 0.000000
vn 0.099851 0.005456 0.000000
vn 0.099872 0.005058 0.000000
vn 0.099872 0.005058 0.000000
vn 0.075194 0.065923 0.000000
vn 0.075194 0.065923 0.000000
vn 0.075194 0.065923 0.000000
vn 0.075194 0.065923 0.000000
vn 0.039461 -0.091885 -0.000000
vn 0.039461 -0.091885 -0.000000
vn 0.039461 -0.091885 -0.000000
vn 0.039461 -0.091885 -0.000000
vn -0.036786 0.092988 0.000000
vn -0.036786 0.092988 0.000000
vn -0.036415 0.093134 0.000000
vn -0.036415 0.093134 0.000000
vn -0.036044 0.093278 0.000000
vn -0.036044 0.093278 0.000000
vn -0.035673 0.093421 0.000000
vn -0.035673 0.093421 0.000000
vn 0.099985 0.001732 0.000000
vn 0.099985 0.001732 0.000000
vn 0.099975 0.002254 0.000000
vn 0.099975 0.002254 0.000000
vn 0.099961 0.002777 0.000000
vn 0.099961 0.002777 0.000000
vn 0.099946 0.003299 0.000000
vn 0.099946 0.003299 0.000000
vn -0.099977 -0.002167 -0.000000
vn -0.099977 -0.002167 -0.000000
vn -0.099977 -0.002167 -0.000000
vn -0.099977 -0.002167 -0.000000
vn 0.034789 0.093753 0.000000
vn 0.034789 0.093753 0.000000
vn 0.034789 0.093753 0.000000
vn 0.034789 0.093753 0.000000
vn -0.038417 0.092326 0.000000
vn -0.038417 0.092326 0.000000
vn -0.038899 0.092124 0.000000
vn -0.038899 0.092124 0.000000
vn -0.039380 0.091920 0.000000
vn -0.039380 0.091920 0.000000
vn -0.039860 0.091713 0.000000
vn -0.039860 0.091713 0.000000
vn 0.100000 -0.000029 0.000000
vn 0.100000 -0.000029 0.000000
vn 0.099999 -0.000427 0.000000
vn 0.099999 -0.000427 0.000000
vn 0.099997 -0.000825 0.000000
vn 0.099997 -0.000825 0.000000
vn 0.099993 -0.001223 0.000000
vn 0.099993 -0.001223 0.000000
vn 0.070906 0.070515 0.000000
vn 0.070906 0.070515 0.000000
vn 0.070906 0.070515 0.000000
vn 0.070906 0.070515 0.000000
vn 0.033613 -0.094181 -0.000000
vn 0.033613 -0.094181 -0.000000
vn 0.033613 -0.094181 -0.000000
vn 0.033613 -0.094181 -0.000000
vn -0.042552 0.090495 0.000000
vn -0.042552 0.090495 0.000000
vn -0.042191 0.090664 0.000000
vn -0.042191 0.090664 0.000000
vn -0.041830 0.090831 0.000000
vn -0.041830 0.090831 0.000000
vn -0.041468 0.090997 0.000000
vn -0.041468 0.090997 0.000000
vn 0.099896 -0.004550 0.000000
vn 0.099896 -0.004550 0.000000
vn 0.099919 -0.004028 0.000000
vn 0.099919 -0.004028 0.000000
vn 0.099939 -0.003505 0.000000
vn 0.099939 -0.003505 0.000000
vn 0.099955 -0.002983 0.000000
vn 0.099955 -0.002983 0.000000
vn -0.099643 -0.008440 -0.000000
vn -0.099643 -0.008440 -0.000000
vn -0.099643 -0.008440 -0.000000
vn -0.099643 -0.008440 -0.000000
vn 0.040608 0.091384 0.000000
vn 0.040608 0.091384 0.000000
vn 0.040608 0.091384 0.000000
vn 0.040608 0.091384 0.000000
vn -0.044139 0.089732 0.000000
vn -0.044139 0.089732 0.000000
vn -0.044607 0.089500 0.000000
vn -0.044607 0.089500 0.000000
vn -0.045074 0.089266 0.000000
vn -0.045074 0.089266 0.000000
vn -0.045540 0.089029 0.000000
vn -0.045540 0.089029 0.000000
vn 0.099801 -0.006308 0.000000
vn 0.099801 -0.006308 0.000000
vn 0.099775 -0.006705 0.000000
vn 0.099775 -0.006705 0.000000
vn 0.099747 -0.007102 0.000000
vn 0.099747 -0.007102 0.000000
vn 0.099718 -0.007499 0.000000
vn 0.099718 -0.007499 0.000000
vn 0.066339 0.074828 0.000000
vn 0.066339 0.074828 0.000000
vn 0.066339 0.074828 0.000000
vn 0.066339 0.074828 0.000000
vn 0.027633 -0.096106 -0.000000
vn 0.027633 -0.096106 -0.000000
vn 0.027633 -0.096106 -0.000000
vn 0.027633 -0.096106 -0.000000
vn -0.048150 0.087645 0.000000
vn -0.048150 0.087645 0.000000
vn -0.047801 0.087836 0.000000
vn -0.047801 0.087836 0.000000
vn -0.047451 0.088025 0.000000
vn -0.047451 0.088025 0.000000
vn -0.047100 0.088213 0.000000
vn -0.047100 0.088213 0.000000
vn 0.099414 -0.010813 0.000000
vn 0.099414 -0.010813 0.000000
vn 0.099469 -0.010294 0.000000
vn 0.099469 -0.010294 0.000000
vn 0.099521 -0.009774 0.000000
vn 0.099521 -0.009774 0.000000
vn 0.099571 -0.009254 0.000000
vn 0.099571 -0.009254 0.000000
vn -0.098917 -0.014680 -0.000000
vn -0.098917 -0.014680 -0.000000
vn -0.098917 -0.014680 -0.000000
vn -0.098917 -0.014680 -0.000000
vn 0.046266 0.088654 0.000000
vn 0.046266 0.088654 0.000000
vn 0.046266 0.088654 0.000000
vn 0.046266 0.088654 0.000000
vn -0.049686 0.086783 0.000000
vn -0.049686 0.086783 0.000000
vn -0.050139 0.086522 0.000000
vn -0.050139 0.086522 0.000000
vn -0.050590 0.086259 0.000000
vn -0.050590 0.086259 0.000000
vn -0.051040 0.085994 0.000000
vn -0.051040 0.085994 0.000000
vn 0.099208 -0.012562 0.000000
vn 0.099208 -0.012562 0.000000
vn 0.099157 -0.012957 0.000000
vn 0.099157 -0.012957 0.000000
vn 0.099105 -0.013351 0.000000
vn 0.099105 -0.013351 0.000000
vn 0.099051 -0.013745 0.000000
vn 0.099051 -0.013745 0.000000
vn 0.061509 0.078846 0.000000
vn 0.061509 0.078846 0.000000
vn 0.061509 0.078846 0.000000
vn 0.061509 0.078846 0.000000
vn 0.021544 -0.097652 -0.000000
vn 0.021544 -0.097652 -0.000000
vn 0.021544 -0.097652 -0.000000
vn 0.021544 -0.097652 -0.000000
vn -0.053558 0.084448 0.000000
vn -0.053558 0.084448 0.000000
vn -0.053222 0.084661 0.000000
vn -0.053222 0.084661 0.000000
vn -0.052884 0.084872 0.000000
vn -0.052884 0.084872 0.000000
vn -0.052546 0.085082 0.000000
vn -0.052546 0.085082 0.000000
vn 0.098539 -0.017034 0.000000
vn 0.098539 -0.017034 0.000000
vn 0.098626 -0.016519 0.000000
vn 0.098626 -0.016519 0.000000
vn 0.098711 -0.016003 0.000000
vn 0.098711 -0.016003 0.000000
vn 0.098793 -0.015487 0.000000
vn 0.098793 -0.015487 0.000000
vn -0.097800 -0.020862 -0.000000
vn -0.097800 -0.020862 -0.000000
vn -0.097800 -0.020862 -0.000000
vn -0.097800 -0.020862 -0.000000
vn 0.051741 0.085574 0.000000
vn 0.051741 0.085574 0.000000
vn 0.051741 0.085574 0.000000
vn 0.051741 0.085574 0.000000
vn -0.055037 0.083492 0.000000
vn -0.055037 0.083492 0.000000
vn -0.055472 0.083203 0.000000
vn -0.055472 0.083203 0.000000
vn -0.055906 0.082912 0.000000
vn -0.055906 0.082912 0.000000
vn -0.056339 0.082619 0.000000
vn -0.056339 0.082619 0.000000
vn 0.098223 -0.018767 0.000000
vn 0.098223 -0.018767 0.000000
vn 0.098148 -0.019157 0.000000
vn 0.098148 -0.019157 0.000000
vn 0.098071 -0.019548 0.000000
vn 0.098071 -0.019548 0.000000
vn 0.097992 -0.019938 0.000000
vn 0.097992 -0.019938 0.000000
vn 0.056437 0.082552 0.000000
vn 0.056437 0.082552 0.000000
vn 0.056437 0.082552 0.000000
vn 0.056437 0.082552 0.000000
vn 0.015370 -0.098812 -0.000000
vn 0.015370 -0.098812 -0.000000
vn 0.015370 -0.098812 -0.000000
vn 0.015370 -0.098812 -0.000000
vn -0.058755 0.080919 0.000000
vn -0.058755 0.080919 0.000000
vn -0.058433 0.081152 0.000000
vn -0.058433 0.081152 0.000000
vn -0.058109 0.081384 0.000000
vn -0.058109 0.081384 0.000000
vn -0.057785 0.081614 0.000000
vn -0.057785 0.081614 0.000000
vn 0.097274 -0.023188 0.000000
vn 0.097274 -0.023188 0.000000
vn 0.097394 -0.022679 0.000000
vn 0.097394 -0.022679 0.000000
vn 0.097511 -0.022170 0.000000
vn 0.097511 -0.022170 0.000000
vn 0.097626 -0.021660 0.000000
vn 0.097626 -0.021660 0.000000
vn -0.096297 -0.026962 -0.000000
vn -0.096297 -0.026962 -0.000000
vn -0.096297 -0.026962 -0.000000
vn -0.096297 -0.026962 -0.000000
vn 0.057012 0.082156 0.000000
vn 0.057012 0.082156 0.000000
vn 0.057012 0.082156 0.000000
vn 0.057012 0.082156 0.000000
vn -0.060171 0.079872 0.000000
vn -0.060171 0.079872 0.000000
vn -0.060587 0.079556 0.000000
vn -0.060587 0.079556 0.000000
vn -0.061002 0.079238 0.000000
vn -0.061002 0.079238 0.000000
vn -0.061415 0.078919 0.000000
vn -0.061415 0.078919 0.000000
vn 0.096851 -0.024897 0.000000
vn 0.096851 -0.024897 0.000000
vn 0.096751 -0.025282 0.000000
vn 0.096751 -0.025282 0.000000
vn 0.096650 -0.025667 0.000000
vn 0.096650 -0.025667 0.000000
vn 0.096547 -0.026051 0.000000
vn 0.096547 -0.026051 0.000000
vn 0.051142 0.085933 0.000000
vn 0.051142 0.085933 0.000000
vn 0.051142 0.085933 0.000000
vn 0.051142 0.085933 0.000000
vn 0.009135 -0.099582 -0.000000
vn 0.009135 -0.099582 -0.000000
vn 0.009135 -0.099582 -0.000000
vn 0.009135 -0.099582 -0.000000
vn -0.063720 0.077070 0.000000
vn -0.063720 0.077070 0.000000
vn -0.063413 0.077323 0.000000
vn -0.063413 0.077323 0.000000
vn -0.063105 0.077574 0.000000
vn -0.063105 0.077574 0.000000
vn -0.062795 0.077825 0.000000
vn -0.062795 0.077825 0.000000
vn 0.095627 -0.029250 0.000000
vn 0.095627 -0.029250 0.000000
vn 0.095778 -0.028750 0.000000
vn 0.095778 -0.028750 0.000000
vn 0.095927 -0.028249 0.000000
vn 0.095927 -0.028249 0.000000
vn 0.096073 -0.027747 0.000000
vn 0.096073 -0.027747 0.000000
vn -0.094414 -0.032955 -0.000000
vn -0.094414 -0.032955 -0.000000
vn -0.094414 -0.032955 -0.000000
vn -0.094414 -0.032955 -0.000000
vn 0.062058 0.078414 0.000000
vn 0.062058 0.078414 0.000000
vn 0.062058 0.078414 0.000000
vn 0.062058 0.078414 0.000000
vn -0.065067 0.075936 -0.000000
vn -0.065067 0.075936 -0.000000
vn -0.065463 0.075595 -0.000000
vn -0.065463 0.075595 -0.000000
vn -0.065857 0.075252 -0.000000
vn -0.065857 0.075252 -0.000000
vn -0.066250 0.074907 -0.000000
vn -0.066250 0.074907 -0.000000
vn 0.095097 -0.030929 0.000000
vn 0.095097 -0.030929 0.000000
vn 0.094973 -0.031307 0.000000
vn 0.094973 -0.031307 0.000000
vn 0.094848 -0.031685 0.000000
vn 0.094848 -0.031685 0.000000
vn 0.094721 -0.032062 0.000000
vn 0.094721 -0.032062 0.000000
vn 0.045645 0.088975 0.000000
vn 0.045645 0.088975 0.000000
vn 0.045645 0.088975 0.000000
vn 0.045645 0.088975 0.000000
vn 0.002864 -0.099959 -0.000000
vn 0.002864 -0.099959 -0.000000
vn 0.002864 -0.099959 -0.000000
vn 0.002864 -0.099959 -0.000000
vn -0.068434 0.072917 -0.000000
vn -0.068434 0.072917 -0.000000
vn -0.068143 0.073188 -0.000000
vn -0.068143 0.073188 -0.000000
vn -0.067851 0.073459 -0.000000
vn -0.067851 0.073459 -0.000000
vn -0.067558 0.073728 -0.000000
vn -0.067558 0.073728 -0.000000
vn 0.093601 -0.035197 0.000000
vn 0.093601 -0.035197 0.000000
vn 0.093784 -0.034707 0.000000
vn 0.093784 -0.034707 0.000000
vn 0.093964 -0.034217 0.000000
vn 0.093964 -0.034217 0.000000
vn 0.094141 -0.033725 0.000000
vn 0.094141 -0.033725 0.000000
vn -0.092158 -0.038818 -0.000000
vn -0.092158 -0.038818 -0.000000
vn -0.092158 -0.038818 -0.000000
vn -0.092158 -0.038818 -0.000000
vn 0.066859 0.074363 0.000000
vn 0.066859 0.074363 0.000000
vn 0.066859 0.074363 0.000000
vn 0.066859 0.074363 0.000000
vn -0.069707 0.071700 -0.000000
vn -0.069707 0.071700 -0.000000
vn -0.070081 0.071335 -0.000000
vn -0.070081 0.071335 -0.000000
vn -0.070452 0.070968 -0.000000
vn -0.070452 0.070968 -0.000000
vn -0.070822 0.070599 -0.000000
vn -0.070822 0.070599 -0.000000
vn 0.092967 -0.036839 0.000000
vn 0.092967 -0.036839 0.000000
vn 0.092820 -0.037209 0.000000
vn 0.092820 -0.037209 0.000000
vn 0.092671 -0.037578 0.000000
vn 0.092671 -0.037578 0.000000
vn 0.092521 -0.037947 0.000000
vn 0.092521 -0.037947 0.000000
vn 0.039969 0.091665 0.000000
vn 0.039969 0.091665 0.000000
vn 0.039969 0.091665 0.000000
vn 0.039969 0.091665 0.000000
vn -0.003418 -0.099942 -0.000000
vn -0.003418 -0.099942 -0.000000
vn -0.003418 -0.099942 -0.000000
vn -0.003418 -0.099942 -0.000000
vn -0.072877 0.068476 -0.000000
vn -0.072877 0.068476 -0.000000
vn -0.072604 0.068765 -0.000000
vn -0.072604 0.068765 -0.000000
vn -0.072330 0.069054 -0.000000
vn -0.072330 0.069054 -0.000000
vn -0.072054 0.069341 -0.000000
vn -0.072054 0.069341 -0.000000
vn 0.091207 -0.041005 0.000000
vn 0.091207 -0.041005 0.000000
vn 0.091420 -0.040527 0.000000
vn 0.091420 -0.040527 0.000000
vn 0.091630 -0.040049 0.000000
vn 0.091630 -0.040049 0.000000
vn 0.091838 -0.039570 0.000000
vn 0.091838 -0.039570 0.000000
vn -0.089539 -0.044528 -0.000000
vn -0.089539 -0.044528 -0.000000
vn -0.089539 -0.044528 -0.000000
vn -0.089539 -0.044528 -0.000000
vn 0.071397 0.070018 0.000000
vn 0.071397 0.070018 0.000000
vn 0.071397 0.070018 0.000000
vn 0.071397 0.070018 0.000000
vn -0.074071 0.067182 -0.000000
vn -0.074071 0.067182 -0.000000
vn -0.074422 0.066794 -0.000000
vn -0.074422 0.066794 -0.000000
vn -0.074770 0.066404 -0.000000
vn -0.074770 0.066404 -0.000000
vn -0.075115 0.066013 -0.000000
vn -0.075115 0.066013 -0.000000
vn 0.090470 -0.042604 0.000000
vn 0.090470 -0.042604 0.000000
vn 0.090300 -0.042964 0.000000
vn 0.090300 -0.042964 0.000000
vn 0.090128 -0.043323 0.000000
vn 0.090128 -0.043323 0.000000
vn 0.089955 -0.043681 0.000000
vn 0.089955 -0.043681 0.000000
vn 0.034134 0.093994 0.000000
vn 0.034134 0.093994 0.000000
vn 0.034134 0.093994 0.000000
vn 0.034134 0.093994 0.000000
vn -0.009686 -0.099530 -0.000000
vn -0.009686 -0.099530 -0.000000
vn -0.009686 -0.099530 -0.000000
vn -0.009686 -0.099530 -0.000000
vn -0.077033 0.063765 -0.000000
vn -0.077033 0.063765 -0.000000
vn -0.076779 0.064071 -0.000000
vn -0.076779 0.064071 -0.000000
vn -0.076523 0.064376 -0.000000
vn -0.076523 0.064376 -0.000000
vn -0.076266 0.064680 -0.000000
vn -0.076266 0.064680 -0.000000
vn 0.088452 -0.046650 0.000000
vn 0.088452 -0.046650 0.000000
vn 0.088694 -0.046188 0.000000
vn 0.088694 -0.046188 0.000000
vn 0.088935 -0.045724 0.000000
vn 0.088935 -0.045724 0.000000
vn 0.089172 -0.045258 0.000000
vn 0.089172 -0.045258 0.000000
vn -0.086566 -0.050063 -0.000000
vn -0.086566 -0.050063 -0.000000
vn -0.086566 -0.050063 -0.000000
vn -0.086566 -0.050063 -0.000000
vn 0.075652 0.065397 0.000000
vn 0.075652 0.065397 0.000000
vn 0.075652 0.065397 0.000000
vn 0.075652 0.065397 0.000000
vn -0.078144 0.062398 -0.000000
vn -0.078144 0.062398 -0.000000
vn -0.078469 0.061989 -0.000000
vn -0.078469 0.061989 -0.000000
vn -0.078792 0.061578 -0.000000
vn -0.078792 0.061578 -0.000000
vn -0.079112 0.061166 -0.000000
vn -0.079112 0.061166 -0.000000
vn 0.087617 -0.048201 0.000000
vn 0.087617 -0.048201 0.000000
vn 0.087424 -0.048549 0.000000
vn 0.087424 -0.048549 0.000000
vn 0.087230 -0.048897 0.000000
vn 0.087230 -0.048897 0.000000
vn 0.087035 -0.049243 0.000000
vn 0.087035 -0.049243 0.000000
vn 0.028165 0.095952 0.000000
vn 0.028165 0.095952 0.000000
vn 0.028165 0.095952 0.000000
vn 0.028165 0.095952 0.000000
vn -0.015917 -0.098725 -0.000000
vn -0.015917 -0.098725 -0.000000
vn -0.015917 -0.098725 -0.000000
vn -0.015917 -0.098725 -0.000000
vn -0.080885 0.058802 -0.000000
vn -0.080885 0.058802 -0.000000
vn -0.080650 0.059123 -0.000000
vn -0.080650 0.059123 -0.000000
vn -0.080414 0.059444 -0.000000
vn -0.080414 0.059444 -0.000000
vn -0.080177 0.059763 -0.000000
vn -0.080177 0.059763 -0.000000
vn 0.085348 -0.052112 0.000000
vn 0.085348 -0.052112 0.000000
vn 0.085619 -0.051666 0.000000
vn 0.085619 -0.051666 0.000000
vn 0.085888 -0.051218 0.000000
vn 0.085888 -0.051218 0.000000
vn 0.086155 -0.050768 0.000000
vn 0.086155 -0.050768 0.000000
vn -0.083252 -0.055399 -0.000000
vn -0.083252 -0.055399 -0.000000
vn -0.083252 -0.055399 -0.000000
vn -0.083252 -0.055399 -0.000000
vn 0.079609 0.060517 0.000000
vn 0.079609 0.060517 0.000000
vn 0.079609 0.060517 0.000000
vn 0.079609 0.060517 0.000000
vn -0.081908 0.057369 -0.000000
vn -0.081908 0.057369 -0.000000
vn -0.082206 0.056940 -0.000000
vn -0.082206 0.056940 -0.000000
vn -0.082503 0.056509 -0.000000
vn -0.082503 0.056509 -0.000000
vn -0.082797 0.056078 -0.000000
vn -0.082797 0.056078 -0.000000
vn 0.084417 -0.053607 0.000000
vn 0.084417 -0.053607 0.000000
vn 0.084203 -0.053943 0.000000
vn 0.084203 -0.053943 0.000000
vn 0.083988 -0.054277 0.000000
vn 0.083771 -0.054611 0.000000
vn 0.083771 -0.054611 0.000000
vn 0.083988 -0.054277 0.000000
vn 0.022084 0.097531 0.000000
vn 0.022084 0.097531 0.000000
vn 0.022084 0.097531 0.000000
vn 0.022084 0.097531 0.000000
vn -0.022084 -0.097531 -0.000000
vn -0.022084 -0.097531 -0.000000
vn -0.022084 -0.097531 -0.000000
vn -0.022084 -0.097531 -0.000000
vn -0.084417 0.053607 -0.000000
vn -0.084417 0.053607 -0.000000
vn -0.084203 0.053943 -0.000000
vn -0.084203 0.053943 -0.000000
vn -0.083988 0.054277 -0.000000
vn -0.083771 0.054611 -0.000000
vn -0.083771 0.054611 -0.000000
vn -0.083988 0.054277 -0.000000
vn 0.081908 -0.057369 0.000000
vn 0.081908 -0.057369 0.000000
vn 0.082206 -0.056940 0.000000
vn 0.082206 -0.056940 0.000000
vn 0.082503 -0.056509 0.000000
vn 0.082503 -0.056509 0.000000
vn 0.082797 -0.056078 0.000000
vn 0.082797 -0.056078 0.000000
vn -0.079609 -0.060517 -0.000000
vn -0.079609 -0.060517 -0.000000
vn -0.079609 -0.060517 -0.000000
vn -0.079609 -0.060517 -0.000000
vn 0.083252 0.055399 0.000000
vn 0.083252 0.055399 0.000000
vn 0.083252 0.055399 0.000000
vn 0.083252 0.055399 0.000000
vn -0.085348 0.052112 -0.000000
vn -0.085348 0.052112 -0.000000
vn -0.085619 0.051666 -0.000000
vn -0.085619 0.051666 -0.000000
vn -0.085888 0.051218 -0.000000
vn -0.085888 0.051218 -0.000000
vn -0.086155 0.050768 -0.000000
vn -0.086155 0.050768 -0.000000
vn 0.080885 -0.058802 0.000000
vn 0.080885 -0.058802 0.000000
vn 0.080650 -0.059123 0.000000
vn 0.080650 -0.059123 0.000000
vn 0.080414 -0.059444 0.000000
vn 0.080414 -0.059444 0.000000
vn 0.080177 -0.059763 0.000000
vn 0.080177 -0.059763 0.000000
vn 0.015917 0.098725 0.000000
vn 0.015917 0.098725 0.000000
vn 0.015917 0.098725 0.000000
vn 0.015917 0.098725 0.000000
vn -0.028165 -0.095952 -0.000000
vn -0.028165 -0.095952 -0.000000
vn -0.028165 -0.095952 -0.000000
vn -0.028165 -0.095952 -0.000000
vn -0.087617 0.048201 -0.000000
vn -0.087617 0.048201 -0.000000
vn -0.087424 0.048549 -0.000000
vn -0.087424 0.048549 -0.000000
vn -0.087230 0.048897 -0.000000
vn -0.087230 0.048897 -0.000000
vn -0.087035 0.049243 -0.000000
vn -0.087035 0.049243 -0.000000
vn 0.078144 -0.062398 0.000000
vn 0.078144 -0.062398 0.000000
vn 0.078469 -0.061989 0.000000
vn 0.078469 -0.061989 0.000000
vn 0.078792 -0.061578 0.000000
vn 0.078792 -0.061578 0.000000
vn 0.079112 -0.061166 0.000000
vn 0.079112 -0.061166 0.000000
vn -0.075652 -0.065397 -0.000000
vn -0.075652 -0.065397 -0.000000
vn -0.075652 -0.065397 -0.000000
vn -0.075652 -0.065397 -0.000000
vn 0.086566 0.050063 0.000000
vn 0.086566 0.050063 0.000000
vn 0.086566 0.050063 0.000000
vn 0.086566 0.050063 0.000000
vn -0.088452 0.046650 -0.000000
vn -0.088452 0.046650 -0.000000
vn -0.088694 0.046188 -0.000000
vn -0.088694 0.046188 -0.000000
vn -0.088935 0.045724 -0.000000
vn -0.088935 0.045724 -0.000000
vn -0.089172 0.045258 -0.000000
vn -0.089172 0.045258 -0.000000
vn 0.077033 -0.063765 0.000000
vn 0.077033 -0.063765 0.000000
vn 0.076779 -0.064071 0.000000
vn 0.076779 -0.064071 0.000000
vn 0.076523 -0.064376 0.000000
vn 0.076523 -0.064376 0.000000
vn 0.076266 -0.064680 0.000000
vn 0.076266 -0.064680 0.000000
vn 0.009686 0.099530 0.000000
vn 0.009686 0.099530 0.000000
vn 0.009686 0.099530 0.000000
vn 0.009686 0.099530 0.000000
vn -0.034134 -0.093994 -0.000000
vn -0.034134 -0.093994 -0.000000
vn -0.034134 -0.093994 -0.000000
vn -0.034134 -0.093994 -0.000000
vn -0.090470 0.042604 -0.000000
vn -0.090470 0.042604 -0.000000
vn -0.090300 0.042964 -0.000000
vn -0.090300 0.042964 -0.000000
vn -0.090128 0.043323 -0.000000
vn -0.090128 0.043323 -0.000000
vn -0.089955 0.043681 -0.000000
vn -0.089955 0.043681 -0.000000
vn 0.074071 -0.067182 0.000000
vn 0.074071 -0.067182 0.000000
vn 0.074422 -0.066794 0.000000
vn 0.074422 -0.066794 0.000000
vn 0.074770 -0.066404 0.000000
vn 0.074770 -0.066404 0.000000
vn 0.075115 -0.066013 0.000000
vn 0.075115 -0.066013 0.000000
vn -0.071397 -0.070018 -0.000000
vn -0.071397 -0.070018 -0.000000
vn -0.071397 -0.070018 -0.000000
vn -0.071397 -0.070018 -0.000000
vn 0.089539 0.044528 0.000000
vn 0.089539 0.044528 0.000000
vn 0.089539 0.044528 0.000000
vn 0.089539 0.044528 0.000000
vn -0.091207 0.041005 -0.000000
vn -0.091207 0.041005 -0.000000
vn -0.091420 0.040527 -0.000000
vn -0.091420 0.040527 -0.000000
vn -0.091630 0.040049 -0.000000
vn -0.091630 0.040049 -0.000000
vn -0.091838 0.039570 -0.000000
vn -0.091838 0.039570 -0.000000
vn 0.072877 -0.068476 0.000000
vn 0.072877 -0.068476 0.000000
vn 0.072604 -0.068765 0.000000
vn 0.072604 -0.068765 0.000000
vn 0.072330 -0.069054 0.000000
vn 0.072330 -0.069054 0.000000
vn 0.072054 -0.069341 0.000000
vn 0.072054 -0.069341 0.000000
vn 0.003418 0.099942 0.000000
vn 0.003418 0.099942 0.000000
vn 0.003418 0.099942 0.000000
vn 0.003418 0.099942 0.000000
vn -0.039969 -0.091665 -0.000000
vn -0.039969 -0.091665 -0.000000
vn -0.039969 -0.091665 -0.000000
vn -0.039969 -0.091665 -0.000000
vn -0.092967 0.036839 -0.000000
vn -0.092967 0.036839 -0.000000
vn -0.092820 0.037209 -0.000000
vn -0.092820 0.037209 -0.000000
vn -0.092671 0.037578 -0.000000
vn -0.092671 0.037578 -0.000000
vn -0.092521 0.037947 -0.000000
vn -0.092521 0.037947 -0.000000
vn 0.069707 -0.071700 0.000000
vn 0.069707 -0.071700 0.000000
vn 0.070081 -0.071335 0.000000
vn 0.070081 -0.071335 0.000000
vn 0.070452 -0.070968 0.000000
vn 0.070452 -0.070968 0.000000
vn 0.070822 -0.070599 0.000000
vn 0.070822 -0.070599 0.000000
vn -0.066859 -0.074363 -0.000000
vn -0.066859 -0.074363 -0.000000
vn -0.066859 -0.074363 -0.000000
vn -0.066859 -0.074363 -0.000000
vn 0.092158 0.038818 0.000000
vn 0.092158 0.038818 0.000000
vn 0.092158 0.038818 0.000000
vn 0.092158 0.038818 0.000000
vn -0.093601 0.035197 -0.000000
vn -0.093601 0.035197 -0.000000
vn -0.093784 0.034707 -0.000000
vn -0.093784 0.034707 -0.000000
vn -0.093964 0.034217 -0.000000
vn -0.093964 0.034217 -0.000000
vn -0.094141 0.033725 -0.000000
vn -0.094141 0.033725 -0.000000
vn 0.068434 -0.072917 0.000000
vn 0.068434 -0.072917 0.000000
vn 0.068143 -0.073188 0.000000
vn 0.068143 -0.073188 0.000000
vn 0.067851 -0.073459 0.000000
vn 0.067851 -0.073459 0.000000
vn 0.067558 -0.073728 0.000000
vn 0.067558 -0.073728 0.000000
vn -0.002864 0.099959 0.000000
vn -0.002864 0.099959 0.000000
vn -0.002864 0.099959 0.000000
vn -0.002864 0.099959 0.000000
vn -0.045645 -0.088975 -0.000000
vn -0.045645 -0.088975 -0.000000
vn -0.045645 -0.088975 -0.000000
vn -0.045645 -0.088975 -0.000000
vn -0.095097 0.030929 -0.000000
vn -0.095097 0.030929 -0.000000
vn -0.094973 0.031307 -0.000000
vn -0.094973 0.031307 -0.000000
vn -0.094848 0.031685 -0.000000
vn -0.094848 0.031685 -0.000000
vn -0.094721 0.032062 -0.000000
vn -0.094721 0.032062 -0.000000
vn 0.065067 -0.075936 0.000000
vn 0.065067 -0.075936 0.000000
vn 0.065463 -0.075595 0.000000
vn 0.065463 -0.075595 0.000000
vn 0.065857 -0.075252 0.000000
vn 0.065857 -0.075252 0.000000
vn 0.066250 -0.074907 0.000000
vn 0.066250 -0.074907 0.000000
vn -0.062058 -0.078414 -0.000000
vn -0.062058 -0.078414 -0.000000
vn -0.062058 -0.078414 -0.000000
vn -0.062058 -0.078414 -0.000000
vn 0.094414 0.032955 0.000000
vn 0.094414 0.032955 0.000000
vn 0.094414 0.032955 0.000000
vn 0.094414 0.032955 0.000000
vn -0.095627 0.029250 -0.000000
vn -0.095627 0.029250 -0.000000
vn -0.095778 0.028750 -0.000000
vn -0.095778 0.028750 -0.000000
vn -0.095927 0.028249 -0.000000
vn -0.095927 0.028249 -0.000000
vn -0.096073 0.027747 -0.000000
vn -0.096073 0.027747 -0.000000
vn 0.063720 -0.077070 -0.000000
vn 0.063720 -0.077070 -0.000000
vn 0.063413 -0.077323 -0.000000
vn 0.063413 -0.077323 -0.000000
vn 0.063105 -0.077574 -0.000000
vn 0.063105 -0.077574 -0.000000
vn 0.062795 -0.077825 -0.000000
vn 0.062795 -0.077825 -0.000000
vn -0.009135 0.099582 0.000000
vn -0.009135 0.099582 0.000000
vn -0.009135 0.099582 0.000000
vn -0.009135 0.099582 0.000000
vn -0.051142 -0.085933 -0.000000
vn -0.051142 -0.085933 -0.000000
vn -0.051142 -0.085933 -0.000000
vn -0.051142 -0.085933 -0.000000
vn -0.096851 0.024897 -0.000000
vn -0.096851 0.024897 -0.000000
vn -0.096751 0.025282 -0.000000
vn -0.096751 0.025282 -0.000000
vn -0.096650 0.025667 -0.000000
vn -0.096650 0.025667 -0.000000
vn -0.096547 0.026051 -0.000000
vn -0.096547 0.026051 -0.000000
vn 0.060171 -0.079872 -0.000000
vn 0.060171 -0.079872 -0.000000
vn 0.060587 -0.079556 -0.000000
vn 0.060587 -0.079556 -0.000000
vn 0.061002 -0.079238 -0.000000
vn 0.061002 -0.079238 -0.000000
vn 0.061415 -0.078919 -0.000000
vn 0.061415 -0.078919 -0.000000
vn -0.057012 -0.082156 -0.000000
vn -0.057012 -0.082156 -0.000000
vn -0.057012 -0.082156 -0.000000
vn -0.057012 -0.082156 -0.000000
vn 0.096297 0.026962 0.000000
vn 0.096297 0.026962 0.000000
vn 0.096297 0.026962 0.000000
vn 0.096297 0.026962 0.000000
vn -0.097274 0.023188 -0.000000
vn -0.097274 0.023188 -0.000000
vn -0.097394 0.022679 -0.000000
vn -0.097394 0.022679 -0.000000
vn -0.097511 0.022170 -0.000000
vn -0.097511 0.022170 -0.000000
vn -0.097626 0.021660 -0.000000
vn -0.097626 0.021660 -0.000000
vn 0.058755 -0.080919 -0.000000
vn 0.058755 -0.080919 -0.000000
vn 0.058433 -0.081152 -0.000000
vn 0.058433 -0.081152 -0.000000
vn 0.058109 -0.081384 -0.000000
vn 0.058109 -0.081384 -0.000000
vn 0.057785 -0.081614 -0.000000
vn 0.057785 -0.081614 -0.000000
vn -0.015370 0.098812 0.000000
vn -0.015370 0.098812 0.000000
vn -0.015370 0.098812 0.000000
vn -0.015370 0.098812 0.000000
vn -0.056437 -0.082552 -0.000000
vn -0.056437 -0.082552 -0.000000
vn -0.056437 -0.082552 -0.000000
vn -0.056437 -0.082552 -0.000000
vn -0.098223 0.018767 -0.000000
vn -0.098223 0.018767 -0.000000
vn -0.098148 0.019157 -0.000000
vn -0.098148 0.019157 -0.000000
vn -0.098071 0.019548 -0.000000
vn -0.098071 0.019548 -0.000000
vn -0.097992 0.019938 -0.000000
vn -0.097992 0.019938 -0.000000
vn 0.055037 -0.083492 -0.000000
vn 0.055037 -0.083492 -0.000000
vn 0.055472 -0.083203 -0.000000
vn 0.055472 -0.083203 -0.000000
vn 0.055906 -0.082912 -0.000000
vn 0.055906 -0.082912 -0.000000
vn 0.056339 -0.082619 -0.000000
vn 0.056339 -0.082619 -0.000000
vn -0.051741 -0.085574 -0.000000
vn -0.051741 -0.085574 -0.000000
vn -0.051741 -0.085574 -0.000000
vn -0.051741 -0.085574 -0.000000
vn 0.097800 0.020862 0.000000
vn 0.097800 0.020862 0.000000
vn 0.097800 0.020862 0.000000
vn 0.097800 0.020862 0.000000
vn -0.098539 0.017034 -0.000000
vn -0.098539 0.017034 -0.000000
vn -0.098626 0.016519 -0.000000
vn -0.098626 0.016519 -0.000000
vn -0.098711 0.016003 -0.000000
vn -0.098711 0.016003 -0.000000
vn -0.098793 0.015487 -0.000000
vn -0.098793 0.015487 -0.000000
vn 0.053558 -0.084448 -0.000000
vn 0.053558 -0.084448 -0.000000
vn 0.053222 -0.084661 -0.000000
vn 0.053222 -0.084661 -0.000000
vn 0.052884 -0.084872 -0.000000
vn 0.052884 -0.084872 -0.000000
vn 0.052546 -0.085082 -0.000000
vn 0.052546 -0.085082 -0.000000
vn -0.021544 0.097652 0.000000
vn -0.021544 0.097652 0.000000
vn -0.021544 0.097652 0.000000
vn -0.021544 0.097652 0.000000
vn -0.061509 -0.078846 -0.000000
vn -0.061509 -0.078846 -0.000000
vn -0.061509 -0.078846 -0.000000
vn -0.061509 -0.078846 -0.000000
vn -0.099208 0.012562 -0.000000
vn -0.099208 0.012562 -0.000000
vn -0.099157 0.012957 -0.000000
vn -0.099157 0.012957 -0.000000
vn -0.099105 0.013351 -0.000000
vn -0.099105 0.013351 -0.000000
vn -0.099051 0.013745 -0.000000
vn -0.099051 0.013745 -0.000000
vn 0.049686 -0.086783 -0.000000
vn 0.049686 -0.086783 -0.000000
vn 0.050139 -0.086522 -0.000000
vn 0.050139 -0.086522 -0.000000
vn 0.050590 -0.086259 -0.000000
vn 0.050590 -0.086259 -0.000000
vn 0.051040 -0.085994 -0.000000
vn 0.051040 -0.085994 -0.000000
vn -0.046266 -0.088654 -0.000000
vn -0.046266 -0.088654 -0.000000
vn -0.046266 -0.088654 -0.000000
vn -0.046266 -0.088654 -0.000000
vn 0.098917 0.014680 0.000000
vn 0.098917 0.014680 0.000000
vn 0.098917 0.014680 0.000000
vn 0.098917 0.014680 0.000000
vn -0.099414 0.010813 -0.000000
vn -0.099414 0.010813 -0.000000
vn -0.099469 0.010294 -0.000000
vn -0.099469 0.010294 -0.000000
vn -0.099521 0.009774 -0.000000
vn -0.099521 0.009774 -0.000000
vn -0.099571 0.009254 -0.000000
vn -0.099571 0.009254 -0.000000
vn 0.048150 -0.087645 -0.000000
vn 0.048150 -0.087645 -0.000000
vn 0.047801 -0.087836 -0.000000
vn 0.047801 -0.087836 -0.000000
vn 0.047451 -0.088025 -0.000000
vn 0.047451 -0.088025 -0.000000
vn 0.047100 -0.088213 -0.000000
vn 0.047100 -0.088213 -0.000000
vn -0.027633 0.096106 0.000000
vn -0.027633 0.096106 0.000000
vn -0.027633 0.096106 0.000000
vn -0.027633 0.096106 0.000000
vn -0.066339 -0.074828 -0.000000
vn -0.066339 -0.074828 -0.000000
vn -0.066339 -0.074828 -0.000000
vn -0.066339 -0.074828 -0.000000
vn -0.099801 0.006308 -0.000000
vn -0.099801 0.006308 -0.000000
vn -0.099775 0.006705 -0.000000
vn -0.099775 0.006705 -0.000000
vn -0.099747 0.007102 -0.000000
vn -0.099747 0.007102 -0.000000
vn -0.099718 0.007499 -0.000000
vn -0.099718 0.007499 -0.000000
vn 0.044139 -0.089732 -0.000000
vn 0.044139 -0.089732 -0.000000
vn 0.044607 -0.089500 -0.000000
vn 0.044607 -0.089500 -0.000000
vn 0.045074 -0.089266 -0.000000
vn 0.045074 -0.089266 -0.000000
vn 0.045540 -0.089029 -0.000000
vn 0.045540 -0.089029 -0.000000
vn -0.040608 -0.091384 -0.000000
vn -0.040608 -0.091384 -0.000000
vn -0.040608 -0.091384 -0.000000
vn -0.040608 -0.091384 -0.000000
vn 0.099643 0.008440 0.000000
vn 0.099643 0.008440 0.000000
vn 0.099643 0.008440 0.000000
vn 0.099643 0.008440 0.000000
vn -0.099896 0.004550 -0.000000
vn -0.099896 0.004550 -0.000000
vn -0.099919 0.004028 -0.000000
vn -0.099919 0.004028 -0.000000
vn -0.099939 0.003505 -0.000000
vn -0.099939 0.003505 -0.000000
vn -0.099955 0.002983 -0.000000
vn -0.099955 0.002983 -0.000000
vn 0.042552 -0.090495 -0.000000
vn 0.042552 -0.090495 -0.000000
vn 0.042191 -0.090664 -0.000000
vn 0.042191 -0.090664 -0.000000
vn 0.041830 -0.090831 -0.000000
vn 0.041830 -0.090831 -0.000000
vn 0.041468 -0.090997 -0.000000
vn 0.041468 -0.090997 -0.000000
vn -0.033613 0.094181 0.000000
vn -0.033613 0.094181 0.000000
vn -0.033613 0.094181 0.000000
vn -0.033613 0.094181 0.000000
vn -0.070906 -0.070515 -0.000000
vn -0.070906 -0.070515 -0.000000
vn -0.070906 -0.070515 -0.000000
vn -0.070906 -0.070515 -0.000000
vn -0.100000 0.000029 -0.000000
vn -0.100000 0.000029 -0.000000
vn -0.099999 0.000427 -0.000000
vn -0.099999 0.000427 -0.000000
vn -0.099997 0.000825 -0.000000
vn -0.099997 0.000825 -0.000000
vn -0.099993 0.001223 -0.000000
vn -0.099993 0.001223 -0.000000
vn 0.038417 -0.092326 -0.000000
vn 0.038417 -0.092326 -0.000000
vn 0.038899 -0.092124 -0.000000
vn 0.038899 -0.092124 -0.000000
vn 0.039380 -0.091920 -0.000000
vn 0.039380 -0.091920 -0.000000
vn 0.039860 -0.091713 -0.000000
vn 0.039860 -0.091713 -0.000000
vn -0.034789 -0.093753 -0.000000
vn -0.034789 -0.093753 -0.000000
vn -0.034789 -0.093753 -0.000000
vn -0.034789 -0.093753 -0.000000
vn 0.099977 0.002167 0.000000
vn 0.099977 0.002167 0.000000
vn 0.099977 0.002167 0.000000
vn 0.099977 0.002167 0.000000
vn -0.099985 -0.001732 -0.000000
vn -0.099985 -0.001732 -0.000000
vn -0.099975 -0.002254 -0.000000
vn -0.099975 -0.002254 -0.000000
vn -0.099961 -0.002777 -0.000000
vn -0.099961 -0.002777 -0.000000
vn -0.099946 -0.003299 -0.000000
vn -0.099946 -0.003299 -0.000000
vn 0.036786 -0.092988 -0.000000
vn 0.036786 -0.092988 -0.000000
vn 0.036415 -0.093134 -0.000000
vn 0.036415 -0.093134 -0.000000
vn 0.036044 -0.093278 -0.000000
vn 0.036044 -0.093278 -0.000000
vn 0.035673 -0.093421 -0.000000
vn 0.035673 -0.093421 -0.000000
vn -0.039461 0.091885 0.000000
vn -0.039461 0.091885 0.000000
vn -0.039461 0.091885 0.000000
vn -0.039461 0.091885 0.000000
vn -0.075194 -0.065923 -0.000000
vn -0.075194 -0.065923 -0.000000
vn -0.075194 -0.065923 -0.000000
vn -0.075194 -0.065923 -0.000000
vn -0.099804 -0.006250 -0.000000
vn -0.099804 -0.006250 -0.000000
vn -0.099829 -0.005853 -0.000000
vn -0.099829 -0.005853 -0.000000
vn -0.099851 -0.005456 -0.000000
vn -0.099851 -0.005456 -0.000000
vn -0.099872 -0.005058 -0.000000
vn -0.099872 -0.005058 -0.000000
vn 0.032544 -0.094556 -0.000000
vn 0.032544 -0.094556 -0.000000
vn 0.033038 -0.094385 -0.000000
vn 0.033038 -0.094385 -0.000000
vn 0.033531 -0.094211 -0.000000
vn 0.033531 -0.094211 -0.000000
vn 0.034022 -0.094034 -0.000000
vn 0.034022 -0.094034 -0.000000
vn -0.028834 -0.095753 -0.000000
vn -0.028834 -0.095753 -0.000000
vn -0.028834 -0.095753 -0.000000
vn -0.028834 -0.095753 -0.000000
vn 0.099915 -0.004115 0.000000
vn 0.099915 -0.004115 0.000000
vn 0.099915 -0.004115 0.000000
vn 0.099915 -0.004115 0.000000
vn -0.099679 -0.008007 -0.000000
vn -0.099679 -0.008007 -0.000000
vn -0.099636 -0.008527 -0.000000
vn -0.099636 -0.008527 -0.000000
vn -0.099590 -0.009048 -0.000000
vn -0.099590 -0.009048 -0.000000
vn -0.099541 -0.009568 -0.000000
vn -0.099541 -0.009568 -0.000000
vn 0.030874 -0.095115 -0.000000
vn 0.030874 -0.095115 -0.000000
vn 0.030495 -0.095237 -0.000000
vn 0.030495 -0.095237 -0.000000
vn 0.030116 -0.095357 -0.000000
vn 0.030116 -0.095357 -0.000000
vn 0.029736 -0.095476 -0.000000
vn 0.029736 -0.095476 -0.000000
vn -0.045152 0.089226 0.000000
vn -0.045152 0.089226 0.000000
vn -0.045152 0.089226 0.000000
vn -0.045152 0.089226 0.000000
vn -0.079185 -0.061072 -0.000000
vn -0.079185 -0.061072 -0.000000
vn -0.079185 -0.061072 -0.000000
vn -0.079185 -0.061072 -0.000000
vn -0.099215 -0.012505 -0.000000
vn -0.099215 -0.012505 -0.000000
vn -0.099264 -0.012110 -0.000000
vn -0.099264 -0.012110 -0.000000
vn -0.099311 -0.011715 -0.000000
vn -0.099311 -0.011715 -0.000000
vn -0.099357 -0.011319 -0.000000
vn -0.099357 -0.011319 -0.000000
vn 0.026543 -0.096413 -0.000000
vn 0.026543 -0.096413 -0.000000
vn 0.027046 -0.096273 -0.000000
vn 0.027046 -0.096273 -0.000000
vn 0.027549 -0.096130 -0.000000
vn 0.027549 -0.096130 -0.000000
vn 0.028051 -0.095985 -0.000000
vn 0.028051 -0.095985 -0.000000
vn -0.022765 -0.097374 -0.000000
vn -0.022765 -0.097374 -0.000000
vn -0.022765 -0.097374 -0.000000
vn -0.022765 -0.097374 -0.000000
vn 0.099460 -0.010381 0.000000
vn 0.099460 -0.010381 0.000000
vn 0.099460 -0.010381 0.000000
vn 0.099460 -0.010381 0.000000
vn -0.098980 -0.014250 -0.000000
vn -0.098980 -0.014250 -0.000000
vn -0.098904 -0.014767 -0.000000
vn -0.098904 -0.014767 -0.000000
vn -0.098825 -0.015283 -0.000000
vn -0.098825 -0.015283 -0.000000
vn -0.098744 -0.015799 -0.000000
vn -0.098744 -0.015799 -0.000000
vn 0.024841 -0.096865 -0.000000
vn 0.024841 -0.096865 -0.000000
vn 0.024455 -0.096964 -0.000000
vn 0.024455 -0.096964 -0.000000
vn 0.024069 -0.097060 -0.000000
vn 0.024069 -0.097060 -0.000000
vn 0.023683 -0.097155 -0.000000
vn 0.023683 -0.097155 -0.000000
vn -0.050666 0.086215 0.000000
vn -0.050666 0.086215 0.000000
vn -0.050666 0.086215 0.000000
vn -0.050666 0.086215 0.000000
vn -0.082863 -0.055979 -0.000000
vn -0.082863 -0.055979 -0.000000
vn -0.082863 -0.055979 -0.000000
vn -0.082863 -0.055979 -0.000000
vn -0.098234 -0.018710 -0.000000
vn -0.098234 -0.018710 -0.000000
vn -0.098308 -0.018319 -0.000000
vn -0.098308 -0.018319 -0.000000
vn -0.098380 -0.017927 -0.000000
vn -0.098380 -0.017927 -0.000000
vn -0.098451 -0.017536 -0.000000
vn -0.098451 -0.017536 -0.000000
vn 0.020437 -0.097889 -0.000000
vn 0.020437 -0.097889 -0.000000
vn 0.020948 -0.097781 -0.000000
vn 0.020948 -0.097781 -0.000000
vn 0.021458 -0.097671 -0.000000
vn 0.021458 -0.097671 -0.000000
vn 0.021968 -0.097557 -0.000000
vn 0.021968 -0.097557 -0.000000
vn -0.016606 -0.098612 -0.000000
vn -0.016606 -0.098612 -0.000000
vn -0.016606 -0.098612 -0.000000
vn -0.016606 -0.098612 -0.000000
vn 0.098612 -0.016606 0.000000
vn 0.098612 -0.016606 0.000000
vn 0.098612 -0.016606 0.000000
vn 0.098612 -0.016606 0.000000
vn -0.097889 -0.020437 -0.000000
vn -0.097889 -0.020437 -0.000000
vn -0.097781 -0.020948 -0.000000
vn -0.097781 -0.020948 -0.000000
vn -0.097671 -0.021458 -0.000000
vn -0.097671 -0.021458 -0.000000
vn -0.097557 -0.021968 -0.000000
vn -0.097557 -0.021968 -0.000000
vn 0.018710 -0.098234 -0.000000
vn 0.018710 -0.098234 -0.000000
vn 0.018319 -0.098308 -0.000000
vn 0.018319 -0.098308 -0.000000
vn 0.017927 -0.098380 -0.000000
vn 0.017927 -0.098380 -0.000000
vn 0.017536 -0.098451 -0.000000
vn 0.017536 -0.098451 -0.000000
vn -0.055979 0.082863 0.000000
vn -0.055979 0.082863 0.000000
vn -0.055979 0.082863 0.000000
vn -0.055979 0.082863 0.000000
vn -0.086215 -0.050666 -0.000000
vn -0.086215 -0.050666 -0.000000
vn -0.086215 -0.050666 -0.000000
vn -0.086215 -0.050666 -0.000000
vn -0.096865 -0.024841 -0.000000
vn -0.096865 -0.024841 -0.000000
vn -0.096964 -0.024455 -0.000000
vn -0.096964 -0.024455 -0.000000
vn -0.097060 -0.024069 -0.000000
vn -0.097060 -0.024069 -0.000000
vn -0.097155 -0.023683 -0.000000
vn -0.097155 -0.023683 -0.000000
vn 0.014250 -0.098980 -0.000000
vn 0.014250 -0.098980 -0.000000
vn 0.014767 -0.098904 -0.000000
vn 0.014767 -0.098904 -0.000000
vn 0.015283 -0.098825 -0.000000
vn 0.015283 -0.098825 -0.000000
vn 0.015799 -0.098744 -0.000000
vn 0.015799 -0.098744 -0.000000
vn -0.010381 -0.099460 -0.000000
vn -0.010381 -0.099460 -0.000000
vn -0.010381 -0.099460 -0.000000
vn -0.010381 -0.099460 -0.000000
vn 0.097374 -0.022765 0.000000
vn 0.097374 -0.022765 0.000000
vn 0.097374 -0.022765 0.000000
vn 0.097374 -0.022765 0.000000
vn -0.096413 -0.026543 -0.000000
vn -0.096273 -0.027046 -0.000000
vn -0.096413 -0.026543 -0.000000
vn -0.096273 -0.027046 -0.000000
vn -0.096130 -0.027549 -0.000000
vn -0.096130 -0.027549 -0.000000
vn -0.095985 -0.028051 -0.000000
vn -0.095985 -0.028051 -0.000000
vn 0.012505 -0.099215 -0.000000
vn 0.012505 -0.099215 -0.000000
vn 0.012110 -0.099264 -0.000000
vn 0.012110 -0.099264 -0.000000
vn 0.011715 -0.099311 -0.000000
vn 0.011715 -0.099311 -0.000000
vn 0.011319 -0.099357 -0.000000
vn 0.011319 -0.099357 -0.000000
vn -0.061072 0.079185 0.000000
vn -0.061072 0.079185 0.000000
vn -0.061072 0.079185 0.000000
vn -0.061072 0.079185 0.000000
vn -0.089226 -0.045152 -0.000000
vn -0.089226 -0.045152 -0.000000
vn -0.089226 -0.045152 -0.000000
vn -0.089226 -0.045152 -0.000000
vn -0.095115 -0.030874 -0.000000
vn -0.095115 -0.030874 -0.000000
vn -0.095237 -0.030495 -0.000000
vn -0.095237 -0.030495 -0.000000
vn -0.095357 -0.030116 -0.000000
vn -0.095357 -0.030116 -0.000000
vn -0.095476 -0.029736 -0.000000
vn -0.095476 -0.029736 -0.000000
vn 0.008007 -0.099679 -0.000000
vn 0.008007 -0.099679 -0.000000
vn 0.008527 -0.099636 -0.000000
vn 0.008527 -0.099636 -0.000000
vn 0.009048 -0.099590 -0.000000
vn 0.009048 -0.099590 -0.000000
vn 0.009568 -0.099541 -0.000000
vn 0.009568 -0.099541 -0.000000
vn -0.004115 -0.099915 -0.000000
vn -0.004115 -0.099915 -0.000000
vn -0.004115 -0.099915 -0.000000
vn -0.004115 -0.099915 -0.000000
vn 0.095753 -0.028834 0.000000
vn 0.095753 -0.028834 0.000000
vn 0.095753 -0.028834 0.000000
vn 0.095753 -0.028834 0.000000
vn -0.094556 -0.032544 -0.000000
vn -0.094556 -0.032544 -0.000000
vn -0.094385 -0.033038 -0.000000
vn -0.094385 -0.033038 -0.000000
vn -0.094211 -0.033531 -0.000000
vn -0.094211 -0.033531 -0.000000
vn -0.094034 -0.034022 -0.000000
vn -0.094034 -0.034022 -0.000000
vn 0.006250 -0.099804 -0.000000
vn 0.006250 -0.099804 -0.000000
vn 0.005853 -0.099829 -0.000000
vn 0.005853 -0.099829 -0.000000
vn 0.005456 -0.099851 -0.000000
vn 0.005456 -0.099851 -0.000000
vn 0.005058 -0.099872 -0.000000
vn 0.005058 -0.099872 -0.000000
vn -0.065923 0.075194 -0.000000
vn -0.065923 0.075194 -0.000000
vn -0.065923 0.075194 -0.000000
vn -0.065923 0.075194 -0.000000
vn -0.091885 -0.039461 -0.000000
vn -0.091885 -0.039461 -0.000000
vn -0.091885 -0.039461 -0.000000
vn -0.091885 -0.039461 -0.000000
vn -0.092988 -0.036786 -0.000000
vn -0.092988 -0.036786 -0.000000
vn -0.093134 -0.036415 -0.000000
vn -0.093134 -0.036415 -0.000000
vn -0.093278 -0.036044 -0.000000
vn -0.093278 -0.036044 -0.000000
vn -0.093421 -0.035673 -0.000000
vn -0.093421 -0.035673 -0.000000
vn 0.001732 -0.099985 -0.000000
vn 0.001732 -0.099985 -0.000000
vn 0.002254 -0.099975 -0.000000
vn 0.002254 -0.099975 -0.000000
vn 0.002777 -0.099961 -0.000000
vn 0.002777 -0.099961 -0.000000
vn 0.003299 -0.099946 -0.000000
vn 0.003299 -0.099946 -0.000000
vn 0.002167 -0.099977 -0.000000
vn 0.002167 -0.099977 -0.000000
vn 0.002167 -0.099977 -0.000000
vn 0.002167 -0.099977 -0.000000
vn 0.093753 -0.034789 0.000000
vn 0.093753 -0.034789 0.000000
vn 0.093753 -0.034789 0.000000
vn 0.093753 -0.034789 0.000000
vn -0.092326 -0.038417 -0.000000
vn -0.092326 -0.038417 -0.000000
vn -0.092124 -0.038899 -0.000000
vn -0.092124 -0.038899 -0.000000
vn -0.091920 -0.039380 -0.000000
vn -0.091920 -0.039380 -0.000000
vn -0.091713 -0.039860 -0.000000
vn -0.091713 -0.039860 -0.000000
vn -0.000029 -0.100000 -0.000000
vn -0.000029 -0.100000 -0.000000
vn -0.000427 -0.099999 -0.000000
vn -0.000427 -0.099999 -0.000000
vn -0.000825 -0.099997 -0.000000
vn -0.000825 -0.099997 -0.000000
vn -0.001223 -0.099993 -0.000000
vn -0.001223 -0.099993 -0.000000
vn -0.070515 0.070906 -0.000000
vn -0.070515 0.070906 -0.000000
vn -0.070515 0.070906 -0.000000
vn -0.070515 0.070906 -0.000000
vn -0.094181 -0.033613 -0.000000
vn -0.094181 -0.033613 -0.000000
vn -0.094181 -0.033613 -0.000000
vn -0.094181 -0.033613 -0.000000
vn -0.090495 -0.042552 -0.000000
vn -0.090495 -0.042552 -0.000000
vn -0.090664 -0.042191 -0.000000
vn -0.090664 -0.042191 -0.000000
vn -0.090831 -0.041830 -0.000000
vn -0.090831 -0.041830 -0.000000
vn -0.090997 -0.041468 -0.000000
vn -0.090997 -0.041468 -0.000000
vn -0.004550 -0.099896 -0.000000
vn -0.004550 -0.099896 -0.000000
vn -0.004028 -0.099919 -0.000000
vn -0.004028 -0.099919 -0.000000
vn -0.003505 -0.099939 -0.000000
vn -0.003505 -0.099939 -0.000000
vn -0.002983 -0.099955 -0.000000
vn -0.002983 -0.099955 -0.000000
vn 0.008440 -0.099643 -0.000000
vn 0.008440 -0.099643 -0.000000
vn 0.008440 -0.099643 -0.000000
vn 0.008440 -0.099643 -0.000000
vn 0.091384 -0.040608 0.000000
vn 0.091384 -0.040608 0.000000
vn 0.091384 -0.040608 0.000000
vn 0.091384 -0.040608 0.000000
vn -0.089732 -0.044139 -0.000000
vn -0.089732 -0.044139 -0.000000
vn -0.089500 -0.044607 -0.000000
vn -0.089500 -0.044607 -0.000000
vn -0.089266 -0.045074 -0.000000
vn -0.089266 -0.045074 -0.000000
vn -0.089029 -0.045540 -0.000000
vn -0.089029 -0.045540 -0.000000
vn -0.006308 -0.099801 -0.000000
vn -0.006308 -0.099801 -0.000000
vn -0.006705 -0.099775 -0.000000
vn -0.006705 -0.099775 -0.000000
vn -0.007102 -0.099747 -0.000000
vn -0.007102 -0.099747 -0.000000
vn -0.007499 -0.099718 -0.000000
vn -0.007499 -0.099718 -0.000000
vn -0.074828 0.066339 -0.000000
vn -0.074828 0.066339 -0.000000
vn -0.074828 0.066339 -0.000000
vn -0.074828 0.066339 -0.000000
vn -0.096106 -0.027633 -0.000000
vn -0.096106 -0.027633 -0.000000
vn -0.096106 -0.027633 -0.000000
vn -0.096106 -0.027633 -0.000000
vn -0.087645 -0.048150 -0.000000
vn -0.087645 -0.048150 -0.000000
vn -0.087836 -0.047801 -0.000000
vn -0.087836 -0.047801 -0.000000
vn -0.088025 -0.047451 -0.000000
vn -0.088025 -0.047451 -0.000000
vn -0.088213 -0.047100 -0.000000
vn -0.088213 -0.047100 -0.000000
vn -0.010813 -0.099414 -0.000000
vn -0.010813 -0.099414 -0.000000
vn -0.010294 -0.099469 -0.000000
vn -0.010294 -0.099469 -0.000000
vn -0.009774 -0.099521 -0.000000
vn -0.009774 -0.099521 -0.000000
vn -0.009254 -0.099571 -0.000000
vn -0.009254 -0.099571 -0.000000
vn 0.014680 -0.098917 -0.000000
vn 0.014680 -0.098917 -0.000000
vn 0.014680 -0.098917 -0.000000
vn 0.014680 -0.098917 -0.000000
vn 0.088654 -0.046266 0.000000
vn 0.088654 -0.046266 0.000000
vn 0.088654 -0.046266 0.000000
vn 0.088654 -0.046266 0.000000
vn -0.086783 -0.049686 -0.000000
vn -0.086783 -0.049686 -0.000000
vn -0.086522 -0.050139 -0.000000
vn -0.086522 -0.050139 -0.000000
vn -0.086259 -0.050590 -0.000000
vn -0.086259 -0.050590 -0.000000
vn -0.085994 -0.051040 -0.000000
vn -0.085994 -0.051040 -0.000000
vn -0.012562 -0.099208 -0.000000
vn -0.012562 -0.099208 -0.000000
vn -0.012957 -0.099157 -0.000000
vn -0.012957 -0.099157 -0.000000
vn -0.013351 -0.099105 -0.000000
vn -0.013351 -0.099105 -0.000000
vn -0.013745 -0.099051 -0.000000
vn -0.013745 -0.099051 -0.000000
vn -0.078846 0.061509 -0.000000
vn -0.078846 0.061509 -0.000000
vn -0.078846 0.061509 -0.000000
vn -0.078846 0.061509 -0.000000
vn -0.097652 -0.021544 -0.000000
vn -0.097652 -0.021544 -0.000000
vn -0.097652 -0.021544 -0.000000
vn -0.097652 -0.021544 -0.000000
vn -0.084448 -0.053558 -0.000000
vn -0.084448 -0.053558 -0.000000
vn -0.084661 -0.053222 -0.000000
vn -0.084661 -0.053222 -0.000000
vn -0.084872 -0.052884 -0.000000
vn -0.084872 -0.052884 -0.000000
vn -0.085082 -0.052546 -0.000000
vn -0.085082 -0.052546 -0.000000
vn -0.017034 -0.098539 -0.000000
vn -0.017034 -0.098539 -0.000000
vn -0.016519 -0.098626 -0.000000
vn -0.016519 -0.098626 -0.000000
vn -0.016003 -0.098711 -0.000000
vn -0.016003 -0.098711 -0.000000
vn -0.015487 -0.098793 -0.000000
vn -0.015487 -0.098793 -0.000000
vn 0.020862 -0.097800 -0.000000
vn 0.020862 -0.097800 -0.000000
vn 0.020862 -0.097800 -0.000000
vn 0.020862 -0.097800 -0.000000
vn 0.085574 -0.051741 0.000000
vn 0.085574 -0.051741 0.000000
vn 0.085574 -0.051741 0.000000
vn 0.085574 -0.051741 0.000000
vn -0.083492 -0.055037 -0.000000
vn -0.083492 -0.055037 -0.000000
vn -0.083203 -0.055472 -0.000000
vn -0.083203 -0.055472 -0.000000
vn -0.082912 -0.055906 -0.000000
vn -0.082912 -0.055906 -0.000000
vn -0.082619 -0.056339 -0.000000
vn -0.082619 -0.056339 -0.000000
vn -0.018767 -0.098223 -0.000000
vn -0.018767 -0.098223 -0.000000
vn -0.019157 -0.098148 -0.000000
vn -0.019157 -0.098148 -0.000000
vn -0.019548 -0.098071 -0.000000
vn -0.019548 -0.098071 -0.000000
vn -0.019938 -0.097992 -0.000000
vn -0.019938 -0.097992 -0.000000
vn -0.082552 0.056437 -0.000000
vn -0.082552 0.056437 -0.000000
vn -0.082552 0.056437 -0.000000
vn -0.082552 0.056437 -0.000000
vn -0.098812 -0.015370 -0.000000
vn -0.098812 -0.015370 -0.000000
vn -0.098812 -0.015370 -0.000000
vn -0.098812 -0.015370 -0.000000
vn -0.080919 -0.058755 -0.000000
vn -0.080919 -0.058755 -0.000000
vn -0.081152 -0.058433 -0.000000
vn -0.081152 -0.058433 -0.000000
vn -0.081384 -0.058109 -0.000000
vn -0.081384 -0.058109 -0.000000
vn -0.081614 -0.057785 -0.000000
vn -0.081614 -0.057785 -0.000000
vn -0.023188 -0.097274 -0.000000
vn -0.023188 -0.097274 -0.000000
vn -0.022679 -0.097394 -0.000000
vn -0.022679 -0.097394 -0.000000
vn -0.022170 -0.097511 -0.000000
vn -0.021660 -0.097626 -0.000000
vn -0.021660 -0.097626 -0.000000
vn -0.022170 -0.097511 -0.000000
vn 0.026962 -0.096297 -0.000000
vn 0.026962 -0.096297 -0.000000
vn 0.026962 -0.096297 -0.000000
vn 0.026962 -0.096297 -0.000000
vn 0.082156 -0.057012 0.000000
vn 0.082156 -0.057012 0.000000
vn 0.082156 -0.057012 0.000000
vn 0.082156 -0.057012 0.000000
vn -0.079872 -0.060171 -0.000000
vn -0.079872 -0.060171 -0.000000
vn -0.079556 -0.060587 -0.000000
vn -0.079556 -0.060587 -0.000000
vn -0.079238 -0.061002 -0.000000
vn -0.079238 -0.061002 -0.000000
vn -0.078919 -0.061415 -0.000000
vn -0.078919 -0.061415 -0.000000
vn -0.024897 -0.096851 -0.000000
vn -0.024897 -0.096851 -0.000000
vn -0.025282 -0.096751 -0.000000
vn -0.025282 -0.096751 -0.000000
vn -0.025667 -0.096650 -0.000000
vn -0.025667 -0.096650 -0.000000
vn -0.026051 -0.096547 -0.000000
vn -0.026051 -0.096547 -0.000000
vn -0.085933 0.051142 -0.000000
vn -0.085933 0.051142 -0.000000
vn -0.085933 0.051142 -0.000000
vn -0.085933 0.051142 -0.000000
vn -0.099582 -0.009135 -0.000000
vn -0.099582 -0.009135 -0.000000
vn -0.099582 -0.009135 -0.000000
vn -0.099582 -0.009135 -0.000000
vn -0.077070 -0.063720 -0.000000
vn -0.077070 -0.063720 -0.000000
vn -0.077323 -0.063413 -0.000000
vn -0.077323 -0.063413 -0.000000
vn -0.077574 -0.063105 -0.000000
vn -0.077574 -0.063105 -0.000000
vn -0.077825 -0.062795 -0.000000
vn -0.077825 -0.062795 -0.000000
vn -0.029250 -0.095627 -0.000000
vn -0.029250 -0.095627 -0.000000
vn -0.028750 -0.095778 -0.000000
vn -0.028750 -0.095778 -0.000000
vn -0.028249 -0.095927 -0.000000
vn -0.028249 -0.095927 -0.000000
vn -0.027747 -0.096073 -0.000000
vn -0.027747 -0.096073 -0.000000
vn 0.032955 -0.094414 -0.000000
vn 0.032955 -0.094414 -0.000000
vn 0.032955 -0.094414 -0.000000
vn 0.032955 -0.094414 -0.000000
vn 0.078414 -0.062058 0.000000
vn 0.078414 -0.062058 0.000000
vn 0.078414 -0.062058 0.000000
vn 0.078414 -0.062058 0.000000
vn -0.075936 -0.065067 -0.000000
vn -0.075936 -0.065067 -0.000000
vn -0.075595 -0.065463 -0.000000
vn -0.075595 -0.065463 -0.000000
vn -0.075252 -0.065857 -0.000000
vn -0.075252 -0.065857 -0.000000
vn -0.074907 -0.066250 -0.000000
vn -0.074907 -0.066250 -0.000000
vn -0.030929 -0.095097 -0.000000
vn -0.030929 -0.095097 -0.000000
vn -0.031307 -0.094973 -0.000000
vn -0.031307 -0.094973 -0.000000
vn -0.031685 -0.094848 -0.000000
vn -0.031685 -0.094848 -0.000000
vn -0.032062 -0.094721 -0.000000
vn -0.032062 -0.094721 -0.000000
vn -0.088975 0.045645 -0.000000
vn -0.088975 0.045645 -0.000000
vn -0.088975 0.045645 -0.000000
vn -0.088975 0.045645 -0.000000
vn -0.099959 -0.002864 -0.000000
vn -0.099959 -0.002864 -0.000000
vn -0.099959 -0.002864 -0.000000
vn -0.099959 -0.002864 -0.000000
vn -0.072917 -0.068434 -0.000000
vn -0.072917 -0.068434 -0.000000
vn -0.073188 -0.068143 -0.000000
vn -0.073188 -0.068143 -0.000000
vn -0.073459 -0.067851 -0.000000
vn -0.073459 -0.067851 -0.000000
vn -0.073728 -0.067558 -0.000000
vn -0.073728 -0.067558 -0.000000
vn -0.035197 -0.093601 -0.000000
vn -0.035197 -0.093601 -0.000000
vn -0.034707 -0.093784 -0.000000
vn -0.034707 -0.093784 -0.000000
vn -0.034217 -0.093964 -0.000000
vn -0.034217 -0.093964 -0.000000
vn -0.033725 -0.094141 -0.000000
vn -0.033725 -0.094141 -0.000000
vn 0.038818 -0.092158 -0.000000
vn 0.038818 -0.092158 -0.000000
vn 0.038818 -0.092158 -0.000000
vn 0.038818 -0.092158 -0.000000
vn 0.074363 -0.066859 0.000000
vn 0.074363 -0.066859 0.000000
vn 0.074363 -0.066859 0.000000
vn 0.074363 -0.066859 0.000000
vn -0.071700 -0.069707 -0.000000
vn -0.071700 -0.069707 -0.000000
vn -0.071335 -0.070081 -0.000000
vn -0.071335 -0.070081 -0.000000
vn -0.070968 -0.070452 -0.000000
vn -0.070968 -0.070452 -0.000000
vn -0.070599 -0.070822 -0.000000
vn -0.070599 -0.070822 -0.000000
vn -0.036839 -0.092967 -0.000000
vn -0.036839 -0.092967 -0.000000
vn -0.037209 -0.092820 -0.000000
vn -0.037209 -0.092820 -0.000000
vn -0.037578 -0.092671 -0.000000
vn -0.037578 -0.092671 -0.000000
vn -0.037947 -0.092521 -0.000000
vn -0.037947 -0.092521 -0.000000
vn -0.091665 0.039969 -0.000000
vn -0.091665 0.039969 -0.000000
vn -0.091665 0.039969 -0.000000
vn -0.091665 0.039969 -0.000000
vn -0.099942 0.003418 -0.000000
vn -0.099942 0.003418 -0.000000
vn -0.099942 0.003418 -0.000000
vn -0.099942 0.003418 -0.000000
vn -0.068476 -0.072877 -0.000000
vn -0.068476 -0.072877 -0.000000
vn -0.068765 -0.072604 -0.000000
vn -0.068765 -0.072604 -0.000000
vn -0.069054 -0.072330 -0.000000
vn -0.069054 -0.072330 -0.000000
vn -0.069341 -0.072054 -0.000000
vn -0.069341 -0.072054 -0.000000
vn -0.041005 -0.091207 -0.000000
vn -0.041005 -0.091207 -0.000000
vn -0.040527 -0.091420 -0.000000
vn -0.040527 -0.091420 -0.000000
vn -0.040049 -0.091630 -0.000000
vn -0.040049 -0.091630 -0.000000
vn -0.039570 -0.091838 -0.000000
vn -0.039570 -0.091838 -0.000000
vn 0.044528 -0.089539 -0.000000
vn 0.044528 -0.089539 -0.000000
vn 0.044528 -0.089539 -0.000000
vn 0.044528 -0.089539 -0.000000
vn 0.070018 -0.071397 0.000000
vn 0.070018 -0.071397 0.000000
vn 0.070018 -0.071397 0.000000
vn 0.070018 -0.071397 0.000000
vn -0.067182 -0.074071 -0.000000
vn -0.067182 -0.074071 -0.000000
vn -0.066794 -0.074422 -0.000000
vn -0.066794 -0.074422 -0.000000
vn -0.066404 -0.074770 -0.000000
vn -0.066404 -0.074770 -0.000000
vn -0.066013 -0.075115 -0.000000
vn -0.066013 -0.075115 -0.000000
vn -0.042604 -0.090470 -0.000000
vn -0.042604 -0.090470 -0.000000
vn -0.042964 -0.090300 -0.000000
vn -0.042964 -0.090300 -0.000000
vn -0.043323 -0.090128 -0.000000
vn -0.043323 -0.090128 -0.000000
vn -0.043681 -0.089955 -0.000000
vn -0.043681 -0.089955 -0.000000
vn -0.093994 0.034134 -0.000000
vn -0.093994 0.034134 -0.000000
vn -0.093994 0.034134 -0.000000
vn -0.093994 0.034134 -0.000000
vn -0.099530 0.009686 -0.000000
vn -0.099530 0.009686 -0.000000
vn -0.099530 0.009686 -0.000000
vn -0.099530 0.009686 -0.000000
vn -0.063765 -0.077033 -0.000000
vn -0.063765 -0.077033 -0.000000
vn -0.064071 -0.076779 -0.000000
vn -0.064071 -0.076779 -0.000000
vn -0.064376 -0.076523 -0.000000
vn -0.064376 -0.076523 -0.000000
vn -0.064680 -0.076266 -0.000000
vn -0.064680 -0.076266 -0.000000
vn -0.046650 -0.088452 -0.000000
vn -0.046650 -0.088452 -0.000000
vn -0.046188 -0.088694 -0.000000
vn -0.046188 -0.088694 -0.000000
vn -0.045724 -0.088935 -0.000000
vn -0.045724 -0.088935 -0.000000
vn -0.045258 -0.089172 -0.000000
vn -0.045258 -0.089172 -0.000000
vn 0.050063 -0.086566 -0.000000
vn 0.050063 -0.086566 -0.000000
vn 0.050063 -0.086566 -0.000000
vn 0.050063 -0.086566 -0.000000
vn 0.065397 -0.075652 0.000000
vn 0.065397 -0.075652 0.000000
vn 0.065397 -0.075652 0.000000
vn 0.065397 -0.075652 0.000000
vn -0.062398 -0.078144 -0.000000
vn -0.062398 -0.078144 -0.000000
vn -0.061989 -0.078469 -0.000000
vn -0.061989 -0.078469 -0.000000
vn -0.061578 -0.078792 -0.000000
vn -0.061578 -0.078792 -0.000000
vn -0.061166 -0.079112 -0.000000
vn -0.061166 -0.079112 -0.000000
vn -0.048201 -0.087617 -0.000000
vn -0.048201 -0.087617 -0.000000
vn -0.048549 -0.087424 -0.000000
vn -0.048549 -0.087424 -0.000000
vn -0.048897 -0.087230 -0.000000
vn -0.048897 -0.087230 -0.000000
vn -0.049243 -0.087035 -0.000000
vn -0.049243 -0.087035 -0.000000
vn 0.084096 -0.054110 0.000000
vn 0.084096 -0.054110 0.000000
vn 0.084096 -0.054110 0.000000
vn 0.084096 -0.054110 0.000000
vn -0.084096 0.054110 -0.000000
vn -0.084096 0.054110 -0.000000
vn -0.084096 0.054110 -0.000000
vn -0.084096 0.054110 -0.000000
vn -0.095952 0.028165 -0.000000
vn -0.095952 0.028165 -0.000000
vn -0.095952 0.028165 -0.000000
vn -0.095952 0.028165 -0.000000
vn -0.098725 0.015917 -0.000000
vn -0.098725 0.015917 -0.000000
vn -0.098725 0.015917 -0.000000
vn -0.098725 0.015917 -0.000000
vn -0.054110 -0.084096 -0.000000
vn -0.054110 -0.084096 -0.000000
vn -0.054110 -0.084096 -0.000000
vn -0.054110 -0.084096 -0.000000
vn 0.054110 0.084096 0.000000
vn 0.054110 0.084096 0.000000
vn 0.054110 0.084096 0.000000
vn 0.054110 0.084096 0.000000
vn 0.054110 0.084096 0.000000
vn 0.054110 0.084096 0.000000
vn 0.054110 0.084096 0.000000
vn 0.054110 0.084096 0.000000
vn -0.054110 -0.084096 -0.000000
vn -0.054110 -0.084096 -0.000000
vn -0.054110 -0.084096 -0.000000
vn -0.054110 -0.084096 -0.000000
vn -0.058802 -0.080885 -0.000000
vn -0.058802 -0.080885 -0.000000
vn -0.059123 -0.080650 -0.000000
vn -0.059123 -0.080650 -0.000000
vn -0.059444 -0.080414 -0.000000
vn -0.059444 -0.080414 -0.000000
vn -0.059763 -0.080177 -0.000000
vn -0.059763 -0.080177 -0.000000
vn -0.052112 -0.085348 -0.000000
vn -0.052112 -0.085348 -0.000000
vn -0.051666 -0.085619 -0.000000
vn -0.051666 -0.085619 -0.000000
vn -0.051218 -0.085888 -0.000000
vn -0.051218 -0.085888 -0.000000
vn -0.050768 -0.086155 -0.000000
vn -0.050768 -0.086155 -0.000000
vn 0.084096 -0.054110 0.000000
vn 0.084096 -0.054110 0.000000
vn 0.084096 -0.054110 0.000000
vn 0.084096 -0.054110 0.000000
vn -0.000000 -0.000000 0.100000
vn -0.000000 -0.000000 0.100000
vn -0.000000 -0.000000 0.100000
vn -0.000000 -0.000000 0.100000
vn -0.054110 -0.084096 -0.000000
vn -0.054110 -0.084096 -0.000000
vn -0.054110 -0.084096 -0.000000
vn -0.054110 -0.084096 -0.000000
vn -0.084096 0.054110 -0.000000
vn -0.084096 0.054110 -0.000000
vn -0.084096 0.054110 -0.000000
vn -0.084096 0.054110 -0.000000
vn -0.000000 -0.000000 0.100000
vn -0.000000 -0.000000 0.100000
vn -0.000000 -0.000000 0.100000
vn -0.000000 -0.000000 0.100000
vn -0.000000 -0.000000 0.100000
vn -0.054110 -0.084096 -0.000000
vn -0.054110 -0.084096 -0.000000
vn -0.054110 -0.084096 -0.000000
vn -0.054110 -0.084096 -0.000000
vn -0.000000 -0.000000 0.100000
vn -0.000000 -0.000000 0.100000
vn -0.000000 -0.000000 0.100000
vn -0.000000 -0.000000 0.100000
vn -0.084096 0.054110 -0.000000
vn -0.084096 0.054110 -0.000000
vn -0.084096 0.054110 -0.000000
vn -0.084096 0.054110 -0.000000
vn 0.054110 0.084096 0.000000
vn 0.054110 0.084096 0.000000
vn 0.054110 0.084096 0.000000
vn 0.054110 0.084096 0.000000
vn -0.000000 -0.000000 0.100000
vn -0.000000 -0.000000 0.100000
vn -0.000000 -0.000000 0.100000
vn -0.000000 -0.000000 0.100000
vn -0.000000 -0.000000 0.100000
vn -0.084096 0.054110 -0.000000
vn -0.084096 0.054110 -0.000000
vn -0.084096 0.054110 -0.000000
vn -0.084096 0.054110 -0.000000
vn -0.000000 -0.000000 0.100000
vn -0.000000 -0.000000 0.100000
vn -0.000000 -0.000000 0.100000
vn -0.000000 -0.000000 0.100000
vn 0.054110 0.084096 0.000000
vn 0.054110 0.084096 0.000000
vn 0.054110 0.084096 0.000000
vn 0.054110 0.084096 0.000000
vn -0.000000 -0.000000 0.100000
vn -0.000000 -0.000000 0.100000
vn -0.000000 -0.000000 0.100000
vn -0.000000 -0.000000 0.100000
vn -0.000000 -0.000000 0.100000
vn -0.000000 -0.000000 0.100000
vn -0.000000 -0.000000 0.100000
vn -0.000000 -0.000000 0.100000
vn -0.000000 -0.000000 0.100000
vn -0.000000 -0.000000 0.100000
vn -0.000000 -0.000000 0.100000
vn -0.000000 -0.000000 0.100000
vn -0.000000 -0.000000 0.100000
vn -0.000000 -0.000000 0.100000
vn -0.000000 -0.000000 0.100000
vn -0.000000 -0.000000 0.100000
vn -0.000000 -0.000000 0.100000
vn -0.000000 -0.000000 0.100000
vn -0.000000 -0.000000 0.100000
vn -0.000000 -0.000000 0.100000
vn -0.000000 -0.000000 0.100000
vn -0.000000 -0.000000 0.100000
vn -0.000000 -0.000000 0.100000
vn -0.000000 -0.000000 0.100000
vn -0.000000 -0.000000 0.100000
vn -0.000000 -0.000000 0.100000
vn -0.000000 -0.000000 0.100000
vn -0.000000 -0.000000 0.100000
vn -0.000000 -0.000000 0.100000
vn -0.000000 -0.000000 0.100000
vn 0.084096 -0.054110 0.000000
vn 0.084096 -0.054110 0.000000
vn 0.084096 -0.054110 0.000000
vn 0.084096 -0.054110 0.000000
vn -0.000000 -0.000000 0.100000
vn -0.000000 -0.000000 0.100000
vn -0.000000 -0.000000 0.100000
vn -0.000000 -0.000000 0.100000
vn -0.000000 -0.000000 0.100000
vn -0.000000 -0.000000 0.100000
vn -0.000000 -0.000000 0.100000
vn -0.000000 -0.000000 0.100000
vn -0.000000 -0.000000 0.100000
vn -0.000000 -0.000000 0.100000
vn -0.000000 -0.000000 0.100000
vn -0.000000 -0.000000 0.100000
vn -0.000000 -0.000000 0.100000
vn -0.000000 -0.000000 0.100000
vn -0.000000 -0.000000 0.100000
vn -0.000000 -0.000000 0.100000
vn -0.084096 0.054110 -0.000000
vn -0.084096 0.054110 -0.000000
vn -0.084096 0.054110 -0.000000
vn -0.084096 0.054110 -0.000000
vn -0.000000 -0.000000 0.100000
vn -0.000000 -0.000000 0.100000
vn -0.000000 -0.000000 0.100000
vn -0.000000 -0.000000 0.100000
vn 0.054110 0.084096 0.000000
vn 0.054110 0.084096 0.000000
vn 0.054110 0.084096 0.000000
vn 0.054110 0.084096 0.000000
vn 0.084096 -0.054110 0.000000
vn 0.084096 -0.054110 0.000000
vn 0.084096 -0.054110 0.000000
vn 0.084096 -0.054110 0.000000
vn -0.000000 -0.000000 0.100000
vn -0.000000 -0.000000 0.100000
vn -0.000000 -0.000000 0.100000
vn -0.000000 -0.000000 0.100000
vn -0.000000 -0.000000 0.100000
vn 0.054110 0.084096 0.000000
vn 0.054110 0.084096 0.000000
vn 0.054110 0.084096 0.000000
vn 0.054110 0.084096 0.000000
vn -0.000000 -0.000000 0.100000
vn -0.000000 -0.000000 0.100000
vn -0.000000 -0.000000 0.100000
vn -0.000000 -0.000000 0.100000
vn 0.084096 -0.054110 0.000000
vn 0.084096 -0.054110 0.000000
vn 0.084096 -0.054110 0.000000
vn 0.084096 -0.054110 0.000000
vn -0.054110 -0.084096 -0.000000
vn -0.054110 -0.084096 -0.000000
vn -0.054110 -0.084096 -0.000000
vn -0.054110 -0.084096 -0.000000
vn -0.000000 -0.000000 0.100000
vn -0.000000 -0.000000 0.100000
vn -0.000000 -0.000000 0.100000
vn -0.000000 -0.000000 0.100000
vn -0.000000 -0.000000 0.100000
vn 0.084096 -0.054110 0.000000
vn 0.084096 -0.054110 0.000000
vn 0.084096 -0.054110 0.000000
vn 0.084096 -0.054110 0.000000
vn -0.000000 -0.000000 0.100000
vn -0.000000 -0.000000 0.100000
vn -0.000000 -0.000000 0.100000
vn -0.000000 -0.000000 0.100000
vn -0.054110 -0.084096 -0.000000
vn -0.054110 -0.084096 -0.000000
vn -0.054110 -0.084096 -0.000000
vn -0.054110 -0.084096 -0.000000
vn -0.000000 -0.000000 0.100000
vn -0.000000 -0.000000 0.100000
vn -0.000000 -0.000000 0.100000
vn -0.000000 -0.000000 0.100000
vn -0.000000 -0.000000 0.100000
vn -0.000000 -0.000000 0.100000
vn -0.000000 -0.000000 0.100000
vn -0.000000 -0.000000 0.100000
vn -0.000000 -0.000000 0.100000
vn -0.000000 -0.000000 0.100000
vn -0.000000 -0.000000 0.100000
vn -0.000000 -0.000000 0.100000
vn -0.000000 -0.000000 0.100000
vn -0.000000 -0.000000 0.100000
vn -0.000000 -0.000000 0.100000
vn -0.000000 -0.000000 0.100000
vn -0.000000 -0.000000 0.100000
vn -0.000000 -0.000000 0.100000
vn -0.000000 -0.000000 0.100000
vn -0.000000 -0.000000 0.100000
vn -0.000000 -0.000000 0.100000
vn -0.000000 -0.000000 0.100000
vn -0.000000 -0.000000 0.100000
vn -0.000000 -0.000000 0.100000
vn -0.000000 -0.000000 0.100000
vn -0.000000 -0.000000 0.100000
vn -0.000000 -0.000000 0.100000
vn -0.000000 -0.000000 0.100000
vn -0.000000 -0.000000 0.100000
vn -0.000000 -0.000000 0.100000
vn -0.084096 0.054110 -0.000000
vn -0.084096 0.054110 -0.000000
vn -0.084096 0.054110 -0.000000
vn -0.084096 0.054110 -0.000000
vn 0.084096 -0.054110 0.000000
vn 0.084096 -0.054110 0.000000
vn 0.084096 -0.054110 0.000000
vn 0.084096 -0.054110 0.000000
vn -0.000000 -0.000000 0.100000
vn -0.000000 -0.000000 0.100000
vn -0.000000 -0.000000 0.100000
vn -0.000000 -0.000000 0.100000
vn -0.000000 -0.000000 0.100000
vn -0.000000 -0.000000 0.100000
vn -0.000000 -0.000000 0.100000
vn -0.000000 -0.000000 0.100000
vn -0.000000 -0.000000 0.100000
vn -0.000000 -0.000000 0.100000
vn -0.000000 -0.000000 0.100000
vn -0.000000 -0.000000 0.100000
vn -0.000000 -0.000000 0.100000
vn -0.000000 -0.000000 0.100000
vn -0.000000 -0.000000 0.100000
vn 0.084096 -0.054110 0.000000
vn 0.084096 -0.054110 0.000000
vn 0.084096 -0.054110 0.000000
vn 0.084096 -0.054110 0.000000
vn -0.000000 -0.000000 0.100000
vn -0.000000 -0.000000 0.100000
vn -0.000000 -0.000000 0.100000
vn -0.000000 -0.000000 0.100000
vn -0.000000 -0.000000 0.100000
vn -0.000000 -0.000000 0.100000
vn -0.000000 -0.000000 0.100000
vn -0.000000 -0.000000 0.100000
vn -0.000000 -0.000000 0.100000
vn -0.000000 -0.000000 0.100000
vn -0.000000 -0.000000 0.100000
vn -0.000000 -0.000000 0.100000
vn -0.000000 -0.000000 0.100000
vn -0.000000 -0.000000 0.100000
vn -0.000000 -0.000000 0.100000
vn -0.000000 -0.000000 0.100000
vn -0.000000 -0.000000 0.100000
vn -0.000000 -0.000000 0.100000
vn -0.000000 -0.000000 0.100000
vn -0.000000 -0.000000 0.100000
vn -0.000000 -0.000000 0.100000
vn -0.000000 -0.000000 0.100000
vn -0.000000 -0.000000 0.100000
vn -0.000000 -0.000000 0.100000
vn -0.000000 -0.000000 0.100000
vn -0.000000 -0.000000 0.100000
vn -0.000000 -0.000000 0.100000
vn -0.000000 -0.000000 0.100000
vn 0.055399 -0.083252 -0.000000
vn 0.055399 -0.083252 -0.000000
vn 0.055399 -0.083252 -0.000000
vn 0.055399 -0.083252 -0.000000
vn 0.060517 -0.079609 -0.000000
vn 0.060517 -0.079609 -0.000000
vn 0.060517 -0.079609 -0.000000
vn 0.060517 -0.079609 -0.000000
vn 0.054110 0.084096 0.000000
vn 0.054110 0.084096 0.000000
vn 0.054110 0.084096 0.000000
vn 0.054110 0.084096 0.000000
vn 0.089266 0.045073 0.000000
vn 0.086523 0.050138 0.000000
vn 0.076846 0.063989 0.000000
vn 0.072736 0.068625 0.000000
vn 0.074138 0.067108 0.000000
vn 0.072736 0.068625 0.000000
vn 0.097115 0.023848 0.000000
vn 0.099990 0.001403 0.000000
vn 0.099990 0.001403 0.000000
vn 0.050936 0.086055 0.000000
vn 0.060730 0.079447 0.000000
vn 0.047136 0.088194 0.000000
vn 0.032311 0.094636 0.000000
vn 0.026389 0.096455 0.000000
vn 0.028375 0.095890 0.000000
vn 0.026389 0.096455 0.000000
vn 0.002327 0.099973 0.000000
vn -0.005339 0.099857 0.000000
vn -0.036524 0.093091 0.000000
vn -0.046876 0.088333 0.000000
vn -0.063989 0.076846 0.000000
vn -0.071100 0.070319 -0.000000
vn -0.068800 0.072571 -0.000000
vn -0.071100 0.070319 -0.000000
vn -0.084096 0.054110 -0.000000
vn -0.080142 0.059810 -0.000000
vn -0.087645 0.048150 -0.000000
vn -0.093462 0.035565 -0.000000
vn -0.099817 0.006054 -0.000000
vn -0.096455 0.026389 -0.000000
vn -0.099857 -0.005339 -0.000000
vn -0.090019 -0.043549 -0.000000
vn -0.093091 -0.036524 -0.000000
vn -0.076846 -0.063989 -0.000000
vn -0.057209 -0.082019 -0.000000
vn -0.072736 -0.068625 -0.000000
vn -0.060730 -0.079447 -0.000000
vn -0.047136 -0.088194 -0.000000
vn -0.032311 -0.094636 -0.000000
vn -0.009773 -0.099521 -0.000000
vn -0.026389 -0.096455 -0.000000
vn -0.004026 -0.099919 -0.000000
vn 0.018542 -0.098266 -0.000000
vn 0.040161 -0.091581 -0.000000
vn 0.040161 -0.091581 -0.000000
vn -0.026389 -0.096455 -0.000000
vn -0.028375 -0.095890 -0.000000
vn -0.030350 -0.095283 -0.000000
vn -0.032311 -0.094636 -0.000000
vn -0.072736 -0.068625 -0.000000
vn -0.074138 -0.067108 -0.000000
vn -0.075508 -0.065563 -0.000000
vn -0.076846 -0.063989 -0.000000
vn -0.096455 0.026389 -0.000000
vn -0.095556 0.029479 -0.000000
vn -0.094558 0.032539 -0.000000
vn -0.093462 0.035565 -0.000000
vn -0.066429 0.074747 -0.000000
vn -0.063989 0.076846 0.000000
vn 0.030350 0.095283 0.000000
vn 0.032311 0.094636 0.000000
vn 0.075508 0.065563 0.000000
vn 0.076846 0.063989 0.000000
vn -0.054110 -0.084096 -0.000000
vn -0.054110 -0.084096 -0.000000
vn -0.054110 -0.084096 -0.000000
vn -0.054110 -0.084096 -0.000000
vn -0.061386 0.078942 0.000000
vn -0.061386 0.078942 0.000000
vn -0.056987 0.082173 0.000000
vn -0.077477 0.063225 -0.000000
vn -0.084096 0.054110 -0.000000
vn -0.089648 0.044309 -0.000000
vn -0.098401 0.017809 -0.000000
vn -0.097283 0.023151 -0.000000
vn -0.097283 0.023151 -0.000000
vn -0.099298 -0.011828 -0.000000
vn -0.097726 -0.021203 -0.000000
vn -0.089122 -0.045356 -0.000000
vn -0.082173 -0.056987 -0.000000
vn -0.068006 -0.073316 -0.000000
vn -0.054110 -0.084096 -0.000000
vn -0.054110 -0.084096 -0.000000
vn -0.038541 -0.092275 -0.000000
vn -0.026053 -0.096547 -0.000000
vn -0.004344 -0.099906 -0.000000
vn 0.004458 -0.099901 -0.000000
vn 0.030386 -0.095272 -0.000000
vn 0.034550 -0.093842 -0.000000
vn 0.061386 -0.078942 -0.000000
vn 0.061386 -0.078942 -0.000000
vn -0.030386 0.095272 0.000000
vn -0.021203 0.097726 0.000000
vn 0.004344 0.099906 0.000000
vn 0.017809 0.098401 0.000000
vn 0.038541 0.092275 0.000000
vn 0.054110 0.084096 0.000000
vn 0.054110 0.084096 0.000000
vn 0.068006 0.073316 0.000000
vn 0.077069 0.063722 0.000000
vn 0.089122 0.045356 0.000000
vn 0.092766 0.037343 0.000000
vn 0.099298 0.011828 0.000000
vn 0.099722 0.007447 0.000000
vn 0.097283 -0.023151 0.000000
vn 0.097283 -0.023151 0.000000
vn -0.054110 -0.084096 -0.000000
vn -0.054110 -0.084096 -0.000000
vn -0.054110 -0.084096 -0.000000
vn -0.054110 -0.084096 -0.000000
vn -0.089266 -0.045073 -0.000000
vn -0.086523 -0.050138 -0.000000
vn -0.076846 -0.063989 -0.000000
vn -0.072303 -0.069081 -0.000000
vn -0.073856 -0.067419 -0.000000
vn -0.072303 -0.069081 -0.000000
vn -0.097115 -0.023848 -0.000000
vn -0.099990 -0.001403 -0.000000
vn -0.099990 -0.001403 -0.000000
vn -0.050936 -0.086055 -0.000000
vn -0.060563 -0.079575 -0.000000
vn -0.047321 -0.088095 -0.000000
vn -0.032906 -0.094431 -0.000000
vn -0.026389 -0.096455 -0.000000
vn -0.028576 -0.095830 -0.000000
vn -0.026389 -0.096455 -0.000000
vn -0.002327 -0.099973 -0.000000
vn 0.005339 -0.099857 -0.000000
vn 0.036524 -0.093091 -0.000000
vn 0.046876 -0.088333 -0.000000
vn 0.063989 -0.076846 -0.000000
vn 0.066643 -0.074557 0.000000
vn 0.065767 -0.075330 0.000000
vn 0.066643 -0.074557 0.000000
vn 0.084096 -0.054110 0.000000
vn 0.078900 -0.061440 0.000000
vn 0.088613 -0.046343 0.000000
vn 0.095471 -0.029753 0.000000
vn 0.099817 -0.006054 0.000000
vn 0.096455 -0.026389 0.000000
vn 0.099857 0.005339 0.000000
vn 0.090019 0.043549 0.000000
vn 0.093091 0.036524 0.000000
vn 0.076846 0.063989 0.000000
vn 0.057209 0.082019 0.000000
vn 0.072303 0.069081 0.000000
vn 0.060563 0.079575 0.000000
vn 0.047321 0.088095 0.000000
vn 0.032906 0.094431 0.000000
vn 0.009773 0.099521 0.000000
vn 0.026389 0.096455 0.000000
vn 0.004026 0.099919 0.000000
vn -0.018542 0.098266 0.000000
vn -0.040161 0.091581 0.000000
vn -0.040161 0.091581 0.000000
vn 0.026389 0.096455 0.000000
vn 0.028576 0.095830 0.000000
vn 0.030749 0.095155 0.000000
vn 0.032906 0.094431 0.000000
vn 0.072303 0.069081 0.000000
vn 0.073856 0.067419 0.000000
vn 0.075371 0.065721 0.000000
vn 0.076846 0.063989 0.000000
vn 0.096455 -0.026389 0.000000
vn 0.096140 -0.027514 0.000000
vn 0.095812 -0.028636 0.000000
vn 0.095471 -0.029753 0.000000
vn 0.064883 -0.076094 -0.000000
vn 0.063989 -0.076846 -0.000000
vn -0.030749 -0.095155 -0.000000
vn -0.032906 -0.094431 -0.000000
vn -0.075371 -0.065721 -0.000000
vn -0.076846 -0.063989 -0.000000
vn 0.054110 0.084096 0.000000
vn 0.054110 0.084096 0.000000
vn 0.054110 0.084096 0.000000
vn 0.054110 0.084096 0.000000
vn 0.036230 -0.093206 -0.000000
vn 0.063259 -0.077449 -0.000000
vn 0.084096 -0.054110 0.000000
vn 0.096701 -0.025475 0.000000
vn 0.099840 0.005654 0.000000
vn 0.093206 0.036230 0.000000
vn 0.077449 0.063259 0.000000
vn 0.054110 0.084096 0.000000
vn 0.054110 0.084096 0.000000
vn 0.005654 -0.099840 -0.000000
vn -0.025475 -0.096701 -0.000000
vn -0.054110 -0.084096 -0.000000
vn -0.054110 -0.084096 -0.000000
vn -0.077449 -0.063259 -0.000000
vn -0.093206 -0.036230 -0.000000
vn -0.099840 -0.005654 -0.000000
vn -0.096701 0.025475 -0.000000
vn -0.084096 0.054110 -0.000000
vn -0.063259 0.077449 0.000000
vn -0.036230 0.093206 0.000000
vn -0.005654 0.099840 0.000000
vn 0.025475 0.096701 0.000000
vn -0.054110 -0.084096 -0.000000
vn -0.097726 -0.021203 -0.000000
vn -0.054110 -0.084096 -0.000000
vn -0.097726 -0.021203 -0.000000
vn -0.084096 0.054110 -0.000000
vn -0.084096 0.054110 -0.000000
vn -0.021203 0.097726 0.000000
vn -0.021203 0.097726 0.000000
vn 0.021203 -0.097726 -0.000000
vn -0.054110 -0.084096 -0.000000
vn 0.021203 -0.097726 -0.000000
vn -0.054110 -0.084096 -0.000000
vn -0.097726 -0.021203 -0.000000
vn -0.097726 -0.021203 -0.000000
vn -0.084096 0.054110 -0.000000
vn -0.084096 0.054110 -0.000000
vn -0.057369 -0.081908 -0.000000
vn -0.057369 -0.081908 -0.000000
vn -0.056940 -0.082206 -0.000000
vn -0.056940 -0.082206 -0.000000
vn -0.056509 -0.082503 -0.000000
vn -0.056509 -0.082503 -0.000000
vn -0.056078 -0.082797 -0.000000
vn -0.056078 -0.082797 -0.000000
vn -0.053607 -0.084417 -0.000000
vn -0.053607 -0.084417 -0.000000
vn -0.053943 -0.084203 -0.000000
vn -0.053943 -0.084203 -0.000000
vn -0.054277 -0.083988 -0.000000
vn -0.054277 -0.083988 -0.000000
vn -0.054611 -0.083771 -0.000000
vn -0.054611 -0.083771 -0.000000
vn 0.097726 0.021203 0.000000
vn 0.084096 -0.054110 0.000000
vn 0.097726 0.021203 0.000000
vn 0.084096 -0.054110 0.000000
vn 0.021203 -0.097726 -0.000000
vn 0.021203 -0.097726 -0.000000
vn -0.054110 -0.084096 -0.000000
vn -0.054110 -0.084096 -0.000000
vn 0.084096 -0.054110 0.000000
vn 0.021203 -0.097726 -0.000000
vn 0.084096 -0.054110 0.000000
vn 0.021203 -0.097726 -0.000000
vn -0.054110 -0.084096 -0.000000
vn -0.054110 -0.084096 -0.000000
vn -0.097726 -0.021203 -0.000000
vn -0.097726 -0.021203 -0.000000
vn -0.021203 0.097726 0.000000
vn 0.054110 0.084096 0.000000
vn -0.021203 0.097726 0.000000
vn 0.054110 0.084096 0.000000
vn 0.097726 0.021203 0.000000
vn 0.097726 0.021203 0.000000
vn 0.084096 -0.054110 0.000000
vn 0.084096 -0.054110 0.000000
vn 0.054110 0.084096 0.000000
vn 0.097726 0.021203 0.000000
vn 0.054110 0.084096 0.000000
vn 0.097726 0.021203 0.000000
vn 0.084096 -0.054110 0.000000
vn 0.084096 -0.054110 0.000000
vn 0.021203 -0.097726 -0.000000
vn 0.021203 -0.097726 -0.000000
vn -0.097726 -0.021203 -0.000000
vn -0.097726 -0.021203 -0.000000
vn -0.084096 0.054110 -0.000000
vn -0.084096 0.054110 -0.000000
vn -0.021203 0.097726 0.000000
vn -0.021203 0.097726 0.000000
vn 0.054110 0.084096 0.000000
vn 0.054110 0.084096 0.000000
vn -0.000000 -0.000000 0.100000
vn -0.000000 -0.000000 0.100000
vn -0.000000 -0.000000 0.100000
vn -0.000000 -0.000000 0.100000
vn -0.000000 -0.000000 0.100000
vn -0.000000 -0.000000 0.100000
vn -0.000000 -0.000000 0.100000
vn -0.000000 -0.000000 0.100000
vn -0.000000 -0.000000 0.100000
vn -0.000000 -0.000000 0.100000
vn -0.000000 -0.000000 0.100000
vn -0.000000 -0.000000 0.100000
vn -0.000000 -0.000000 0.100000
vn -0.000000 -0.000000 0.100000
vn -0.000000 -0.000000 0.100000
vn -0.000000 -0.000000 0.100000
vn -0.000000 -0.000000 0.100000
vn -0.000000 -0.000000 0.100000
vn -0.000000 -0.000000 0.100000
vn -0.000000 -0.000000 0.100000
vn -0.000000 -0.000000 0.100000
vn -0.000000 -0.000000 0.100000
vn -0.000000 -0.000000 0.100000
vn -0.000000 -0.000000 0.100000
vn -0.000000 -0.000000 0.100000
vn -0.000000 -0.000000 0.100000
vn -0.000000 -0.000000 0.100000
vn -0.000000 -0.000000 0.100000
vn -0.000000 -0.000000 0.100000
vn -0.000000 -0.000000 0.100000
vn -0.000000 -0.000000 0.100000
vn -0.000000 -0.000000 0.100000
vn -0.000000 -0.000000 0.100000
vn -0.000000 -0.000000 0.100000
vn -0.000000 -0.000000 0.100000
vn -0.000000 -0.000000 0.100000
vn -0.000000 -0.000000 0.100000
vn -0.000000 -0.000000 0.100000
vn -0.000000 -0.000000 0.100000
vn -0.000000 -0.000000 0.100000
vn -0.000000 -0.000000 0.100000
vn -0.000000 -0.000000 0.100000
vn -0.000000 -0.000000 0.100000
vn -0.000000 -0.000000 0.100000
vn -0.000000 -0.000000 0.100000
vn -0.000000 -0.000000 0.100000
vn -0.000000 -0.000000 0.100000
vn -0.000000 -0.000000 0.100000
vn -0.000000 -0.000000 0.100000
vn -0.000000 -0.000000 0.100000
vn -0.000000 -0.000000 0.100000
vn -0.000000 -0.000000 0.100000
vn -0.000000 -0.000000 0.100000
vn -0.000000 -0.000000 0.100000
vn -0.000000 -0.000000 0.100000
vn -0.000000 -0.000000 0.100000
vn -0.000000 -0.000000 0.100000
vn -0.000000 -0.000000 0.100000
vn -0.000000 -0.000000 0.100000
vn -0.000000 -0.000000 0.100000
vn -0.000000 -0.000000 0.100000
vn -0.000000 -0.000000 0.100000
vn -0.000000 -0.000000 0.100000
vn -0.000000 -0.000000 0.100000
vn -0.000000 -0.000000 0.100000
vn -0.000000 -0.000000 0.100000
vn -0.000000 -0.000000 0.100000
vn -0.000000 -0.000000 0.100000
vn -0.000000 -0.000000 0.100000
vn -0.000000 -0.000000 0.100000
vn -0.000000 -0.000000 0.100000
vn -0.000000 -0.000000 0.100000
vn -0.000000 -0.000000 0.100000
vn -0.000000 -0.000000 0.100000
vn -0.000000 -0.000000 0.100000
vn -0.000000 -0.000000 0.100000
vn -0.000000 -0.000000 0.100000
vn -0.000000 -0.000000 0.100000
vn -0.000000 -0.000000 0.100000
vn -0.000000 -0.000000 0.100000
vn -0.000000 -0.000000 0.100000
vn -0.000000 -0.000000 0.100000
vn -0.000000 -0.000000 0.100000
vn -0.000000 -0.000000 0.100000
vn -0.000000 -0.000000 0.100000
vn -0.000000 -0.000000 0.100000
vn -0.000000 -0.000000 0.100000
vn -0.000000 -0.000000 0.100000
vn -0.000000 -0.000000 0.100000
vn -0.000000 -0.000000 0.100000
vn -0.000000 -0.000000 0.100000
vn -0.000000 -0.000000 0.100000
vn -0.000000 -0.000000 0.100000
vn -0.000000 -0.000000 0.100000
vn -0.000000 -0.000000 0.100000
vn -0.000000 -0.000000 0.100000
vn -0.000000 -0.000000 0.100000
vn -0.000000 -0.000000 0.100000
vn -0.000000 -0.000000 0.100000
vn -0.000000 -0.000000 0.100000
vn -0.000000 -0.000000 0.100000
vn -0.000000 -0.000000 0.100000
vn -0.000000 -0.000000 0.100000
vn -0.000000 -0.000000 0.100000
vn -0.000000 -0.000000 0.100000
vn -0.000000 -0.000000 0.100000
vn -0.000000 -0.000000 0.100000
vn -0.000000 -0.000000 0.100000
vn -0.000000 -0.000000 0.100000
vn -0.000000 -0.000000 0.100000
vn -0.000000 -0.000000 0.100000
vn -0.000000 -0.000000 0.100000
vn -0.000000 -0.000000 0.100000
vn -0.000000 -0.000000 0.100000
vn -0.000000 -0.000000 0.100000
vn -0.000000 -0.000000 0.100000
vn -0.000000 -0.000000 0.100000
vn -0.000000 -0.000000 0.100000
vn -0.000000 -0.000000 0.100000
vn -0.000000 -0.000000 0.100000
vn -0.000000 -0.000000 0.100000
vn -0.000000 -0.000000 0.100000
vn -0.000000 -0.000000 0.100000
vn -0.000000 -0.000000 0.100000
vn -0.000000 -0.000000 0.100000
vn -0.000000 -0.000000 0.100000
vn -0.000000 -0.000000 0.100000
vn -0.000000 -0.000000 0.100000
vn -0.000000 -0.000000 0.100000
vn -0.000000 -0.000000 0.100000
vn -0.000000 -0.000000 0.100000
vn -0.000000 -0.000000 0.100000
vn -0.000000 -0.000000 0.100000
vn -0.000000 -0.000000 0.100000
vn -0.000000 -0.000000 0.100000
vn -0.000000 -0.000000 0.100000
vn -0.000000 -0.000000 0.100000
vn -0.000000 -0.000000 0.100000
vn -0.000000 -0.000000 0.100000
vn -0.000000 -0.000000 0.100000
vn -0.000000 -0.000000 0.100000
vn -0.000000 -0.000000 0.100000
vn -0.000000 -0.000000 0.100000
vn -0.000000 -0.000000 0.100000
vn -0.000000 -0.000000 0.100000
vn -0.000000 -0.000000 0.100000
vn -0.000000 -0.000000 0.100000
vn -0.000000 -0.000000 0.100000
vn -0.000000 -0.000000 0.100000
vn -0.000000 -0.000000 0.100000
vn -0.000000 -0.000000 0.100000
vn -0.000000 -0.000000 0.100000
vn -0.000000 -0.000000 0.100000
vn -0.000000 -0.000000 0.100000
vn -0.000000 -0.000000 0.100000
vn -0.000000 -0.000000 0.100000
vn -0.000000 -0.000000 0.100000
vn -0.000000 -0.000000 0.100000
vn -0.000000 -0.000000 0.100000
vn -0.000000 -0.000000 0.100000
vn -0.000000 -0.000000 0.100000
vn -0.000000 -0.000000 0.100000
vn -0.000000 -0.000000 0.100000
vn -0.000000 -0.000000 0.100000
vn -0.000000 -0.000000 0.100000
vn -0.000000 -0.000000 0.100000
vn -0.000000 -0.000000 0.100000
vn -0.000000 -0.000000 0.100000
vn -0.000000 -0.000000 0.100000
vn -0.000000 -0.000000 0.100000
vn -0.000000 -0.000000 0.100000
vn -0.000000 -0.000000 0.100000
vn -0.000000 -0.000000 0.100000
vn -0.000000 -0.000000 0.100000
vn -0.000000 -0.000000 0.100000
vn -0.000000 -0.000000 0.100000
vn -0.000000 -0.000000 0.100000
vn -0.000000 -0.000000 0.100000
vn -0.000000 -0.000000 0.100000
vn -0.000000 -0.000000 0.100000
vn -0.000000 -0.000000 0.100000
vn -0.000000 -0.000000 0.100000
vn -0.000000 -0.000000 0.100000
vn -0.000000 -0.000000 0.100000
vn -0.000000 -0.000000 0.100000
vn -0.000000 -0.000000 0.100000
vn -0.000000 -0.000000 0.100000
vn -0.000000 -0.000000 0.100000
vn -0.000000 -0.000000 0.100000
vn -0.000000 -0.000000 0.100000
vn -0.000000 -0.000000 0.100000
vn -0.000000 -0.000000 0.100000
vn -0.000000 -0.000000 0.100000
vn -0.000000 -0.000000 0.100000
vn -0.000000 -0.000000 0.100000
vn -0.000000 -0.000000 0.100000
vn -0.000000 -0.000000 0.100000
vn -0.000000 -0.000000 0.100000
vn -0.000000 -0.000000 0.100000
vn -0.000000 -0.000000 0.100000
vn -0.000000 -0.000000 0.100000
vn -0.000000 -0.000000 0.100000
vn -0.000000 -0.000000 0.100000
vn -0.000000 -0.000000 0.100000
vn -0.000000 -0.000000 0.100000
vn -0.000000 -0.000000 0.100000
vn -0.000000 -0.000000 0.100000
vn -0.000000 -0.000000 0.100000
vn -0.000000 -0.000000 0.100000
vn -0.000000 -0.000000 0.100000
vn -0.000000 -0.000000 0.100000
vn -0.000000 -0.000000 0.100000
vn -0.000000 -0.000000 0.100000
vn -0.000000 -0.000000 0.100000
vn -0.000000 -0.000000 0.100000
vn -0.000000 -0.000000 0.100000
vn -0.000000 -0.000000 0.100000
vn -0.000000 -0.000000 0.100000
vn -0.000000 -0.000000 0.100000
vn -0.000000 -0.000000 0.100000
vn -0.000000 -0.000000 0.100000
vn -0.000000 -0.000000 0.100000
vn -0.000000 -0.000000 0.100000
vn -0.000000 -0.000000 0.100000
vn -0.000000 -0.000000 0.100000
vn -0.000000 -0.000000 0.100000
vn -0.000000 -0.000000 0.100000
vn -0.000000 -0.000000 0.100000
vn -0.000000 -0.000000 0.100000
vn -0.000000 -0.000000 0.100000
vn -0.000000 -0.000000 0.100000
vn -0.000000 -0.000000 0.100000
vn -0.000000 -0.000000 0.100000
vn -0.000000 -0.000000 0.100000
vn -0.000000 -0.000000 0.100000
vn -0.000000 -0.000000 0.100000
vn -0.000000 -0.000000 0.100000
vn -0.000000 -0.000000 0.100000
vn -0.000000 -0.000000 0.100000
vn -0.000000 -0.000000 0.100000
vn -0.000000 -0.000000 0.100000
vn -0.000000 -0.000000 0.100000
vn -0.000000 -0.000000 0.100000
vn -0.000000 -0.000000 0.100000
vn -0.000000 -0.000000 0.100000
vn -0.000000 -0.000000 0.100000
vn -0.000000 -0.000000 0.100000
vn -0.000000 -0.000000 0.100000
vn -0.000000 -0.000000 0.100000
vn -0.000000 -0.000000 0.100000
vn -0.000000 -0.000000 0.100000
vn -0.000000 -0.000000 0.100000
vn -0.000000 -0.000000 0.100000
vn -0.000000 -0.000000 0.100000
vn -0.000000 -0.000000 0.100000
vn -0.000000 -0.000000 0.100000
vn -0.000000 -0.000000 0.100000
vn -0.000000 -0.000000 0.100000
vn -0.000000 -0.000000 0.100000
vn -0.000000 -0.000000 0.100000
vn -0.000000 -0.000000 0.100000
vn -0.000000 -0.000000 0.100000
vn -0.000000 -0.000000 0.100000
vn -0.000000 -0.000000 0.100000
vn -0.000000 -0.000000 0.100000
vn -0.000000 -0.000000 0.100000
vn -0.000000 -0.000000 0.100000
vn -0.000000 -0.000000 0.100000
vn -0.000000 -0.000000 0.100000
vn -0.000000 -0.000000 0.100000
vn -0.000000 -0.000000 0.100000
vn -0.000000 -0.000000 0.100000
vn -0.000000 -0.000000 0.100000
vn -0.000000 -0.000000 0.100000
vn -0.000000 -0.000000 0.100000
vn -0.000000 -0.000000 0.100000
vn -0.000000 -0.000000 0.100000
vn -0.000000 -0.000000 0.100000
vn -0.000000 -0.000000 0.100000
vn -0.000000 -0.000000 0.100000
vn -0.000000 -0.000000 0.100000
vn -0.000000 -0.000000 0.100000
vn -0.000000 -0.000000 0.100000
vn -0.000000 -0.000000 0.100000
vn -0.000000 -0.000000 0.100000
vn -0.000000 -0.000000 0.100000
vn -0.000000 -0.000000 0.100000
vn -0.000000 -0.000000 0.100000
vn -0.000000 -0.000000 0.100000
vn -0.000000 -0.000000 0.100000
vn -0.000000 -0.000000 0.100000
vn -0.000000 -0.000000 0.100000
vn -0.000000 -0.000000 0.100000
vn -0.000000 -0.000000 0.100000
vn -0.000000 -0.000000 0.100000
vn -0.000000 -0.000000 0.100000
vn -0.000000 -0.000000 0.100000
vn -0.000000 -0.000000 0.100000
vn -0.000000 -0.000000 0.100000
vn -0.000000 -0.000000 0.100000
vn -0.000000 -0.000000 0.100000
vn -0.000000 -0.000000 0.100000
vn -0.000000 -0.000000 0.100000
vn -0.000000 -0.000000 0.100000
vn -0.000000 -0.000000 0.100000
vn -0.000000 -0.000000 0.100000
vn -0.000000 -0.000000 0.100000
vn -0.000000 -0.000000 0.100000
vn -0.000000 -0.000000 0.100000
vn -0.000000 -0.000000 0.100000
vn -0.000000 -0.000000 0.100000
vn -0.000000 -0.000000 0.100000
vn -0.000000 -0.000000 0.100000
vn -0.000000 -0.000000 0.100000
vn -0.000000 -0.000000 0.100000
vn -0.000000 -0.000000 0.100000
vn -0.000000 -0.000000 0.100000
vn -0.000000 -0.000000 0.100000
vn -0.000000 -0.000000 0.100000
vn -0.000000 -0.000000 0.100000
vn -0.000000 -0.000000 0.100000
vn -0.000000 -0.000000 0.100000
vn -0.000000 -0.000000 0.100000
vn -0.000000 -0.000000 0.100000
vn -0.000000 -0.000000 0.100000
vn -0.000000 -0.000000 0.100000
vn -0.000000 -0.000000 0.100000
vn -0.000000 -0.000000 0.100000
vn -0.000000 -0.000000 0.100000
vn -0.000000 -0.000000 0.100000
vn -0.000000 -0.000000 0.100000
vn -0.000000 -0.000000 0.100000
vn -0.000000 -0.000000 0.100000
vn -0.000000 -0.000000 0.100000
vn -0.000000 -0.000000 0.100000
vn -0.000000 -0.000000 0.100000
vn -0.000000 -0.000000 0.100000
vn -0.000000 -0.000000 0.100000
vn -0.000000 -0.000000 0.100000
vn -0.000000 -0.000000 0.100000
vn -0.000000 -0.000000 0.100000
vn -0.000000 -0.000000 0.100000
vn -0.000000 -0.000000 0.100000
vn -0.000000 -0.000000 0.100000
vn -0.000000 -0.000000 0.100000
vn -0.000000 -0.000000 0.100000
vn -0.000000 -0.000000 0.100000
vn -0.000000 -0.000000 0.100000
vn -0.000000 -0.000000 0.100000
vn -0.000000 -0.000000 0.100000
vn -0.000000 -0.000000 0.100000
vn -0.000000 -0.000000 0.100000
vn -0.000000 -0.000000 0.100000
vn -0.000000 -0.000000 0.100000
vn -0.000000 -0.000000 0.100000
vn -0.000000 -0.000000 0.100000
vn -0.000000 -0.000000 0.100000
vn -0.000000 -0.000000 0.100000
vn -0.000000 -0.000000 0.100000
vn -0.000000 -0.000000 0.100000
vn -0.000000 -0.000000 0.100000
vn -0.000000 -0.000000 0.100000
vn -0.000000 -0.000000 0.100000
vn -0.000000 -0.000000 0.100000
vn -0.000000 -0.000000 0.100000
vn -0.000000 -0.000000 0.100000
vn -0.000000 -0.000000 0.100000
vn -0.000000 -0.000000 0.100000
vn -0.000000 -0.000000 0.100000
vn -0.000000 -0.000000 0.100000
vn -0.000000 -0.000000 0.100000
vn -0.000000 -0.000000 0.100000
vn -0.000000 -0.000000 0.100000
vn -0.000000 -0.000000 0.100000
vn -0.000000 -0.000000 0.100000
vn -0.000000 -0.000000 0.100000
vn -0.000000 -0.000000 0.100000
vn -0.000000 -0.000000 0.100000
vn -0.000000 -0.000000 0.100000
vn -0.000000 -0.000000 0.100000
vn -0.000000 -0.000000 0.100000
vn -0.000000 -0.000000 0.100000
vn -0.000000 -0.000000 0.100000
vn -0.000000 -0.000000 0.100000
vn -0.000000 -0.000000 0.100000
vn -0.000000 -0.000000 0.100000
vn -0.000000 -0.000000 0.100000
vn -0.000000 -0.000000 0.100000
vn -0.000000 -0.000000 0.100000
vn -0.000000 -0.000000 0.100000
vn -0.000000 -0.000000 0.100000
vn -0.000000 -0.000000 0.100000
vn -0.000000 -0.000000 0.100000
vn -0.000000 -0.000000 0.100000
vn -0.000000 -0.000000 0.100000
vn -0.000000 -0.000000 0.100000
vn -0.000000 -0.000000 0.100000
vn -0.000000 -0.000000 0.100000
vn -0.000000 -0.000000 0.100000
vn -0.000000 -0.000000 0.100000
vn -0.000000 -0.000000 0.100000
vn -0.000000 -0.000000 0.100000
vn -0.000000 -0.000000 0.100000
vn -0.000000 -0.000000 0.100000
vn -0.000000 -0.000000 0.100000
vn -0.000000 -0.000000 0.100000
vn -0.000000 -0.000000 0.100000
vn -0.000000 -0.000000 0.100000
vn -0.000000 -0.000000 0.100000
vn -0.000000 -0.000000 0.100000
vn -0.000000 -0.000000 0.100000
vn -0.000000 -0.000000 0.100000
vn -0.000000 -0.000000 0.100000
vn -0.000000 -0.000000 0.100000
vn -0.000000 -0.000000 0.100000
vn -0.000000 -0.000000 0.100000
vn -0.000000 -0.000000 0.100000
vn -0.000000 -0.000000 0.100000
vn -0.000000 -0.000000 0.100000
vn -0.000000 -0.000000 0.100000
vn -0.000000 -0.000000 0.100000
vn -0.000000 -0.000000 0.100000
vn -0.000000 -0.000000 0.100000
vn -0.000000 -0.000000 0.100000
vn -0.000000 -0.000000 0.100000
vn -0.000000 -0.000000 0.100000
vn -0.000000 -0.000000 0.100000
vn -0.000000 -0.000000 0.100000
vn -0.000000 -0.000000 0.100000
vn -0.000000 -0.000000 0.100000
vn -0.000000 -0.000000 0.100000
vn -0.000000 -0.000000 0.100000
vn -0.000000 -0.000000 0.100000
vn -0.000000 -0.000000 0.100000
vn -0.000000 -0.000000 0.100000
vn -0.000000 -0.000000 0.100000
vn -0.000000 -0.000000 0.100000
vn -0.000000 -0.000000 0.100000
vn -0.000000 -0.000000 0.100000
vn -0.000000 -0.000000 0.100000
vn -0.000000 -0.000000 0.100000
vn -0.000000 -0.000000 0.100000
vn -0.000000 -0.000000 0.100000
vn -0.000000 -0.000000 0.100000
vn -0.000000 -0.000000 0.100000
vn -0.000000 -0.000000 0.100000
vn -0.000000 -0.000000 0.100000
vn -0.000000 -0.000000 0.100000
vn -0.000000 -0.000000 0.100000
vn -0.000000 -0.000000 0.100000
vn -0.000000 -0.000000 0.100000
vn -0.000000 -0.000000 0.100000
vn -0.000000 -0.000000 0.100000
vn -0.000000 -0.000000 0.100000
vn -0.000000 -0.000000 0.100000
vn -0.000000 -0.000000 0.100000
vn -0.000000 -0.000000 0.100000
vn -0.000000 -0.000000 0.100000
vn -0.000000 -0.000000 0.100000
vn -0.000000 -0.000000 0.100000
vn -0.000000 -0.000000 0.100000
vn -0.000000 -0.000000 0.100000
vn -0.000000 -0.000000 0.100000
vn -0.000000 -0.000000 0.100000
vn -0.000000 -0.000000 0.100000
vn -0.000000 -0.000000 0.100000
vn -0.000000 -0.000000 0.100000
vn -0.000000 -0.000000 0.100000
vn -0.000000 -0.000000 0.100000
vn -0.000000 -0.000000 0.100000
vn -0.000000 -0.000000 0.100000
vn -0.000000 -0.000000 0.100000
vn -0.000000 -0.000000 0.100000
vn -0.000000 -0.000000 0.100000
vn -0.000000 -0.000000 0.100000
vn -0.000000 -0.000000 0.100000
vn -0.000000 -0.000000 0.100000
vn -0.000000 -0.000000 0.100000
vn -0.000000 -0.000000 0.100000
vn -0.000000 -0.000000 0.100000
vn -0.000000 -0.000000 0.100000
vn -0.000000 -0.000000 0.100000
vn -0.000000 -0.000000 0.100000
vn -0.000000 -0.000000 0.100000
vn -0.000000 -0.000000 0.100000
vn -0.000000 -0.000000 0.100000
vn -0.000000 -0.000000 0.100000
vn -0.000000 -0.000000 0.100000
vn -0.000000 -0.000000 0.100000
vn -0.000000 -0.000000 0.100000
vn -0.000000 -0.000000 0.100000
vn -0.000000 -0.000000 0.100000
vn -0.000000 -0.000000 0.100000
vn -0.000000 -0.000000 0.100000
vn -0.000000 -0.000000 0.100000
vn -0.000000 -0.000000 0.100000
vn -0.000000 -0.000000 0.100000
vn -0.000000 -0.000000 0.100000
vn -0.000000 -0.000000 0.100000
vn -0.000000 -0.000000 0.100000
vn -0.000000 -0.000000 0.100000
vn -0.000000 -0.000000 0.100000
vn -0.000000 -0.000000 0.100000
vn -0.000000 -0.000000 0.100000
vn -0.000000 -0.000000 0.100000
vn -0.000000 -0.000000 0.100000
vn -0.000000 -0.000000 0.100000
vn -0.000000 -0.000000 0.100000
vn -0.000000 -0.000000 0.100000
vn -0.000000 -0.000000 0.100000
vn -0.000000 -0.000000 0.100000
vn -0.000000 -0.000000 0.100000
vn -0.000000 -0.000000 0.100000
vn -0.000000 -0.000000 0.100000
vn -0.000000 -0.000000 0.100000
vn -0.000000 -0.000000 0.100000
vn -0.000000 -0.000000 0.100000
vn -0.000000 -0.000000 0.100000
vn -0.000000 -0.000000 0.100000
vn -0.000000 -0.000000 0.100000
vn -0.000000 -0.000000 0.100000
vn -0.000000 -0.000000 0.100000
vn -0.000000 -0.000000 0.100000
vn -0.000000 -0.000000 0.100000
vn -0.000000 -0.000000 0.100000
vn -0.000000 -0.000000 0.100000
vn -0.000000 -0.000000 0.100000
vn -0.000000 -0.000000 0.100000
vn -0.000000 -0.000000 0.100000
vn -0.000000 -0.000000 0.100000
vn -0.000000 -0.000000 0.100000
vn -0.000000 -0.000000 0.100000
vn -0.000000 -0.000000 0.100000
vn -0.000000 -0.000000 0.100000
vn -0.000000 -0.000000 0.100000
vn -0.000000 -0.000000 0.100000
vn -0.000000 -0.000000 0.100000
vn -0.000000 -0.000000 0.100000
vn -0.000000 -0.000000 0.100000
vn -0.000000 -0.000000 0.100000
vn -0.000000 -0.000000 0.100000
vn -0.000000 -0.000000 0.100000
vn -0.000000 -0.000000 0.100000
vn -0.000000 -0.000000 0.100000
vn -0.000000 -0.000000 0.100000
vn -0.000000 -0.000000 0.100000
vn -0.000000 -0.000000 0.100000
vn -0.000000 -0.000000 0.100000
vn -0.000000 -0.000000 0.100000
vn -0.000000 -0.000000 0.100000
vn -0.000000 -0.000000 0.100000
vn -0.000000 -0.000000 0.100000
vn -0.000000 -0.000000 0.100000
vn -0.000000 -0.000000 0.100000
vn -0.000000 -0.000000 0.100000
vn -0.000000 -0.000000 0.100000
vn -0.000000 -0.000000 0.100000
vn -0.000000 -0.000000 0.100000
vn -0.000000 -0.000000 0.100000
vn -0.000000 -0.000000 0.100000
vn -0.000000 -0.000000 0.100000
vn -0.000000 -0.000000 0.100000
vn -0.000000 -0.000000 0.100000
vn -0.000000 -0.000000 0.100000
vn -0.000000 -0.000000 0.100000
vn -0.000000 -0.000000 0.100000
vn -0.000000 -0.000000 0.100000
vn -0.000000 -0.000000 0.100000
vn -0.000000 -0.000000 0.100000
vn -0.000000 -0.000000 0.100000
vn -0.000000 -0.000000 0.100000
vn -0.000000 -0.000000 0.100000
vn -0.000000 -0.000000 0.100000
vn -0.000000 -0.000000 0.100000
vn -0.000000 -0.000000 0.100000
vn -0.000000 -0.000000 0.100000
vn -0.000000 -0.000000 0.100000
vn -0.000000 -0.000000 0.100000
vn -0.000000 -0.000000 0.100000
vn -0.000000 -0.000000 0.100000
vn -0.000000 -0.000000 0.100000
vn -0.000000 -0.000000 0.100000
vn -0.000000 -0.000000 0.100000
vn -0.000000 -0.000000 0.100000
vn -0.000000 -0.000000 0.100000
vn -0.000000 -0.000000 0.100000
vn -0.000000 -0.000000 0.100000
vn -0.000000 -0.000000 0.100000
vn -0.000000 -0.000000 0.100000
vn -0.000000 -0.000000 0.100000
vn -0.000000 -0.000000 0.100000
vn -0.000000 -0.000000 0.100000
vn -0.000000 -0.000000 0.100000
vn -0.000000 -0.000000 0.100000
vn -0.000000 -0.000000 0.100000
vn -0.000000 -0.000000 0.100000
vn -0.000000 -0.000000 0.100000
vn -0.000000 -0.000000 0.100000
vn -0.000000 -0.000000 0.100000
vn -0.000000 -0.000000 0.100000
vn -0.000000 -0.000000 0.100000
vn -0.000000 -0.000000 0.100000
vn -0.000000 -0.000000 0.100000
vn -0.000000 -0.000000 0.100000
vn -0.000000 -0.000000 0.100000
vn -0.000000 -0.000000 0.100000
vn -0.000000 -0.000000 0.100000
vn -0.000000 -0.000000 0.100000
vn -0.000000 -0.000000 0.100000
vn -0.000000 -0.000000 0.100000
vn -0.000000 -0.000000 0.100000
vn -0.000000 -0.000000 0.100000
vn -0.000000 -0.000000 0.100000
vn -0.000000 -0.000000 0.100000
vn -0.000000 -0.000000 0.100000
vn -0.000000 -0.000000 0.100000
vn -0.000000 -0.000000 0.100000
vn -0.000000 -0.000000 0.100000
vn -0.000000 -0.000000 0.100000
vn -0.000000 -0.000000 0.100000
vn -0.000000 -0.000000 0.100000
vn -0.000000 -0.000000 0.100000
vn -0.000000 -0.000000 0.100000
vn -0.000000 -0.000000 0.100000
vn -0.000000 -0.000000 0.100000
vn -0.000000 -0.000000 0.100000
vn -0.000000 -0.000000 0.100000
vn -0.000000 -0.000000 0.100000
vn -0.000000 -0.000000 0.100000
vn -0.000000 -0.000000 0.100000
vn -0.000000 -0.000000 0.100000
vn -0.000000 -0.000000 0.100000
vn -0.000000 -0.000000 0.100000
vn -0.000000 -0.000000 0.100000
vn -0.000000 -0.000000 0.100000
vn -0.000000 -0.000000 0.100000
vn -0.000000 -0.000000 0.100000
vn -0.000000 -0.000000 0.100000
vn -0.000000 -0.000000 0.100000
vn -0.000000 -0.000000 0.100000
vn -0.000000 -0.000000 0.100000
vn -0.000000 -0.000000 0.100000
vn -0.000000 -0.000000 0.100000
vn -0.000000 -0.000000 0.100000
vn -0.000000 -0.000000 0.100000
vn -0.000000 -0.000000 0.100000
vn -0.000000 -0.000000 0.100000
vn -0.000000 -0.000000 0.100000
vn -0.000000 -0.000000 0.100000
vn -0.000000 -0.000000 0.100000
vn -0.000000 -0.000000 0.100000
vn -0.000000 -0.000000 0.100000
vn -0.000000 -0.000000 0.100000
vn -0.000000 -0.000000 0.100000
vn -0.000000 -0.000000 0.100000
vn -0.000000 -0.000000 0.100000
vn -0.000000 -0.000000 0.100000
vn -0.000000 -0.000000 0.100000
vn -0.000000 -0.000000 0.100000
vn -0.000000 -0.000000 0.100000
vn -0.000000 -0.000000 0.100000
vn -0.000000 -0.000000 0.100000
vn -0.000000 -0.000000 0.100000
vn -0.000000 -0.000000 0.100000
vn -0.000000 -0.000000 0.100000
vn -0.000000 -0.000000 0.100000
vn -0.000000 -0.000000 0.100000
vn -0.000000 -0.000000 0.100000
vn -0.000000 -0.000000 0.100000
vn -0.000000 -0.000000 0.100000
vn -0.000000 -0.000000 0.100000
vn -0.000000 -0.000000 0.100000
vn -0.000000 -0.000000 0.100000
vn -0.000000 -0.000000 0.100000
vn -0.000000 -0.000000 0.100000
vn -0.000000 -0.000000 0.100000
vn -0.000000 -0.000000 0.100000
vn -0.000000 -0.000000 0.100000
vn -0.000000 -0.000000 0.100000
vn -0.000000 -0.000000 0.100000
vn -0.000000 -0.000000 0.100000
vn -0.000000 -0.000000 0.100000
vn -0.000000 -0.000000 0.100000
vn -0.000000 -0.000000 0.100000
vn -0.000000 -0.000000 0.100000
vn -0.000000 -0.000000 0.100000
vn -0.000000 -0.000000 0.100000
vn -0.000000 -0.000000 0.100000
vn -0.000000 -0.000000 0.100000
vn -0.000000 -0.000000 0.100000
vn -0.000000 -0.000000 0.100000
vn -0.000000 -0.000000 0.100000
vn -0.000000 -0.000000 0.100000
vn -0.000000 -0.000000 0.100000
vn -0.000000 -0.000000 0.100000
vn -0.000000 -0.000000 0.100000
vn -0.000000 -0.000000 0.100000
vn -0.000000 -0.000000 0.100000
vn -0.000000 -0.000000 0.100000
vn -0.000000 -0.000000 0.100000
vn -0.000000 -0.000000 0.100000
vn -0.000000 -0.000000 0.100000
vn -0.000000 -0.000000 0.100000
vn -0.000000 -0.000000 0.100000
vn -0.000000 -0.000000 0.100000
vn -0.000000 -0.000000 0.100000
vn -0.000000 -0.000000 0.100000
vn -0.000000 -0.000000 0.100000
vn -0.000000 -0.000000 0.100000
vn -0.000000 -0.000000 0.100000
vn -0.000000 -0.000000 0.100000
vn -0.000000 -0.000000 0.100000
vn -0.000000 -0.000000 0.100000
vn -0.000000 -0.000000 0.100000
vn -0.000000 -0.000000 0.100000
vn -0.000000 -0.000000 0.100000
vn -0.000000 -0.000000 0.100000
vn -0.000000 -0.000000 0.100000
vn -0.000000 -0.000000 0.100000
vn -0.000000 -0.000000 0.100000
vn -0.000000 -0.000000 0.100000
vn -0.000000 -0.000000 0.100000
vn -0.000000 -0.000000 0.100000
vn -0.000000 -0.000000 0.100000
vn -0.000000 -0.000000 0.100000
vn -0.000000 -0.000000 0.100000
vn -0.000000 -0.000000 0.100000
vn -0.000000 -0.000000 0.100000
vn -0.000000 -0.000000 0.100000
vn -0.000000 -0.000000 0.100000
vn -0.000000 -0.000000 0.100000
vn -0.000000 -0.000000 0.100000
vn -0.000000 -0.000000 0.100000
vn -0.000000 -0.000000 0.100000
vn -0.000000 -0.000000 0.100000
vn -0.000000 -0.000000 0.100000
vn -0.000000 -0.000000 0.100000
vn -0.000000 -0.000000 0.100000
vn -0.000000 -0.000000 0.100000
vn -0.000000 -0.000000 0.100000
vn -0.000000 -0.000000 0.100000
vn -0.000000 -0.000000 0.100000
vn -0.000000 -0.000000 0.100000
vn -0.000000 -0.000000 0.100000
vn -0.000000 -0.000000 0.100000
vn -0.000000 -0.000000 0.100000
vn -0.000000 -0.000000 0.100000
vn -0.000000 -0.000000 0.100000
vn -0.000000 -0.000000 0.100000
vn -0.000000 -0.000000 0.100000
vn -0.000000 -0.000000 0.100000
vn -0.000000 -0.000000 0.100000
vn -0.000000 -0.000000 0.100000
vn -0.000000 -0.000000 0.100000
vn -0.000000 -0.000000 0.100000
vn -0.000000 -0.000000 0.100000
vn -0.000000 -0.000000 0.100000
vn -0.000000 -0.000000 0.100000
vn -0.000000 -0.000000 0.100000
vn -0.000000 -0.000000 0.100000
vn -0.000000 -0.000000 0.100000
vn -0.000000 -0.000000 0.100000
vn -0.000000 -0.000000 0.100000
vn -0.000000 -0.000000 0.100000
vn -0.000000 -0.000000 0.100000
vn -0.000000 -0.000000 0.100000
vn -0.000000 -0.000000 0.100000
vn -0.000000 -0.000000 0.100000
vn -0.000000 -0.000000 0.100000
vn -0.000000 -0.000000 0.100000
vn -0.000000 -0.000000 0.100000
vn -0.000000 -0.000000 0.100000
vn -0.000000 -0.000000 0.100000
vn -0.000000 -0.000000 0.100000
vn -0.000000 -0.000000 0.100000
vn -0.000000 -0.000000 0.100000
vn -0.000000 -0.000000 0.100000
vn -0.000000 -0.000000 0.100000
vn -0.000000 -0.000000 0.100000
vn -0.000000 -0.000000 0.100000
vn -0.000000 -0.000000 0.100000
vn -0.000000 -0.000000 0.100000
vn -0.000000 -0.000000 0.100000
vn -0.000000 -0.000000 0.100000
vn -0.000000 -0.000000 0.100000
vn -0.000000 -0.000000 0.100000
vn -0.000000 -0.000000 0.100000
vn -0.000000 -0.000000 0.100000
vn -0.000000 -0.000000 0.100000
vn -0.000000 -0.000000 0.100000
vn -0.000000 -0.000000 0.100000
vn -0.000000 -0.000000 0.100000
vn -0.000000 -0.000000 0.100000
vn -0.000000 -0.000000 0.100000
vn -0.000000 -0.000000 0.100000
vn -0.000000 -0.000000 0.100000
vn -0.000000 -0.000000 0.100000
vn -0.000000 -0.000000 0.100000
vn -0.000000 -0.000000 0.100000
vn -0.000000 -0.000000 0.100000
vn -0.000000 -0.000000 0.100000
vn -0.000000 -0.000000 0.100000
vn -0.000000 -0.000000 0.100000
vn -0.000000 -0.000000 0.100000
vn -0.000000 -0.000000 0.100000
vn -0.000000 -0.000000 0.100000
vn -0.000000 -0.000000 0.100000
vn -0.000000 -0.000000 0.100000
vn -0.000000 -0.000000 0.100000
vn -0.000000 -0.000000 0.100000
vn -0.000000 -0.000000 0.100000
vn -0.000000 -0.000000 0.100000
vn -0.000000 -0.000000 0.100000
vn -0.000000 -0.000000 0.100000
vn -0.000000 -0.000000 0.100000
vn -0.000000 -0.000000 0.100000
vn -0.000000 -0.000000 0.100000
vn -0.000000 -0.000000 0.100000
vn -0.000000 -0.000000 0.100000
vn -0.000000 -0.000000 0.100000
vn -0.000000 -0.000000 0.100000
vn -0.000000 -0.000000 0.100000
vn -0.000000 -0.000000 0.100000
vn -0.000000 -0.000000 0.100000
vn -0.000000 -0.000000 0.100000
vn -0.000000 -0.000000 0.100000
vn -0.000000 -0.000000 0.100000
vn -0.000000 -0.000000 0.100000
vn -0.000000 -0.000000 0.100000
vn -0.000000 -0.000000 0.100000
vn -0.000000 -0.000000 0.100000
vn -0.000000 -0.000000 0.100000
vn -0.000000 -0.000000 0.100000
vn -0.000000 -0.000000 0.100000
vn -0.000000 -0.000000 0.100000
vn -0.000000 -0.000000 0.100000
vn -0.000000 -0.000000 0.100000
vn -0.000000 -0.000000 0.100000
vn -0.000000 -0.000000 0.100000
vn -0.000000 -0.000000 0.100000
vn -0.000000 -0.000000 0.100000
vn -0.000000 -0.000000 0.100000
vn -0.000000 -0.000000 0.100000
vn -0.000000 -0.000000 0.100000
vn -0.000000 -0.000000 0.100000
vn -0.000000 -0.000000 0.100000
vn -0.000000 -0.000000 0.100000
vn -0.000000 -0.000000 0.100000
vn -0.000000 -0.000000 0.100000
vn -0.000000 -0.000000 0.100000
vn -0.000000 -0.000000 0.100000
vn -0.000000 -0.000000 0.100000
vn -0.000000 -0.000000 0.100000
vn -0.000000 -0.000000 0.100000
vn -0.000000 -0.000000 0.100000
vn -0.000000 -0.000000 0.100000
vn -0.000000 -0.000000 0.100000
vn -0.000000 -0.000000 0.100000
vn -0.000000 -0.000000 0.100000
vn -0.000000 -0.000000 0.100000
vn -0.000000 -0.000000 0.100000
vn -0.000000 -0.000000 0.100000
vn -0.000000 -0.000000 0.100000
vn -0.000000 -0.000000 0.100000
vn -0.000000 -0.000000 0.100000
vn -0.000000 -0.000000 0.100000
vn -0.000000 -0.000000 0.100000
vn -0.000000 -0.000000 0.100000
vn -0.000000 -0.000000 0.100000
vn -0.000000 -0.000000 0.100000
vn -0.000000 -0.000000 0.100000
vn -0.000000 -0.000000 0.100000
vn -0.000000 -0.000000 0.100000
vn -0.000000 -0.000000 0.100000
vn -0.000000 -0.000000 0.100000
vn -0.000000 -0.000000 0.100000
vn -0.000000 -0.000000 0.100000
vn -0.000000 -0.000000 0.100000
vn -0.000000 -0.000000 0.100000
vn -0.000000 -0.000000 0.100000
vn -0.000000 -0.000000 0.100000
vn -0.000000 -0.000000 0.100000
vn -0.000000 -0.000000 0.100000
vn -0.000000 -0.000000 0.100000
vn -0.000000 -0.000000 0.100000
vn -0.000000 -0.000000 0.100000
vn -0.000000 -0.000000 0.100000
vn -0.000000 -0.000000 0.100000
vn -0.000000 -0.000000 0.100000
vn -0.000000 -0.000000 0.100000
vn -0.000000 -0.000000 0.100000
vn -0.000000 -0.000000 0.100000
vn -0.000000 -0.000000 0.100000
vn -0.000000 -0.000000 0.100000
vn -0.000000 -0.000000 0.100000
vn -0.000000 -0.000000 0.100000
vn -0.000000 -0.000000 0.100000
vn -0.000000 -0.000000 0.100000
vn -0.000000 -0.000000 0.100000
vn -0.000000 -0.000000 0.100000
vn -0.000000 -0.000000 0.100000
vn -0.000000 -0.000000 0.100000
vn -0.000000 -0.000000 0.100000
vn -0.000000 -0.000000 0.100000
vn -0.000000 -0.000000 0.100000
vn -0.000000 -0.000000 0.100000
vn -0.000000 -0.000000 0.100000
vn -0.000000 -0.000000 0.100000
vn -0.000000 -0.000000 0.100000
vn -0.000000 -0.000000 0.100000
vn -0.000000 -0.000000 0.100000
vn -0.000000 -0.000000 0.100000
vn -0.000000 -0.000000 0.100000
vn -0.000000 -0.000000 0.100000
vn -0.000000 -0.000000 0.100000
vn -0.000000 -0.000000 0.100000
vn -0.000000 -0.000000 0.100000
vn -0.000000 -0.000000 0.100000
vn -0.000000 -0.000000 0.100000
vn -0.000000 -0.000000 0.100000
vn -0.000000 -0.000000 0.100000
vn -0.000000 -0.000000 0.100000
vn -0.000000 -0.000000 0.100000
vn -0.000000 -0.000000 0.100000
vn -0.000000 -0.000000 0.100000
vn -0.000000 -0.000000 0.100000
vn -0.000000 -0.000000 0.100000
vn -0.000000 -0.000000 0.100000
vn -0.000000 -0.000000 0.100000
vn -0.000000 -0.000000 0.100000
vn -0.000000 -0.000000 0.100000
vn -0.000000 -0.000000 0.100000
vn -0.000000 -0.000000 0.100000
vn -0.000000 -0.000000 0.100000
vn -0.000000 -0.000000 0.100000
vn -0.000000 -0.000000 0.100000
vn -0.000000 -0.000000 0.100000
vn -0.000000 -0.000000 0.100000
vn -0.000000 -0.000000 0.100000
vn -0.000000 -0.000000 0.100000
vn -0.000000 -0.000000 0.100000
vn -0.000000 -0.000000 0.100000
vn -0.000000 -0.000000 0.100000
vn -0.000000 -0.000000 0.100000
vn -0.000000 -0.000000 0.100000
vn -0.000000 -0.000000 0.100000
vn -0.000000 -0.000000 0.100000
vn -0.000000 -0.000000 0.100000
vn -0.000000 -0.000000 0.100000
vn -0.000000 -0.000000 0.100000
vn -0.084096 0.054110 -0.000000
vn -0.084096 0.054110 -0.000000
vn -0.021203 0.097726 0.000000
vn -0.021203 0.097726 0.000000
vn 0.054110 0.084096 0.000000
vn 0.054110 0.084096 0.000000
vn 0.097726 0.021203 0.000000
vn 0.097726 0.021203 0.000000
vn 0.000000 0.000000 -0.100000
vn 0.000000 0.000000 -0.100000
vn 0.000000 0.000000 -0.100000
vn 0.000000 0.000000 -0.100000
vn 0.000000 0.000000 -0.100000
vn 0.000000 0.000000 -0.100000
vn 0.000000 0.000000 -0.100000
vn 0.000000 0.000000 -0.100000
vn 0.000000 0.000000 -0.100000
vn 0.000000 0.000000 -0.100000
vn 0.000000 0.000000 -0.100000
vn 0.000000 0.000000 -0.100000
vn 0.000000 0.000000 -0.100000
vn 0.000000 0.000000 -0.100000
vn 0.000000 0.000000 -0.100000
vn 0.000000 0.000000 -0.100000
vn 0.000000 0.000000 -0.100000
vn 0.000000 0.000000 -0.100000
vn 0.000000 0.000000 -0.100000
vn 0.000000 0.000000 -0.100000
vn 0.000000 0.000000 -0.100000
vn 0.000000 0.000000 -0.100000
vn 0.000000 0.000000 -0.100000
vn 0.000000 0.000000 -0.100000
vn 0.000000 0.000000 -0.100000
vn 0.000000 0.000000 -0.100000
vn -0.054110 -0.084096 -0.000000
vn -0.054110 -0.084096 -0.000000
vn 0.094799 -0.031830 0.000000
vn 0.059772 -0.080170 -0.000000
vn 0.094799 -0.031830 0.000000
vn 0.059772 -0.080170 -0.000000
vn 0.003445 -0.099941 -0.000000
vn 0.003445 -0.099941 -0.000000
vn 0.099890 0.004683 0.000000
vn 0.099706 -0.007667 0.000000
vn 0.099890 0.004683 0.000000
vn 0.099706 -0.007667 0.000000
vn 0.098000 -0.019900 0.000000
vn 0.098000 -0.019900 0.000000
vn -0.021203 0.097726 0.000000
vn 0.035746 0.093393 0.000000
vn -0.021203 0.097726 0.000000
vn 0.035746 0.093393 0.000000
vn 0.081035 0.058594 0.000000
vn 0.081035 0.058594 0.000000
vn 0.092849 0.037135 0.000000
vn 0.098032 -0.019743 0.000000
vn 0.092849 0.037135 0.000000
vn 0.098032 -0.019743 0.000000
vn 0.071236 -0.070181 0.000000
vn 0.071236 -0.070181 0.000000
vn 0.021203 -0.097726 -0.000000
vn 0.021203 -0.097726 -0.000000
vn 0.073084 0.068255 0.000000
vn 0.080941 0.058724 0.000000
vn 0.073084 0.068255 0.000000
vn 0.080941 0.058724 0.000000
vn 0.087563 0.048298 0.000000
vn 0.087563 0.048298 0.000000
vn -0.084096 0.054110 -0.000000
vn -0.084096 0.054110 -0.000000
vn -0.038282 0.092382 0.000000
vn -0.038282 0.092382 0.000000
vn 0.021174 0.097733 0.000000
vn 0.021174 0.097733 0.000000
vn -0.097531 0.022084 -0.000000
vn -0.097531 0.022084 -0.000000
vn -0.097531 0.022084 -0.000000
vn -0.097531 0.022084 -0.000000
vn -0.037135 0.092849 0.000000
vn 0.019743 0.098032 0.000000
vn -0.037135 0.092849 0.000000
vn 0.019743 0.098032 0.000000
vn 0.070181 0.071236 0.000000
vn 0.070181 0.071236 0.000000
vn 0.097726 0.021203 0.000000
vn 0.097726 0.021203 0.000000
vn -0.068255 0.073084 -0.000000
vn -0.058724 0.080941 0.000000
vn -0.068255 0.073084 -0.000000
vn -0.058724 0.080941 0.000000
vn -0.048298 0.087563 0.000000
vn -0.048298 0.087563 0.000000
vn -0.054110 -0.084096 -0.000000
vn -0.092382 -0.038282 -0.000000
vn -0.054110 -0.084096 -0.000000
vn -0.092382 -0.038282 -0.000000
vn -0.097733 0.021174 -0.000000
vn -0.097733 0.021174 -0.000000
vn 0.084096 -0.054110 0.000000
vn 0.084096 -0.054110 0.000000
vn 0.031830 0.094799 0.000000
vn 0.080170 0.059772 0.000000
vn 0.031830 0.094799 0.000000
vn 0.080170 0.059772 0.000000
vn 0.099941 0.003445 0.000000
vn 0.099941 0.003445 0.000000
vn -0.004683 0.099890 0.000000
vn 0.007667 0.099706 0.000000
vn -0.004683 0.099890 0.000000
vn 0.007667 0.099706 0.000000
vn 0.019900 0.098000 0.000000
vn 0.019900 0.098000 0.000000
vn -0.097726 -0.021203 -0.000000
vn -0.093393 0.035746 -0.000000
vn -0.097726 -0.021203 -0.000000
vn -0.093393 0.035746 -0.000000
vn -0.058594 0.081035 0.000000
vn -0.058594 0.081035 0.000000
vn -0.092849 -0.037135 -0.000000
vn -0.098032 0.019743 -0.000000
vn -0.092849 -0.037135 -0.000000
vn -0.098032 0.019743 -0.000000
vn -0.071236 0.070181 -0.000000
vn -0.071236 0.070181 -0.000000
vn -0.021203 0.097726 0.000000
vn -0.021203 0.097726 0.000000
vn -0.073084 -0.068255 -0.000000
vn -0.073084 -0.068255 -0.000000
vn -0.080941 -0.058724 -0.000000
vn -0.080941 -0.058724 -0.000000
vn -0.087563 -0.048298 -0.000000
vn -0.087563 -0.048298 -0.000000
vn 0.084096 -0.054110 0.000000
vn 0.084096 -0.054110 0.000000
vn 0.038282 -0.092382 -0.000000
vn 0.038282 -0.092382 -0.000000
vn -0.021174 -0.097733 -0.000000
vn -0.021174 -0.097733 -0.000000
vn 0.054110 0.084096 0.000000
vn 0.054110 0.084096 0.000000
vn -0.094799 0.031830 -0.000000
vn -0.059772 0.080170 0.000000
vn -0.094799 0.031830 -0.000000
vn -0.059772 0.080170 0.000000
vn -0.003445 0.099941 0.000000
vn -0.003445 0.099941 0.000000
vn -0.099890 -0.004683 -0.000000
vn -0.099706 0.007667 -0.000000
vn -0.099890 -0.004683 -0.000000
vn -0.099706 0.007667 -0.000000
vn -0.098000 0.019900 -0.000000
vn -0.098000 0.019900 -0.000000
vn 0.021203 -0.097726 -0.000000
vn -0.035746 -0.093393 -0.000000
vn 0.021203 -0.097726 -0.000000
vn -0.035746 -0.093393 -0.000000
vn -0.081035 -0.058594 -0.000000
vn -0.081035 -0.058594 -0.000000
vn 0.037135 -0.092849 -0.000000
vn -0.019743 -0.098032 -0.000000
vn 0.037135 -0.092849 -0.000000
vn -0.019743 -0.098032 -0.000000
vn -0.070181 -0.071236 -0.000000
vn -0.070181 -0.071236 -0.000000
vn -0.097726 -0.021203 -0.000000
vn -0.097726 -0.021203 -0.000000
vn 0.068255 -0.073084 0.000000
vn 0.058724 -0.080941 -0.000000
vn 0.068255 -0.073084 0.000000
vn 0.058724 -0.080941 -0.000000
vn 0.048298 -0.087563 -0.000000
vn 0.048298 -0.087563 -0.000000
vn 0.054110 0.084096 0.000000
vn 0.092382 0.038282 0.000000
vn 0.054110 0.084096 0.000000
vn 0.092382 0.038282 0.000000
vn 0.097733 -0.021174 0.000000
vn 0.097733 -0.021174 0.000000
vn -0.084096 0.054110 -0.000000
vn -0.084096 0.054110 -0.000000
vn -0.031830 -0.094799 -0.000000
vn -0.080170 -0.059772 -0.000000
vn -0.031830 -0.094799 -0.000000
vn -0.080170 -0.059772 -0.000000
vn -0.099941 -0.003445 -0.000000
vn -0.099941 -0.003445 -0.000000
vn 0.004683 -0.099890 -0.000000
vn 0.004683 -0.099890 -0.000000
vn -0.007667 -0.099706 -0.000000
vn -0.007667 -0.099706 -0.000000
vn -0.019900 -0.098000 -0.000000
vn -0.019900 -0.098000 -0.000000
vn 0.097726 0.021203 0.000000
vn 0.093393 -0.035746 0.000000
vn 0.097726 0.021203 0.000000
vn 0.093393 -0.035746 0.000000
vn 0.058594 -0.081035 -0.000000
vn 0.058594 -0.081035 -0.000000
vn 0.056987 -0.082173 -0.000000
vn 0.056987 -0.082173 -0.000000
vn 0.084096 -0.054110 0.000000
vn 0.084096 -0.054110 0.000000
vn 0.098401 -0.017809 0.000000
vn 0.098401 -0.017809 0.000000
vn 0.097726 0.021203 0.000000
vn 0.097726 0.021203 0.000000
vn 0.082173 0.056987 0.000000
vn 0.082173 0.056987 0.000000
vn 0.054110 0.084096 0.000000
vn 0.054110 0.084096 0.000000
vn 0.017809 0.098401 0.000000
vn 0.017809 0.098401 0.000000
vn -0.021203 0.097726 0.000000
vn -0.021203 0.097726 0.000000
vn -0.056987 0.082173 0.000000
vn -0.056987 0.082173 0.000000
vn -0.084096 0.054110 -0.000000
vn -0.084096 0.054110 -0.000000
vn -0.098401 0.017809 -0.000000
vn -0.098401 0.017809 -0.000000
vn -0.097726 -0.021203 -0.000000
vn -0.097726 -0.021203 -0.000000
vn -0.082173 -0.056987 -0.000000
vn -0.082173 -0.056987 -0.000000
vn -0.054110 -0.084096 -0.000000
vn -0.054110 -0.084096 -0.000000
vn -0.017809 -0.098401 -0.000000
vn -0.017809 -0.098401 -0.000000
vn 0.021203 -0.097726 -0.000000
vn 0.021203 -0.097726 -0.000000
vn 0.000000 0.000000 -0.100000
vn 0.000000 0.000000 -0.100000
vn 0.000000 0.000000 -0.100000
vn 0.000000 0.000000 -0.100000
vn 0.000000 0.000000 -0.100000
vn 0.000000 0.000000 -0.100000
vn 0.000000 0.000000 -0.100000
vn 0.000000 0.000000 -0.100000
vn 0.000000 0.000000 -0.100000
vn 0.000000 0.000000 -0.100000
vn 0.000000 0.000000 -0.100000
vn 0.000000 0.000000 -0.100000
vn 0.000000 0.000000 -0.100000
vn 0.000000 0.000000 -0.100000
vn 0.000000 0.000000 -0.100000
vn 0.000000 0.000000 -0.100000
vn 0.000000 0.000000 -0.100000
vn 0.000000 0.000000 -0.100000
vn 0.000000 0.000000 -0.100000
vn 0.000000 0.000000 -0.100000
vn 0.000000 0.000000 -0.100000
vn 0.000000 0.000000 -0.100000
vn 0.000000 0.000000 -0.100000
vn 0.000000 0.000000 -0.100000
vn 0.000000 0.000000 -0.100000
vn 0.000000 0.000000 -0.100000
vn 0.000000 0.000000 -0.100000
vn 0.000000 0.000000 -0.100000
vn 0.000000 0.000000 -0.100000
vn 0.000000 0.000000 -0.100000
vn 0.000000 0.000000 -0.100000
vn 0.000000 0.000000 -0.100000
vn 0.000000 0.000000 -0.100000
vn 0.000000 0.000000 -0.100000
vn 0.000000 0.000000 -0.100000
vn 0.000000 0.000000 -0.100000
vn 0.000000 0.000000 -0.100000
vn 0.000000 0.000000 -0.100000
vn 0.000000 0.000000 -0.100000
vn 0.000000 0.000000 -0.100000
vn 0.000000 0.000000 -0.100000
vn 0.000000 0.000000 -0.100000
vn 0.000000 0.000000 -0.100000
vn 0.000000 0.000000 -0.100000
vn 0.000000 0.000000 -0.100000
vn 0.000000 0.000000 -0.100000
vn 0.000000 0.000000 -0.100000
vn 0.000000 0.000000 -0.100000
vn 0.000000 0.000000 -0.100000
vn 0.000000 0.000000 -0.100000
vn 0.000000 0.000000 -0.100000
vn 0.000000 0.000000 -0.100000
vn 0.000000 0.000000 -0.100000
vn 0.000000 0.000000 -0.100000
vn 0.000000 0.000000 -0.100000
vn 0.000000 0.000000 -0.100000
vn 0.000000 0.000000 -0.100000
vn 0.000000 0.000000 -0.100000
vn 0.000000 0.000000 -0.100000
vn 0.000000 0.000000 -0.100000
vn 0.000000 0.000000 -0.100000
vn 0.000000 0.000000 -0.100000
vn 0.000000 0.000000 -0.100000
vn 0.000000 0.000000 -0.100000
vn 0.000000 0.000000 -0.100000
vn 0.000000 0.000000 -0.100000
vn 0.000000 0.000000 -0.100000
vn 0.000000 0.000000 -0.100000
vn 0.000000 0.000000 -0.100000
vn 0.000000 0.000000 -0.100000
vn 0.000000 0.000000 -0.100000
vn 0.000000 0.000000 -0.100000
vn 0.000000 0.000000 -0.100000
vn 0.000000 0.000000 -0.100000
vn 0.000000 0.000000 -0.100000
vn 0.000000 0.000000 -0.100000
vn 0.000000 0.000000 -0.100000
vn 0.000000 0.000000 -0.100000
vn 0.000000 0.000000 -0.100000
vn 0.000000 0.000000 -0.100000
vn 0.000000 0.000000 -0.100000
vn 0.000000 0.000000 -0.100000
vn 0.000000 0.000000 -0.100000
vn 0.000000 0.000000 -0.100000
vn 0.000000 0.000000 -0.100000
vn 0.000000 0.000000 -0.100000
vn 0.000000 0.000000 -0.100000
vn 0.000000 0.000000 -0.100000
vn 0.000000 0.000000 -0.100000
vn 0.000000 0.000000 -0.100000
vn 0.000000 0.000000 -0.100000
vn 0.000000 0.000000 -0.100000
vn 0.000000 0.000000 -0.100000
vn 0.000000 0.000000 -0.100000
vn 0.000000 0.000000 -0.100000
vn 0.000000 0.000000 -0.100000
vn 0.000000 0.000000 -0.100000
vn 0.000000 0.000000 -0.100000
vn 0.000000 0.000000 -0.100000
vn 0.000000 0.000000 -0.100000
vn 0.000000 0.000000 -0.100000
vn 0.000000 0.000000 -0.100000
vn 0.000000 0.000000 -0.100000
vn 0.000000 0.000000 -0.100000
vn 0.000000 0.000000 -0.100000
vn 0.000000 0.000000 -0.100000
vn 0.000000 0.000000 -0.100000
vn 0.000000 0.000000 -0.100000
vn 0.000000 0.000000 -0.100000
vn 0.000000 0.000000 -0.100000
vn 0.000000 0.000000 -0.100000
vn 0.000000 0.000000 -0.100000
vn 0.000000 0.000000 -0.100000
vn 0.000000 0.000000 -0.100000
vn 0.000000 0.000000 -0.100000
vn 0.000000 0.000000 -0.100000
vn 0.000000 0.000000 -0.100000
vn 0.000000 0.000000 -0.100000
vn 0.000000 0.000000 -0.100000
vn 0.000000 0.000000 -0.100000
vn 0.000000 0.000000 -0.100000
vn 0.000000 0.000000 -0.100000
vn 0.000000 0.000000 -0.100000
vn 0.000000 0.000000 -0.100000
vn 0.000000 0.000000 -0.100000
vn 0.000000 0.000000 -0.100000
vn 0.000000 0.000000 -0.100000
vn 0.000000 0.000000 -0.100000
vn 0.000000 0.000000 -0.100000
vn 0.000000 0.000000 -0.100000
vn 0.000000 0.000000 -0.100000
vn 0.000000 0.000000 -0.100000
vn 0.000000 0.000000 -0.100000
vn 0.000000 0.000000 -0.100000
vn 0.000000 0.000000 -0.100000
vn 0.000000 0.000000 -0.100000
vn 0.000000 0.000000 -0.100000
vn 0.000000 0.000000 -0.100000
vn 0.000000 0.000000 -0.100000
vn 0.000000 0.000000 -0.100000
vn 0.000000 0.000000 -0.100000
vn 0.000000 0.000000 -0.100000
vn 0.000000 0.000000 -0.100000
vn 0.000000 0.000000 -0.100000
vn 0.000000 0.000000 -0.100000
vn 0.000000 0.000000 -0.100000
vn 0.000000 0.000000 -0.100000
vn 0.000000 0.000000 -0.100000
vn 0.000000 0.000000 -0.100000
vn 0.000000 0.000000 -0.100000
vn 0.000000 0.000000 -0.100000
vn 0.000000 0.000000 -0.100000
vn 0.000000 0.000000 -0.100000
vn 0.000000 0.000000 -0.100000
vn 0.000000 0.000000 -0.100000
vn 0.000000 0.000000 -0.100000
vn 0.000000 0.000000 -0.100000
vn 0.000000 0.000000 -0.100000
vn 0.000000 0.000000 -0.100000
vn 0.000000 0.000000 -0.100000
vn 0.000000 0.000000 -0.100000
vn 0.000000 0.000000 -0.100000
vn 0.000000 0.000000 -0.100000
vn 0.000000 0.000000 -0.100000
vn 0.000000 0.000000 -0.100000
vn 0.000000 0.000000 -0.100000
vn 0.000000 0.000000 -0.100000
vn 0.000000 0.000000 -0.100000
vn 0.000000 0.000000 -0.100000
vn 0.000000 0.000000 -0.100000
vn 0.000000 0.000000 -0.100000
vn 0.000000 0.000000 -0.100000
vn 0.000000 0.000000 -0.100000
vn 0.000000 0.000000 -0.100000
vn 0.000000 0.000000 -0.100000
vn 0.000000 0.000000 -0.100000
vn 0.000000 0.000000 -0.100000
vn 0.000000 0.000000 -0.100000
vn 0.000000 0.000000 -0.100000
vn 0.000000 0.000000 -0.100000
vn 0.000000 0.000000 -0.100000
vn 0.000000 0.000000 -0.100000
vn 0.000000 0.000000 -0.100000
vn 0.000000 0.000000 -0.100000
vn 0.000000 0.000000 -0.100000
vn 0.000000 0.000000 -0.100000
vn 0.000000 0.000000 -0.100000
vn 0.000000 0.000000 -0.100000
vn 0.000000 0.000000 -0.100000
vn 0.000000 0.000000 -0.100000
vn 0.000000 0.000000 -0.100000
vn 0.000000 0.000000 -0.100000
vn 0.000000 0.000000 -0.100000
vn 0.000000 0.000000 -0.100000
vn 0.000000 0.000000 -0.100000
vn 0.000000 0.000000 -0.100000
vn 0.000000 0.000000 -0.100000
vn 0.000000 0.000000 -0.100000
vn 0.000000 0.000000 -0.100000
vn 0.000000 0.000000 -0.100000
vn 0.000000 0.000000 -0.100000
vn 0.000000 0.000000 -0.100000
vn 0.000000 0.000000 -0.100000
vn 0.000000 0.000000 -0.100000
vn 0.000000 0.000000 -0.100000
vn 0.000000 0.000000 -0.100000
vn 0.000000 0.000000 -0.100000
vn 0.000000 0.000000 -0.100000
vn 0.000000 0.000000 -0.100000
vn 0.000000 0.000000 -0.100000
vn 0.000000 0.000000 -0.100000
vn 0.000000 0.000000 -0.100000
vn 0.000000 0.000000 -0.100000
vn 0.000000 0.000000 -0.100000
vn 0.000000 0.000000 -0.100000
vn 0.000000 0.000000 -0.100000
vn 0.000000 0.000000 -0.100000
vn 0.000000 0.000000 -0.100000
vn 0.000000 0.000000 -0.100000
vn 0.000000 0.000000 -0.100000
vn 0.000000 0.000000 -0.100000
vn 0.000000 0.000000 -0.100000
vn 0.000000 0.000000 -0.100000
vn 0.000000 0.000000 -0.100000
vn 0.000000 0.000000 -0.100000
vn 0.000000 0.000000 -0.100000
vn 0.000000 0.000000 -0.100000
vn 0.000000 0.000000 -0.100000
vn 0.000000 0.000000 -0.100000
vn 0.000000 0.000000 -0.100000
vn 0.000000 0.000000 -0.100000
vn 0.000000 0.000000 -0.100000
vn 0.000000 0.000000 -0.100000
vn 0.000000 0.000000 -0.100000
vn 0.000000 0.000000 -0.100000
vn 0.000000 0.000000 -0.100000
vn 0.000000 0.000000 -0.100000
vn 0.000000 0.000000 -0.100000
vn 0.000000 0.000000 -0.100000
vn 0.000000 0.000000 -0.100000
vn 0.000000 0.000000 -0.100000
vn 0.000000 0.000000 -0.100000
vn 0.000000 0.000000 -0.100000
vn 0.000000 0.000000 -0.100000
vn 0.000000 0.000000 -0.100000
vn 0.000000 0.000000 -0.100000
vn 0.000000 0.000000 -0.100000
vn 0.000000 0.000000 -0.100000
vn 0.000000 0.000000 -0.100000
vn 0.000000 0.000000 -0.100000
vn 0.000000 0.000000 -0.100000
vn 0.000000 0.000000 -0.100000
vn 0.000000 0.000000 -0.100000
vn 0.000000 0.000000 -0.100000
vn 0.000000 0.000000 -0.100000
vn 0.000000 0.000000 -0.100000
vn 0.000000 0.000000 -0.100000
vn 0.000000 0.000000 -0.100000
vn 0.000000 0.000000 -0.100000
vn 0.000000 0.000000 -0.100000
vn 0.000000 0.000000 -0.100000
vn 0.000000 0.000000 -0.100000
vn 0.000000 0.000000 -0.100000
vn 0.000000 0.000000 -0.100000
vn 0.000000 0.000000 -0.100000
vn 0.000000 0.000000 -0.100000
vn 0.000000 0.000000 -0.100000
vn 0.000000 0.000000 -0.100000
vn 0.000000 0.000000 -0.100000
vn 0.000000 0.000000 -0.100000
vn 0.000000 0.000000 -0.100000
vn 0.000000 0.000000 -0.100000
vn 0.000000 0.000000 -0.100000
vn 0.000000 0.000000 -0.100000
vn 0.000000 0.000000 -0.100000
vn 0.000000 0.000000 -0.100000
vn 0.000000 0.000000 -0.100000
vn 0.000000 0.000000 -0.100000
vn 0.000000 0.000000 -0.100000
vn 0.000000 0.000000 -0.100000
vn 0.000000 0.000000 -0.100000
vn 0.000000 0.000000 -0.100000
vn 0.000000 0.000000 -0.100000
vn 0.000000 0.000000 -0.100000
vn 0.000000 0.000000 -0.100000
vn 0.000000 0.000000 -0.100000
vn 0.000000 0.000000 -0.100000
vn 0.000000 0.000000 -0.100000
vn 0.000000 0.000000 -0.100000
vn 0.000000 0.000000 -0.100000
vn 0.000000 0.000000 -0.100000
vn 0.000000 0.000000 -0.100000
vn 0.000000 0.000000 -0.100000
vn 0.000000 0.000000 -0.100000
vn 0.000000 0.000000 -0.100000
vn 0.000000 0.000000 -0.100000
vn 0.000000 0.000000 -0.100000
vn 0.000000 0.000000 -0.100000
vn 0.000000 0.000000 -0.100000
vn 0.000000 0.000000 -0.100000
vn 0.000000 0.000000 -0.100000
vn 0.000000 0.000000 -0.100000
vn 0.000000 0.000000 -0.100000
vn 0.000000 0.000000 -0.100000
vn 0.000000 0.000000 -0.100000
vn 0.000000 0.000000 -0.100000
vn 0.000000 0.000000 -0.100000
vn 0.000000 0.000000 -0.100000
vn 0.000000 0.000000 -0.100000
vn 0.000000 0.000000 -0.100000
vn 0.000000 0.000000 -0.100000
vn 0.000000 0.000000 -0.100000
vn 0.000000 0.000000 -0.100000
vn 0.000000 0.000000 -0.100000
vn 0.000000 0.000000 -0.100000
vn 0.000000 0.000000 -0.100000
vn 0.000000 0.000000 -0.100000
vn 0.000000 0.000000 -0.100000
vn 0.000000 0.000000 -0.100000
vn 0.000000 0.000000 -0.100000
vn 0.000000 0.000000 -0.100000
vn 0.000000 0.000000 -0.100000
vn 0.000000 0.000000 -0.100000
vn 0.000000 0.000000 -0.100000
vn 0.000000 0.000000 -0.100000
vn 0.000000 0.000000 -0.100000
vn 0.000000 0.000000 -0.100000
vn 0.000000 0.000000 -0.100000
vn 0.000000 0.000000 -0.100000
vn 0.000000 0.000000 -0.100000
vn 0.000000 0.000000 -0.100000
vn 0.000000 0.000000 -0.100000
vn 0.000000 0.000000 -0.100000
vn 0.000000 0.000000 -0.100000
vn 0.000000 0.000000 -0.100000
vn 0.000000 0.000000 -0.100000
vn 0.000000 0.000000 -0.100000
vn 0.000000 0.000000 -0.100000
vn 0.000000 0.000000 -0.100000
vn 0.000000 0.000000 -0.100000
vn 0.000000 0.000000 -0.100000
vn 0.000000 0.000000 -0.100000
vn 0.000000 0.000000 -0.100000
vn 0.000000 0.000000 -0.100000
vn 0.000000 0.000000 -0.100000
vn 0.000000 0.000000 -0.100000
vn 0.000000 0.000000 -0.100000
vn 0.000000 0.000000 -0.100000
vn 0.000000 0.000000 -0.100000
vn 0.000000 0.000000 -0.100000
vn 0.000000 0.000000 -0.100000
vn 0.000000 0.000000 -0.100000
vn 0.000000 0.000000 -0.100000
vn 0.000000 0.000000 -0.100000
vn 0.000000 0.000000 -0.100000
vn 0.000000 0.000000 -0.100000
vn 0.000000 0.000000 -0.100000
vn 0.000000 0.000000 -0.100000
vn 0.000000 0.000000 -0.100000
vn 0.000000 0.000000 -0.100000
vn 0.000000 0.000000 -0.100000
vn 0.000000 0.000000 -0.100000
vn 0.000000 0.000000 -0.100000
vn 0.000000 0.000000 -0.100000
vn 0.000000 0.000000 -0.100000
vn 0.000000 0.000000 -0.100000
vn 0.000000 0.000000 -0.100000
vn 0.000000 0.000000 -0.100000
vn 0.000000 0.000000 -0.100000
vn 0.000000 0.000000 -0.100000
vn 0.000000 0.000000 -0.100000
vn 0.000000 0.000000 -0.100000
vn 0.000000 0.000000 -0.100000
vn 0.000000 0.000000 -0.100000
vn 0.000000 0.000000 -0.100000
vn 0.000000 0.000000 -0.100000
vn 0.000000 0.000000 -0.100000
vn 0.000000 0.000000 -0.100000
vn 0.000000 0.000000 -0.100000
vn 0.000000 0.000000 -0.100000
vn 0.000000 0.000000 -0.100000
vn 0.000000 0.000000 -0.100000
vn 0.000000 0.000000 -0.100000
vn 0.000000 0.000000 -0.100000
vn 0.000000 0.000000 -0.100000
vn 0.000000 0.000000 -0.100000
vn 0.000000 0.000000 -0.100000
vn 0.000000 0.000000 -0.100000
vn 0.000000 0.000000 -0.100000
vn 0.000000 0.000000 -0.100000
vn 0.000000 0.000000 -0.100000
vn 0.000000 0.000000 -0.100000
vn 0.000000 0.000000 -0.100000
vn 0.000000 0.000000 -0.100000
vn 0.000000 0.000000 -0.100000
vn 0.000000 0.000000 -0.100000
vn 0.000000 0.000000 -0.100000
vn 0.000000 0.000000 -0.100000
vn 0.000000 0.000000 -0.100000
vn 0.000000 0.000000 -0.100000
vn 0.000000 0.000000 -0.100000
vn 0.000000 0.000000 -0.100000
vn 0.000000 0.000000 -0.100000
vn 0.000000 0.000000 -0.100000
vn 0.000000 0.000000 -0.100000
vn 0.000000 0.000000 -0.100000
vn 0.000000 0.000000 -0.100000
vn 0.000000 0.000000 -0.100000
vn 0.000000 0.000000 -0.100000
vn 0.000000 0.000000 -0.100000
vn 0.000000 0.000000 -0.100000
vn 0.000000 0.000000 -0.100000
vn 0.000000 0.000000 -0.100000
vn 0.000000 0.000000 -0.100000
vn 0.000000 0.000000 -0.100000
vn 0.000000 0.000000 -0.100000
vn 0.000000 0.000000 -0.100000
vn 0.000000 0.000000 -0.100000
vn 0.000000 0.000000 -0.100000
vn 0.000000 0.000000 -0.100000
vn 0.000000 0.000000 -0.100000
vn 0.000000 0.000000 -0.100000
vn 0.000000 0.000000 -0.100000
vn 0.000000 0.000000 -0.100000
vn 0.000000 0.000000 -0.100000
vn 0.000000 0.000000 -0.100000
vn 0.000000 0.000000 -0.100000
vn 0.000000 0.000000 -0.100000
vn 0.000000 0.000000 -0.100000
vn 0.000000 0.000000 -0.100000
vn 0.000000 0.000000 -0.100000
vn 0.000000 0.000000 -0.100000
vn 0.000000 0.000000 -0.100000
vn 0.000000 0.000000 -0.100000
vn 0.000000 0.000000 -0.100000
vn 0.000000 0.000000 -0.100000
vn 0.000000 0.000000 -0.100000
vn 0.000000 0.000000 -0.100000
vn 0.000000 0.000000 -0.100000
vn 0.000000 0.000000 -0.100000
vn 0.000000 0.000000 -0.100000
vn 0.000000 0.000000 -0.100000
vn 0.000000 0.000000 -0.100000
vn 0.000000 0.000000 -0.100000
vn 0.000000 0.000000 -0.100000
vn 0.000000 0.000000 -0.100000
vn 0.000000 0.000000 -0.100000
vn 0.000000 0.000000 -0.100000
vn 0.000000 0.000000 -0.100000
vn 0.000000 0.000000 -0.100000
vn 0.000000 0.000000 -0.100000
vn 0.000000 0.000000 -0.100000
vn 0.000000 0.000000 -0.100000
vn 0.000000 0.000000 -0.100000
vn 0.000000 0.000000 -0.100000
vn 0.000000 0.000000 -0.100000
vn 0.000000 0.000000 -0.100000
vn 0.000000 0.000000 -0.100000
vn 0.000000 0.000000 -0.100000
vn 0.000000 0.000000 -0.100000
vn 0.000000 0.000000 -0.100000
vn 0.000000 0.000000 -0.100000
vn 0.000000 0.000000 -0.100000
vn 0.000000 0.000000 -0.100000
vn 0.000000 0.000000 -0.100000
vn 0.000000 0.000000 -0.100000
vn 0.000000 0.000000 -0.100000
vn 0.000000 0.000000 -0.100000
vn 0.000000 0.000000 -0.100000
vn 0.000000 0.000000 -0.100000
vn 0.000000 0.000000 -0.100000
vn 0.000000 0.000000 -0.100000
vn 0.000000 0.000000 -0.100000
vn 0.000000 0.000000 -0.100000
vn 0.000000 0.000000 -0.100000
vn 0.000000 0.000000 -0.100000
vn 0.000000 0.000000 -0.100000
vn 0.000000 0.000000 -0.100000
vn 0.000000 0.000000 -0.100000
vn 0.000000 0.000000 -0.100000
vn 0.000000 0.000000 -0.100000
vn 0.000000 0.000000 -0.100000
vn 0.000000 0.000000 -0.100000
vn 0.000000 0.000000 -0.100000
vn 0.000000 0.000000 -0.100000
vn 0.000000 0.000000 -0.100000
vn 0.000000 0.000000 -0.100000
vn 0.000000 0.000000 -0.100000
vn 0.000000 0.000000 -0.100000
vn 0.000000 0.000000 -0.100000
vn 0.000000 0.000000 -0.100000
vn 0.000000 0.000000 -0.100000
vn 0.000000 0.000000 -0.100000
vn 0.000000 0.000000 -0.100000
vn 0.000000 0.000000 -0.100000
vn 0.000000 0.000000 -0.100000
vn 0.000000 0.000000 -0.100000
vn 0.000000 0.000000 -0.100000
vn 0.000000 0.000000 -0.100000
vn 0.000000 0.000000 -0.100000
vn 0.000000 0.000000 -0.100000
vn 0.000000 0.000000 -0.100000
vn 0.000000 0.000000 -0.100000
vn 0.000000 0.000000 -0.100000
vn 0.000000 0.000000 -0.100000
vn 0.000000 0.000000 -0.100000
vn 0.000000 0.000000 -0.100000
vn 0.000000 0.000000 -0.100000
vn 0.000000 0.000000 -0.100000
vn 0.000000 0.000000 -0.100000
vn 0.000000 0.000000 -0.100000
vn 0.000000 0.000000 -0.100000
vn 0.000000 0.000000 -0.100000
vn 0.000000 0.000000 -0.100000
vn 0.000000 0.000000 -0.100000
vn 0.000000 0.000000 -0.100000
vn 0.000000 0.000000 -0.100000
vn 0.000000 0.000000 -0.100000
vn 0.000000 0.000000 -0.100000
vn 0.000000 0.000000 -0.100000
vn 0.000000 0.000000 -0.100000
vn 0.000000 0.000000 -0.100000
vn 0.000000 0.000000 -0.100000
vn 0.000000 0.000000 -0.100000
vn 0.000000 0.000000 -0.100000
vn 0.000000 0.000000 -0.100000
vn 0.000000 0.000000 -0.100000
vn 0.000000 0.000000 -0.100000
vn 0.000000 0.000000 -0.100000
vn 0.000000 0.000000 -0.100000
vn 0.000000 0.000000 -0.100000
vn 0.000000 0.000000 -0.100000
vn 0.000000 0.000000 -0.100000
vn 0.000000 0.000000 -0.100000
vn 0.000000 0.000000 -0.100000
vn 0.000000 0.000000 -0.100000
vn 0.000000 0.000000 -0.100000
vn 0.000000 0.000000 -0.100000
vn 0.000000 0.000000 -0.100000
vn 0.000000 0.000000 -0.100000
vn 0.000000 0.000000 -0.100000
vn 0.000000 0.000000 -0.100000
vn 0.000000 0.000000 -0.100000
vn 0.000000 0.000000 -0.100000
vn 0.000000 0.000000 -0.100000
vn 0.000000 0.000000 -0.100000
vn 0.000000 0.000000 -0.100000
vn 0.000000 0.000000 -0.100000
vn 0.000000 0.000000 -0.100000
vn 0.000000 0.000000 -0.100000
vn 0.000000 0.000000 -0.100000
vn 0.000000 0.000000 -0.100000
vn 0.000000 0.000000 -0.100000
vn 0.000000 0.000000 -0.100000
vn 0.000000 0.000000 -0.100000
vn 0.000000 0.000000 -0.100000
vn 0.000000 0.000000 -0.100000
vn 0.000000 0.000000 -0.100000
vn 0.000000 0.000000 -0.100000
vn 0.000000 0.000000 -0.100000
vn 0.000000 0.000000 -0.100000
vn 0.000000 0.000000 -0.100000
vn 0.000000 0.000000 -0.100000
vn 0.000000 0.000000 -0.100000
vn 0.000000 0.000000 -0.100000
vn 0.000000 0.000000 -0.100000
vn 0.000000 0.000000 -0.100000
vn 0.000000 0.000000 -0.100000
vn 0.000000 0.000000 -0.100000
vn 0.000000 0.000000 -0.100000
vn 0.000000 0.000000 -0.100000
vn 0.000000 0.000000 -0.100000
vn 0.000000 0.000000 -0.100000
vn 0.000000 0.000000 -0.100000
vn 0.000000 0.000000 -0.100000
vn 0.000000 0.000000 -0.100000
vn 0.000000 0.000000 -0.100000
vn 0.000000 0.000000 -0.100000
vn 0.000000 0.000000 -0.100000
vn 0.000000 0.000000 -0.100000
vn 0.000000 0.000000 -0.100000
vn 0.000000 0.000000 -0.100000
vn 0.000000 0.000000 -0.100000
vn 0.000000 0.000000 -0.100000
vn 0.000000 0.000000 -0.100000
vn 0.000000 0.000000 -0.100000
vn 0.000000 0.000000 -0.100000
vn 0.000000 0.000000 -0.100000
vn 0.000000 0.000000 -0.100000
vn 0.000000 0.000000 -0.100000
vn 0.000000 0.000000 -0.100000
vn 0.000000 0.000000 -0.100000
vn 0.000000 0.000000 -0.100000
vn 0.000000 0.000000 -0.100000
vn 0.000000 0.000000 -0.100000
vn 0.000000 0.000000 -0.100000
vn 0.000000 0.000000 -0.100000
vn 0.000000 0.000000 -0.100000
vn 0.000000 0.000000 -0.100000
vn 0.000000 0.000000 -0.100000
vn 0.000000 0.000000 -0.100000
vn 0.000000 0.000000 -0.100000
vn 0.000000 0.000000 -0.100000
vn 0.000000 0.000000 -0.100000
vn 0.000000 0.000000 -0.100000
vn 0.000000 0.000000 -0.100000
vn 0.000000 0.000000 -0.100000
vn 0.000000 0.000000 -0.100000
vn 0.000000 0.000000 -0.100000
vn 0.000000 0.000000 -0.100000
vn 0.000000 0.000000 -0.100000
vn 0.000000 0.000000 -0.100000
vn 0.000000 0.000000 -0.100000
vn 0.000000 0.000000 -0.100000
vn 0.000000 0.000000 -0.100000
vn 0.000000 0.000000 -0.100000
vn 0.000000 0.000000 -0.100000
vn 0.000000 0.000000 -0.100000
vn 0.000000 0.000000 -0.100000
vn 0.000000 0.000000 -0.100000
vn 0.000000 0.000000 -0.100000
vn 0.000000 0.000000 -0.100000
vn 0.000000 0.000000 -0.100000
vn 0.000000 0.000000 -0.100000
vn 0.000000 0.000000 -0.100000
vn 0.000000 0.000000 -0.100000
vn 0.000000 0.000000 -0.100000
vn 0.000000 0.000000 -0.100000
vn 0.000000 0.000000 -0.100000
vn 0.000000 0.000000 -0.100000
vn 0.000000 0.000000 -0.100000
vn 0.000000 0.000000 -0.100000
vn 0.000000 0.000000 -0.100000
vn 0.000000 0.000000 -0.100000
vn 0.000000 0.000000 -0.100000
vn 0.000000 0.000000 -0.100000
vn 0.000000 0.000000 -0.100000
vn 0.000000 0.000000 -0.100000
vn 0.000000 0.000000 -0.100000
vn 0.000000 0.000000 -0.100000
vn 0.000000 0.000000 -0.100000
vn 0.000000 0.000000 -0.100000
vn 0.000000 0.000000 -0.100000
vn 0.000000 0.000000 -0.100000
vn 0.000000 0.000000 -0.100000
vn 0.000000 0.000000 -0.100000
vn 0.000000 0.000000 -0.100000
vn 0.000000 0.000000 -0.100000
vn 0.000000 0.000000 -0.100000
vn 0.000000 0.000000 -0.100000
vn 0.000000 0.000000 -0.100000
vn 0.000000 0.000000 -0.100000
vn 0.000000 0.000000 -0.100000
vn 0.000000 0.000000 -0.100000
vn 0.000000 0.000000 -0.100000
vn 0.000000 0.000000 -0.100000
vn 0.000000 0.000000 -0.100000
vn 0.000000 0.000000 -0.100000
vn 0.000000 0.000000 -0.100000
vn 0.000000 0.000000 -0.100000
vn 0.000000 0.000000 -0.100000
vn 0.000000 0.000000 -0.100000
vn 0.000000 0.000000 -0.100000
vn 0.000000 0.000000 -0.100000
vn 0.000000 0.000000 -0.100000
vn 0.000000 0.000000 -0.100000
vn 0.000000 0.000000 -0.100000
vn 0.000000 0.000000 -0.100000
vn 0.000000 0.000000 -0.100000
vn 0.000000 0.000000 -0.100000
vn 0.000000 0.000000 -0.100000
vn 0.000000 0.000000 -0.100000
vn 0.000000 0.000000 -0.100000
vn 0.000000 0.000000 -0.100000
vn 0.000000 0.000000 -0.100000
vn 0.000000 0.000000 -0.100000
vn 0.000000 0.000000 -0.100000
vn 0.000000 0.000000 -0.100000
vn 0.000000 0.000000 -0.100000
vn 0.000000 0.000000 -0.100000
vn 0.000000 0.000000 -0.100000
vn 0.000000 0.000000 -0.100000
vn 0.000000 0.000000 -0.100000
vn 0.000000 0.000000 -0.100000
vn 0.000000 0.000000 -0.100000
vn 0.000000 0.000000 -0.100000
vn 0.000000 0.000000 -0.100000
vn 0.000000 0.000000 -0.100000
vn 0.000000 0.000000 -0.100000
vn 0.000000 0.000000 -0.100000
vn 0.000000 0.000000 -0.100000
vn 0.000000 0.000000 -0.100000
vn 0.000000 0.000000 -0.100000
vn 0.000000 0.000000 -0.100000
vn 0.000000 0.000000 -0.100000
vn 0.000000 0.000000 -0.100000
vn 0.000000 0.000000 -0.100000
vn 0.000000 0.000000 -0.100000
vn 0.000000 0.000000 -0.100000
vn 0.000000 0.000000 -0.100000
vn 0.000000 0.000000 -0.100000
vn 0.000000 0.000000 -0.100000
vn 0.000000 0.000000 -0.100000
vn 0.000000 0.000000 -0.100000
vn 0.000000 0.000000 -0.100000
vn 0.000000 0.000000 -0.100000
vn 0.000000 0.000000 -0.100000
vn 0.000000 0.000000 -0.100000
vn 0.000000 0.000000 -0.100000
vn 0.000000 0.000000 -0.100000
vn 0.000000 0.000000 -0.100000
vn 0.000000 0.000000 -0.100000
vn 0.000000 0.000000 -0.100000
vn 0.000000 0.000000 -0.100000
vn 0.000000 0.000000 -0.100000
vn 0.000000 0.000000 -0.100000
vn 0.000000 0.000000 -0.100000
vn 0.000000 0.000000 -0.100000
vn 0.000000 0.000000 -0.100000
vn 0.000000 0.000000 -0.100000
vn 0.000000 0.000000 -0.100000
vn 0.000000 0.000000 -0.100000
vn 0.000000 0.000000 -0.100000
vn 0.000000 0.000000 -0.100000
vn 0.000000 0.000000 -0.100000
vn 0.000000 0.000000 -0.100000
vn 0.000000 0.000000 -0.100000
vn 0.000000 0.000000 -0.100000
vn 0.000000 0.000000 -0.100000
vn 0.000000 0.000000 -0.100000
vn 0.000000 0.000000 -0.100000
vn 0.000000 0.000000 -0.100000
vn 0.000000 0.000000 -0.100000
vn 0.000000 0.000000 -0.100000
vn 0.000000 0.000000 -0.100000
vn 0.000000 0.000000 -0.100000
vn 0.000000 0.000000 -0.100000
vn 0.000000 0.000000 -0.100000
vn 0.000000 0.000000 -0.100000
vn 0.000000 0.000000 -0.100000
vn 0.000000 0.000000 -0.100000
vn 0.000000 0.000000 -0.100000
vn 0.000000 0.000000 -0.100000
vn 0.000000 0.000000 -0.100000
vn 0.000000 0.000000 -0.100000
vn 0.000000 0.000000 -0.100000
vn 0.000000 0.000000 -0.100000
vn 0.000000 0.000000 -0.100000
vn 0.000000 0.000000 -0.100000
vn 0.000000 0.000000 -0.100000
vn 0.000000 0.000000 -0.100000
vn 0.000000 0.000000 -0.100000
vn 0.000000 0.000000 -0.100000
vn 0.000000 0.000000 -0.100000
vn 0.000000 0.000000 -0.100000
vn 0.000000 0.000000 -0.100000
vn 0.000000 0.000000 -0.100000
vn 0.000000 0.000000 -0.100000
vn 0.000000 0.000000 -0.100000
vn 0.000000 0.000000 -0.100000
vn 0.000000 0.000000 -0.100000
vn 0.000000 0.000000 -0.100000
vn 0.000000 0.000000 -0.100000
vn 0.000000 0.000000 -0.100000
vn 0.000000 0.000000 -0.100000
vn 0.000000 0.000000 -0.100000
vn 0.000000 0.000000 -0.100000
vn 0.000000 0.000000 -0.100000
vn 0.000000 0.000000 -0.100000
vn 0.000000 0.000000 -0.100000
vn 0.000000 0.000000 -0.100000
vn 0.000000 0.000000 -0.100000
vn 0.000000 0.000000 -0.100000
vn 0.000000 0.000000 -0.100000
vn 0.000000 0.000000 -0.100000
vn 0.000000 0.000000 -0.100000
vn 0.000000 0.000000 -0.100000
vn 0.000000 0.000000 -0.100000
vn 0.000000 0.000000 -0.100000
vn 0.000000 0.000000 -0.100000
vn 0.000000 0.000000 -0.100000
vn 0.000000 0.000000 -0.100000
vn 0.000000 0.000000 -0.100000
vn 0.000000 0.000000 -0.100000
vn 0.000000 0.000000 -0.100000
vn 0.000000 0.000000 -0.100000
vn 0.000000 0.000000 -0.100000
vn 0.000000 0.000000 -0.100000
vn 0.000000 0.000000 -0.100000
vn 0.000000 0.000000 -0.100000
vn 0.000000 0.000000 -0.100000
vn 0.000000 0.000000 -0.100000
vn 0.000000 0.000000 -0.100000
vn 0.000000 0.000000 -0.100000
vn 0.000000 0.000000 -0.100000
vn 0.000000 0.000000 -0.100000
vn 0.000000 0.000000 -0.100000
vn 0.000000 0.000000 -0.100000
vn 0.000000 0.000000 -0.100000
vn 0.000000 0.000000 -0.100000
vn 0.000000 0.000000 -0.100000
vn 0.000000 0.000000 -0.100000
vn 0.000000 0.000000 -0.100000
vn 0.000000 0.000000 -0.100000
vn 0.000000 0.000000 -0.100000
vn 0.000000 0.000000 -0.100000
vn 0.000000 0.000000 -0.100000
vn 0.000000 0.000000 -0.100000
vn 0.000000 0.000000 -0.100000
vn 0.000000 0.000000 -0.100000
vn 0.000000 0.000000 -0.100000
vn 0.000000 0.000000 -0.100000
vn 0.000000 0.000000 -0.100000
vn 0.000000 0.000000 -0.100000
vn 0.000000 0.000000 -0.100000
vn 0.000000 0.000000 -0.100000
vn 0.000000 0.000000 -0.100000
vn 0.000000 0.000000 -0.100000
vn 0.000000 0.000000 -0.100000
vn 0.000000 0.000000 -0.100000
vn 0.000000 0.000000 -0.100000
vn 0.000000 0.000000 -0.100000
vn 0.000000 0.000000 -0.100000
vn 0.000000 0.000000 -0.100000
vn 0.000000 0.000000 -0.100000
vn 0.000000 0.000000 -0.100000
vn 0.000000 0.000000 -0.100000
vn 0.000000 0.000000 -0.100000
vn 0.000000 0.000000 -0.100000
vn 0.000000 0.000000 -0.100000
vn 0.000000 0.000000 -0.100000
vn 0.000000 0.000000 -0.100000
vn 0.000000 0.000000 -0.100000
vn 0.000000 0.000000 -0.100000
vn 0.000000 0.000000 -0.100000
vn 0.000000 0.000000 -0.100000
vn 0.000000 0.000000 -0.100000
vn 0.000000 0.000000 -0.100000
vn 0.000000 0.000000 -0.100000
vn 0.000000 0.000000 -0.100000
vn 0.000000 0.000000 -0.100000
vn 0.000000 0.000000 -0.100000
vn 0.000000 0.000000 -0.100000
vn 0.000000 0.000000 -0.100000
vn 0.000000 0.000000 -0.100000
vn 0.000000 0.000000 -0.100000
vn 0.000000 0.000000 -0.100000
vn 0.000000 0.000000 -0.100000
vn 0.000000 0.000000 -0.100000
vn 0.000000 0.000000 -0.100000
vn 0.000000 0.000000 -0.100000
vn 0.000000 0.000000 -0.100000
vn 0.000000 0.000000 -0.100000
vn 0.000000 0.000000 -0.100000
vn 0.000000 0.000000 -0.100000
vn 0.000000 0.000000 -0.100000
vn 0.000000 0.000000 -0.100000
vn 0.000000 0.000000 -0.100000
vn 0.000000 0.000000 -0.100000
vn 0.000000 0.000000 -0.100000
vn 0.000000 0.000000 -0.100000
vn 0.000000 0.000000 -0.100000
vn 0.000000 0.000000 -0.100000
vn 0.000000 0.000000 -0.100000
vn 0.000000 0.000000 -0.100000
vn 0.000000 0.000000 -0.100000
vn 0.000000 0.000000 -0.100000
vn 0.000000 0.000000 -0.100000
vn 0.000000 0.000000 -0.100000
vn 0.000000 0.000000 -0.100000
vn 0.000000 0.000000 -0.100000
vn 0.000000 0.000000 -0.100000
vn 0.000000 0.000000 -0.100000
vn 0.000000 0.000000 -0.100000
vn 0.000000 0.000000 -0.100000
vn 0.000000 0.000000 -0.100000
vn 0.000000 0.000000 -0.100000
vn 0.000000 0.000000 -0.100000
vn 0.000000 0.000000 -0.100000
vn 0.000000 0.000000 -0.100000
vn 0.000000 0.000000 -0.100000
vn 0.000000 0.000000 -0.100000
vn 0.000000 0.000000 -0.100000
vn 0.000000 0.000000 -0.100000
vn 0.000000 0.000000 -0.100000
vn 0.000000 0.000000 -0.100000
vn 0.000000 0.000000 -0.100000
vn 0.000000 0.000000 -0.100000
vn 0.000000 0.000000 -0.100000
vn 0.000000 0.000000 -0.100000
vn 0.000000 0.000000 -0.100000
vn 0.000000 0.000000 -0.100000
vn 0.000000 0.000000 -0.100000
vn 0.000000 0.000000 -0.100000
vn 0.000000 0.000000 -0.100000
vn 0.000000 0.000000 -0.100000
vn 0.000000 0.000000 -0.100000
vn 0.000000 0.000000 -0.100000
vn 0.000000 0.000000 -0.100000
vn 0.000000 0.000000 -0.100000
vn 0.000000 0.000000 -0.100000
vn 0.000000 0.000000 -0.100000
vn 0.000000 0.000000 -0.100000
vn 0.000000 0.000000 -0.100000
vn 0.000000 0.000000 -0.100000
vn 0.000000 0.000000 -0.100000
vn 0.000000 0.000000 -0.100000
vn 0.000000 0.000000 -0.100000
vn 0.000000 0.000000 -0.100000
vn 0.000000 0.000000 -0.100000
vn 0.000000 0.000000 -0.100000
vn 0.000000 0.000000 -0.100000
vn 0.000000 0.000000 -0.100000
vn 0.000000 0.000000 -0.100000
vn 0.000000 0.000000 -0.100000
vn 0.000000 0.000000 -0.100000
vn 0.000000 0.000000 -0.100000
vn 0.000000 0.000000 -0.100000
vn 0.000000 0.000000 -0.100000
vn 0.000000 0.000000 -0.100000
vn 0.000000 0.000000 -0.100000
vn 0.000000 0.000000 -0.100000
vn 0.000000 0.000000 -0.100000
vn 0.000000 0.000000 -0.100000
vn 0.000000 0.000000 -0.100000
vn 0.000000 0.000000 -0.100000
vn 0.000000 0.000000 -0.100000
vn 0.000000 0.000000 -0.100000
usemtl 16,16,16
f 1/1/1 2/2/2 4/3/3
f 4/3/3 2/2/2 3/4/4
f 10/5/5 5/6/6 9/7/7
f 9/7/7 5/6/6 6/8/8
f 9/7/7 6/8/8 8/9/9
f 8/9/9 6/8/8 7/10/10
f 8/9/9 7/10/10 1/11/11
f 1/11/11 7/10/10 2/12/12
f 16/13/13 11/14/14 15/15/15
f 15/15/15 11/14/14 12/16/16
f 15/15/15 12/16/16 14/17/17
f 14/17/17 12/16/16 13/18/18
f 14/17/17 13/18/18 3/19/19
f 3/19/19 13/18/18 4/20/20
f 17/21/21 18/22/22 10/23/23
f 10/23/23 18/22/22 5/24/24
f 11/25/25 16/26/26 20/27/27
f 20/27/27 16/26/26 19/28/28
f 18/29/29 17/30/30 26/31/31
f 26/31/31 17/30/30 21/32/32
f 26/31/31 21/32/32 25/33/33
f 25/33/33 21/32/32 22/34/34
f 25/33/33 22/34/34 24/35/35
f 24/35/35 22/34/34 23/36/36
f 20/37/37 19/38/38 32/39/39
f 32/39/39 19/38/38 27/40/40
f 32/39/39 27/40/40 31/41/41
f 31/41/41 27/40/40 28/42/42
f 31/41/41 28/42/42 30/43/43
f 30/43/43 28/42/42 29/44/44
f 33/45/45 34/46/46 23/47/47
f 23/47/47 34/46/46 24/48/48
f 30/49/49 29/50/50 36/51/51
f 36/51/51 29/50/50 35/52/52
f 42/53/53 37/54/54 41/55/55
f 41/55/55 37/54/54 38/56/56
f 41/55/55 38/56/56 40/57/57
f 40/57/57 38/56/56 39/58/58
f 40/57/57 39/58/58 33/59/59
f 33/59/59 39/58/58 34/60/60
f 48/61/61 43/62/62 47/63/63
f 47/63/63 43/62/62 44/64/64
f 47/63/63 44/64/64 46/65/65
f 46/65/65 44/64/64 45/66/66
f 46/65/65 45/66/66 35/67/67
f 35/67/67 45/66/66 36/68/68
f 49/69/69 50/70/70 42/71/71
f 42/71/71 50/70/70 37/72/72
f 43/73/73 48/74/74 52/75/75
f 52/75/75 48/74/74 51/76/76
f 50/77/77 49/78/78 58/79/79
f 58/79/79 49/78/78 53/80/80
f 58/79/79 53/80/80 57/81/81
f 57/81/81 53/80/80 54/82/82
f 57/81/81 54/82/82 56/83/83
f 56/83/83 54/82/82 55/84/84
f 52/85/85 51/86/86 64/87/87
f 64/87/87 51/86/86 59/88/88
f 64/87/87 59/88/88 63/89/89
f 63/89/89 59/88/88 60/90/90
f 63/89/89 60/90/90 62/91/91
f 62/91/91 60/90/90 61/92/92
f 65/93/93 66/94/94 55/95/95
f 55/95/95 66/94/94 56/96/96
f 62/97/97 61/98/98 68/99/99
f 68/99/99 61/98/98 67/100/100
f 74/101/101 69/102/102 73/103/103
f 73/103/103 69/102/102 70/104/104
f 73/103/103 70/104/104 72/105/105
f 72/105/105 70/104/104 71/106/106
f 72/105/105 71/106/106 65/107/107
f 65/107/107 71/106/106 66/108/108
f 80/109/109 75/110/110 79/111/111
f 79/111/111 75/110/110 76/112/112
f 79/111/111 76/112/112 78/113/113
f 78/113/113 76/112/112 77/114/114
f 78/113/113 77/114/114 67/115/115
f 67/115/115 77/114/114 68/116/116
f 81/117/117 82/118/118 74/119/119
f 74/119/119 82/118/118 69/120/120
f 75/121/121 80/122/122 84/123/123
f 84/123/123 80/122/122 83/124/124
f 82/125/125 81/126/126 90/127/127
f 90/127/127 81/126/126 85/128/128
f 90/127/127 85/128/128 89/129/129
f 89/129/129 85/128/128 86/130/130
f 89/129/129 86/130/130 88/131/131
f 88/131/131 86/130/130 87/132/132
f 84/133/133 83/134/134 96/135/135
f 96/135/135 83/134/134 91/136/136
f 96/135/135 91/136/136 95/137/137
f 95/137/137 91/136/136 92/138/138
f 95/137/137 92/138/138 94/139/139
f 94/139/139 92/138/138 93/140/140
f 97/141/141 98/142/142 87/143/143
f 87/143/143 98/142/142 88/144/144
f 94/145/145 93/146/146 100/147/147
f 100/147/147 93/146/146 99/148/148
f 106/149/149 101/150/150 105/151/151
f 105/151/151 101/150/150 102/152/152
f 105/151/151 102/152/152 104/153/153
f 104/153/153 102/152/152 103/154/154
f 104/153/153 103/154/154 97/155/155
f 97/155/155 103/154/154 98/156/156
f 112/157/157 107/158/158 111/159/159
f 111/159/159 107/158/158 108/160/160
f 111/159/159 108/160/160 110/161/161
f 110/161/161 108/160/160 109/162/162
f 110/161/161 109/162/162 99/163/163
f 99/163/163 109/162/162 100/164/164
f 113/165/165 114/166/166 106/167/167
f 106/167/167 114/166/166 101/168/168
f 107/169/169 112/170/170 116/171/171
f 116/171/171 112/170/170 115/172/172
f 114/173/173 113/174/174 122/175/175
f 122/175/175 113/174/174 117/176/176
f 122/175/175 117/176/176 121/177/177
f 121/177/177 117/176/176 118/178/178
f 121/177/177 118/178/178 120/179/179
f 120/179/179 118/178/178 119/180/180
f 116/181/181 115/182/182 128/183/183
f 128/183/183 115/182/182 123/184/184
f 128/183/183 123/184/184 127/185/185
f 127/185/185 123/184/184 124/186/186
f 127/185/185 124/186/186 126/187/187
f 126/187/187 124/186/186 125/188/188
f 129/189/189 130/190/190 119/191/191
f 119/191/191 130/190/190 120/192/192
f 126/193/193 125/194/194 132/195/195
f 132/195/195 125/194/194 131/196/196
f 138/197/197 133/198/198 137/199/199
f 137/199/199 133/198/198 134/200/200
f 137/199/199 134/200/200 136/201/201
f 136/201/201 134/200/200 135/202/202
f 136/201/201 135/202/202 129/203/203
f 129/203/203 135/202/202 130/204/204
f 144/205/205 139/206/206 143/207/207
f 143/207/207 139/206/206 140/208/208
f 143/207/207 140/208/208 142/209/209
f 142/209/209 140/208/208 141/210/210
f 142/209/209 141/210/210 131/211/211
f 131/211/211 141/210/210 132/212/212
f 145/213/213 146/214/214 138/215/215
f 138/215/215 146/214/214 133/216/216
f 139/217/217 144/218/218 148/219/219
f 148/219/219 144/218/218 147/220/220
f 146/221/221 145/222/222 154/223/223
f 154/223/223 145/222/222 149/224/224
f 154/223/223 149/224/224 153/225/225
f 153/225/225 149/224/224 150/226/226
f 153/225/225 150/226/226 152/227/227
f 152/227/227 150/226/226 151/228/228
f 148/229/229 147/230/230 160/231/231
f 160/231/231 147/230/230 155/232/232
f 160/231/231 155/232/232 159/233/233
f 159/233/233 155/232/232 156/234/234
f 159/233/233 156/234/234 158/235/235
f 158/235/235 156/234/234 157/236/236
f 161/237/237 162/238/238 151/239/239
f 151/239/239 162/238/238 152/240/240
f 158/241/241 157/242/242 164/243/243
f 164/243/243 157/242/242 163/244/244
f 170/245/245 165/246/246 169/247/247
f 169/247/247 165/246/246 166/248/248
f 169/247/247 166/248/248 168/249/249
f 168/249/249 166/248/248 167/250/250
f 168/249/249 167/250/250 161/251/251
f 161/251/251 167/250/250 162/252/252
f 176/253/253 171/254/254 175/255/255
f 175/255/255 171/254/254 172/256/256
f 175/255/255 172/256/256 173/257/257
f 164/258/258 163/259/259 173/257/257
f 173/257/257 163/259/259 174/260/260
f 173/257/257 174/260/260 175/255/255
f 177/261/261 178/262/262 170/263/263
f 170/263/263 178/262/262 165/264/264
f 171/265/265 176/266/266 180/267/267
f 180/267/267 176/266/266 179/268/268
f 178/269/269 177/270/270 186/271/271
f 186/271/271 177/270/270 181/272/272
f 186/271/271 181/272/272 185/273/273
f 185/273/273 181/272/272 182/274/274
f 185/273/273 182/274/274 184/275/275
f 184/275/275 182/274/274 183/276/276
f 180/277/277 179/278/278 192/279/279
f 192/279/279 179/278/278 187/280/280
f 192/279/279 187/280/280 191/281/281
f 191/281/281 187/280/280 188/282/282
f 191/281/281 188/282/282 190/283/283
f 190/283/283 188/282/282 189/284/284
f 193/285/285 194/286/286 183/287/287
f 183/287/287 194/286/286 184/288/288
f 190/289/289 189/290/290 196/291/291
f 196/291/291 189/290/290 195/292/292
f 202/293/293 197/294/294 201/295/295
f 201/295/295 197/294/294 198/296/296
f 201/295/295 198/296/296 200/297/297
f 200/297/297 198/296/296 199/298/298
f 200/297/297 199/298/298 193/299/299
f 193/299/299 199/298/298 194/300/300
f 208/301/301 203/302/302 207/303/303
f 207/303/303 203/302/302 204/304/304
f 207/303/303 204/304/304 206/305/305
f 206/305/305 204/304/304 205/306/306
f 206/305/305 205/306/306 195/307/307
f 195/307/307 205/306/306 196/308/308
f 209/309/309 210/310/310 202/311/311
f 202/311/311 210/310/310 197/312/312
f 203/313/313 208/314/314 212/315/315
f 212/315/315 208/314/314 211/316/316
f 210/317/317 209/318/318 218/319/319
f 218/319/319 209/318/318 213/320/320
f 218/319/319 213/320/320 217/321/321
f 217/321/321 213/320/320 214/322/322
f 217/321/321 214/322/322 216/323/323
f 216/323/323 214/322/322 215/324/324
f 212/325/325 211/326/326 224/327/327
f 224/327/327 211/326/326 219/328/328
f 224/327/327 219/328/328 223/329/329
f 223/329/329 219/328/328 220/330/330
f 223/329/329 220/330/330 222/331/331
f 222/331/331 220/330/330 221/332/332
f 225/333/333 226/334/334 215/335/335
f 215/335/335 226/334/334 216/336/336
f 222/337/337 221/338/338 228/339/339
f 228/339/339 221/338/338 227/340/340
f 234/341/341 229/342/342 233/343/343
f 233/343/343 229/342/342 230/344/344
f 233/343/343 230/344/344 232/345/345
f 232/345/345 230/344/344 231/346/346
f 232/345/345 231/346/346 225/347/347
f 225/347/347 231/346/346 226/348/348
f 240/349/349 235/350/350 239/351/351
f 239/351/351 235/350/350 236/352/352
f 239/351/351 236/352/352 238/353/353
f 238/353/353 236/352/352 237/354/354
f 238/353/353 237/354/354 227/355/355
f 227/355/355 237/354/354 228/356/356
f 241/357/357 242/358/358 234/359/359
f 234/359/359 242/358/358 229/360/360
f 235/361/361 240/362/362 244/363/363
f 244/363/363 240/362/362 243/364/364
f 242/365/365 241/366/366 250/367/367
f 250/367/367 241/366/366 245/368/368
f 250/367/367 245/368/368 249/369/369
f 249/369/369 245/368/368 246/370/370
f 249/369/369 246/370/370 248/371/371
f 248/371/371 246/370/370 247/372/372
f 244/373/373 243/374/374 256/375/375
f 256/375/375 243/374/374 251/376/376
f 256/375/375 251/376/376 255/377/377
f 255/377/377 251/376/376 252/378/378
f 255/377/377 252/378/378 254/379/379
f 254/379/379 252/378/378 253/380/380
f 257/381/381 258/382/382 247/383/383
f 247/383/383 258/382/382 248/384/384
f 254/385/385 253/386/386 260/387/387
f 260/387/387 253/386/386 259/388/388
f 266/389/389 261/390/390 265/391/391
f 265/391/391 261/390/390 262/392/392
f 265/391/391 262/392/392 264/393/393
f 264/393/393 262/392/392 263/394/394
f 264/393/393 263/394/394 257/395/395
f 257/395/395 263/394/394 258/396/396
f 272/397/397 267/398/398 271/399/399
f 271/399/399 267/398/398 268/400/400
f 271/399/399 268/400/400 270/401/401
f 270/401/401 268/400/400 269/402/402
f 270/401/401 269/402/402 259/403/403
f 259/403/403 269/402/402 260/404/404
f 273/405/405 274/406/406 266/407/407
f 266/407/407 274/406/406 261/408/408
f 267/409/409 272/410/410 276/411/411
f 276/411/411 272/410/410 275/412/412
f 274/413/413 273/414/414 282/415/415
f 282/415/415 273/414/414 277/416/416
f 282/415/415 277/416/416 281/417/417
f 281/417/417 277/416/416 278/418/418
f 281/417/417 278/418/418 280/419/419
f 280/419/419 278/418/418 279/420/420
f 276/421/421 275/422/422 288/423/423
f 288/423/423 275/422/422 283/424/424
f 288/423/423 283/424/424 287/425/425
f 287/425/425 283/424/424 284/426/426
f 287/425/425 284/426/426 286/427/427
f 286/427/427 284/426/426 285/428/428
f 289/429/429 290/430/430 279/431/431
f 279/431/431 290/430/430 280/432/432
f 286/433/433 285/434/434 292/435/435
f 292/435/435 285/434/434 291/436/436
f 298/437/437 293/438/438 297/439/439
f 297/439/439 293/438/438 294/440/440
f 297/439/439 294/440/440 296/441/441
f 296/441/441 294/440/440 295/442/442
f 296/441/441 295/442/442 289/443/443
f 289/443/443 295/442/442 290/444/444
f 304/445/445 299/446/446 303/447/447
f 303/447/447 299/446/446 300/448/448
f 303/447/447 300/448/448 302/449/449
f 302/449/449 300/448/448 301/450/450
f 302/449/449 301/450/450 291/451/451
f 291/451/451 301/450/450 292/452/452
f 305/453/453 306/454/454 298/455/455
f 298/455/455 306/454/454 293/456/456
f 299/457/457 304/458/458 308/459/459
f 308/459/459 304/458/458 307/460/460
f 306/461/461 305/462/462 314/463/463
f 314/463/463 305/462/462 309/464/464
f 314/463/463 309/464/464 313/465/465
f 313/465/465 309/464/464 310/466/466
f 313/465/465 310/466/466 312/467/467
f 312/467/467 310/466/466 311/468/468
f 308/469/469 307/470/470 320/471/471
f 320/471/471 307/470/470 315/472/472
f 320/471/471 315/472/472 319/473/473
f 319/473/473 315/472/472 316/474/474
f 319/473/473 316/474/474 318/475/475
f 318/475/475 316/474/474 317/476/476
f 321/477/477 322/478/478 311/479/479
f 311/479/479 322/478/478 312/480/480
f 318/481/481 317/482/482 324/483/483
f 324/483/483 317/482/482 323/484/484
f 330/485/485 325/486/486 329/487/487
f 329/487/487 325/486/486 326/488/488
f 329/487/487 326/488/488 328/489/489
f 328/489/489 326/488/488 327/490/490
f 328/489/489 327/490/490 321/491/491
f 321/491/491 327/490/490 322/492/492
f 336/493/493 331/494/494 335/495/495
f 335/495/495 331/494/494 332/496/496
f 335/495/495 332/496/496 334/497/497
f 334/497/497 332/496/496 333/498/498
f 334/497/497 333/498/498 323/499/499
f 323/499/499 333/498/498 324/500/500
f 337/501/501 338/502/502 330/503/503
f 330/503/503 338/502/502 325/504/504
f 331/505/505 336/506/506 340/507/507
f 340/507/507 336/506/506 339/508/508
f 338/509/509 337/510/510 346/511/511
f 346/511/511 337/510/510 341/512/512
f 346/511/511 341/512/512 345/513/513
f 345/513/513 341/512/512 342/514/514
f 345/513/513 342/514/514 344/515/515
f 344/515/515 342/514/514 343/516/516
f 340/517/517 339/518/518 352/519/519
f 352/519/519 339/518/518 347/520/520
f 352/519/519 347/520/520 351/521/521
f 351/521/521 347/520/520 348/522/522
f 351/521/521 348/522/522 350/523/523
f 350/523/523 348/522/522 349/524/524
f 353/525/525 354/526/526 343/527/527
f 343/527/527 354/526/526 344/528/528
f 350/529/529 349/530/530 356/531/531
f 356/531/531 349/530/530 355/532/532
f 362/533/533 357/534/534 361/535/535
f 361/535/535 357/534/534 358/536/536
f 361/535/535 358/536/536 360/537/537
f 360/537/537 358/536/536 359/538/538
f 360/537/537 359/538/538 353/539/539
f 353/539/539 359/538/538 354/540/540
f 368/541/541 363/542/542 367/543/543
f 367/543/543 363/542/542 364/544/544
f 367/543/543 364/544/544 366/545/545
f 366/545/545 364/544/544 365/546/546
f 366/545/545 365/546/546 355/547/547
f 355/547/547 365/546/546 356/548/548
f 369/549/549 370/550/550 362/551/551
f 362/551/551 370/550/550 357/552/552
f 363/553/553 368/554/554 372/555/555
f 372/555/555 368/554/554 371/556/556
f 370/557/557 369/558/558 378/559/559
f 378/559/559 369/558/558 373/560/560
f 378/559/559 373/560/560 377/561/561
f 377/561/561 373/560/560 374/562/562
f 377/561/561 374/562/562 375/563/563
f 375/563/563 376/564/564 377/561/561
f 372/565/565 371/566/566 384/567/567
f 384/567/567 371/566/566 379/568/568
f 384/567/567 379/568/568 383/569/569
f 383/569/569 379/568/568 380/570/570
f 383/569/569 380/570/570 382/571/571
f 382/571/571 380/570/570 381/572/572
f 385/573/573 386/574/574 375/575/575
f 375/575/575 386/574/574 376/576/576
f 382/577/577 381/578/578 388/579/579
f 388/579/579 381/578/578 387/580/580
f 394/581/581 389/582/582 393/583/583
f 393/583/583 389/582/582 390/584/584
f 393/583/583 390/584/584 392/585/585
f 392/585/585 390/584/584 391/586/586
f 392/585/585 391/586/586 385/587/587
f 385/587/587 391/586/586 386/588/588
f 400/589/589 395/590/590 399/591/591
f 399/591/591 395/590/590 396/592/592
f 399/591/591 396/592/592 398/593/593
f 398/593/593 396/592/592 397/594/594
f 398/593/593 397/594/594 387/595/595
f 387/595/595 397/594/594 388/596/596
f 401/597/597 402/598/598 394/599/599
f 394/599/599 402/598/598 389/600/600
f 395/601/601 400/602/602 404/603/603
f 404/603/603 400/602/602 403/604/604
f 402/605/605 401/606/606 410/607/607
f 410/607/607 401/606/606 405/608/608
f 410/607/607 405/608/608 409/609/609
f 409/609/609 405/608/608 406/610/610
f 409/609/609 406/610/610 408/611/611
f 408/611/611 406/610/610 407/612/612
f 404/613/613 403/614/614 416/615/615
f 416/615/615 403/614/614 411/616/616
f 416/615/615 411/616/616 415/617/617
f 415/617/617 411/616/616 412/618/618
f 415/617/617 412/618/618 414/619/619
f 414/619/619 412/618/618 413/620/620
f 417/621/621 418/622/622 407/623/623
f 407/623/623 418/622/622 408/624/624
f 414/625/625 413/626/626 420/627/627
f 420/627/627 413/626/626 419/628/628
f 426/629/629 421/630/630 425/631/631
f 425/631/631 421/630/630 422/632/632
f 425/631/631 422/632/632 424/633/633
f 424/633/633 422/632/632 423/634/634
f 424/633/633 423/634/634 417/635/635
f 417/635/635 423/634/634 418/636/636
f 432/637/637 427/638/638 431/639/639
f 431/639/639 427/638/638 428/640/640
f 431/639/639 428/640/640 430/641/641
f 430/641/641 428/640/640 429/642/642
f 430/641/641 429/642/642 419/643/643
f 419/643/643 429/642/642 420/644/644
f 433/645/645 434/646/646 426/647/647
f 426/647/647 434/646/646 421/648/648
f 427/649/649 432/650/650 436/651/651
f 436/651/651 432/650/650 435/652/652
f 434/653/653 433/654/654 442/655/655
f 442/655/655 433/654/654 437/656/656
f 442/655/655 437/656/656 441/657/657
f 441/657/657 437/656/656 438/658/658
f 441/657/657 438/658/658 440/659/659
f 440/659/659 438/658/658 439/660/660
f 436/661/661 435/662/662 448/663/663
f 448/663/663 435/662/662 443/664/664
f 448/663/663 443/664/664 447/665/665
f 447/665/665 443/664/664 444/666/666
f 447/665/665 444/666/666 446/667/667
f 446/667/667 444/666/666 445/668/668
f 449/669/669 450/670/670 439/671/671
f 439/671/671 450/670/670 440/672/672
f 446/673/673 445/674/674 452/675/675
f 452/675/675 445/674/674 451/676/676
f 458/677/677 453/678/678 457/679/679
f 457/679/679 453/678/678 454/680/680
f 457/679/679 454/680/680 456/681/681
f 456/681/681 454/680/680 455/682/682
f 456/681/681 455/682/682 449/683/683
f 449/683/683 455/682/682 450/684/684
f 464/685/685 459/686/686 463/687/687
f 463/687/687 459/686/686 460/688/688
f 463/687/687 460/688/688 462/689/689
f 462/689/689 460/688/688 461/690/690
f 462/689/689 461/690/690 451/691/691
f 451/691/691 461/690/690 452/692/692
f 465/693/693 466/694/694 458/695/695
f 458/695/695 466/694/694 453/696/696
f 459/697/697 464/698/698 468/699/699
f 468/699/699 464/698/698 467/700/700
f 466/701/701 465/702/702 474/703/703
f 474/703/703 465/702/702 469/704/704
f 474/703/703 469/704/704 473/705/705
f 473/705/705 469/704/704 470/706/706
f 473/705/705 470/706/706 472/707/707
f 472/707/707 470/706/706 471/708/708
f 468/709/709 467/710/710 480/711/711
f 480/711/711 467/710/710 475/712/712
f 480/711/711 475/712/712 479/713/713
f 479/713/713 475/712/712 476/714/714
f 479/713/713 476/714/714 478/715/715
f 478/715/715 476/714/714 477/716/716
f 481/717/717 482/718/718 471/719/719
f 471/719/719 482/718/718 472/720/720
f 478/721/721 477/722/722 484/723/723
f 484/723/723 477/722/722 483/724/724
f 490/725/725 485/726/726 489/727/727
f 489/727/727 485/726/726 486/728/728
f 489/727/727 486/728/728 488/729/729
f 488/729/729 486/728/728 487/730/730
f 488/729/729 487/730/730 481/731/731
f 481/731/731 487/730/730 482/732/732
f 496/733/733 491/734/734 495/735/735
f 495/735/735 491/734/734 492/736/736
f 495/735/735 492/736/736 494/737/737
f 494/737/737 492/736/736 493/738/738
f 494/737/737 493/738/738 483/739/739
f 483/739/739 493/738/738 484/740/740
f 497/741/741 498/742/742 490/743/743
f 490/743/743 498/742/742 485/744/744
f 491/745/745 496/746/746 500/747/747
f 500/747/747 496/746/746 499/748/748
f 498/749/749 497/750/750 506/751/751
f 506/751/751 497/750/750 501/752/752
f 506/751/751 501/752/752 505/753/753
f 505/753/753 501/752/752 502/754/754
f 505/753/753 502/754/754 504/755/755
f 504/755/755 502/754/754 503/756/756
f 500/757/757 499/758/758 512/759/759
f 512/759/759 499/758/758 507/760/760
f 512/759/759 507/760/760 511/761/761
f 511/761/761 507/760/760 508/762/762
f 511/761/761 508/762/762 510/763/763
f 510/763/763 508/762/762 509/764/764
f 513/765/765 514/766/766 503/767/767
f 503/767/767 514/766/766 504/768/768
f 510/769/769 509/770/770 516/771/771
f 516/771/771 509/770/770 515/772/772
f 522/773/773 517/774/774 521/775/775
f 521/775/775 517/774/774 518/776/776
f 521/775/775 518/776/776 520/777/777
f 520/777/777 518/776/776 519/778/778
f 520/777/777 519/778/778 513/779/779
f 513/779/779 519/778/778 514/780/780
f 528/781/781 523/782/782 527/783/783
f 527/783/783 523/782/782 524/784/784
f 527/783/783 524/784/784 526/785/785
f 526/785/785 524/784/784 525/786/786
f 526/785/785 525/786/786 515/787/787
f 515/787/787 525/786/786 516/788/788
f 529/789/789 530/790/790 522/791/791
f 522/791/791 530/790/790 517/792/792
f 523/793/793 528/794/794 532/795/795
f 532/795/795 528/794/794 531/796/796
f 530/797/797 529/798/798 538/799/799
f 538/799/799 529/798/798 533/800/800
f 538/799/799 533/800/800 537/801/801
f 537/801/801 533/800/800 534/802/802
f 537/801/801 534/802/802 536/803/803
f 536/803/803 534/802/802 535/804/804
f 532/805/805 531/806/806 544/807/807
f 544/807/807 531/806/806 539/808/808
f 544/807/807 539/808/808 543/809/809
f 543/809/809 539/808/808 540/810/810
f 543/809/809 540/810/810 542/811/811
f 542/811/811 540/810/810 541/812/812
f 545/813/813 546/814/814 535/815/815
f 535/815/815 546/814/814 536/816/816
f 542/817/817 541/818/818 548/819/819
f 548/819/819 541/818/818 547/820/820
f 554/821/821 549/822/822 553/823/823
f 553/823/823 549/822/822 550/824/824
f 553/823/823 550/824/824 552/825/825
f 552/825/825 550/824/824 551/826/826
f 552/825/825 551/826/826 545/827/827
f 545/827/827 551/826/826 546/828/828
f 560/829/829 555/830/830 559/831/831
f 559/831/831 555/830/830 556/832/832
f 559/831/831 556/832/832 558/833/833
f 558/833/833 556/832/832 557/834/834
f 558/833/833 557/834/834 547/835/835
f 547/835/835 557/834/834 548/836/836
f 561/837/837 562/838/838 554/839/839
f 554/839/839 562/838/838 549/840/840
f 555/841/841 560/842/842 564/843/843
f 564/843/843 560/842/842 563/844/844
f 562/845/845 561/846/846 570/847/847
f 570/847/847 561/846/846 565/848/848
f 570/847/847 565/848/848 569/849/849
f 569/849/849 565/848/848 566/850/850
f 569/849/849 566/850/850 568/851/851
f 568/851/851 566/850/850 567/852/852
f 564/853/853 563/854/854 576/855/855
f 576/855/855 563/854/854 571/856/856
f 576/855/855 571/856/856 575/857/857
f 575/857/857 571/856/856 572/858/858
f 575/857/857 572/858/858 574/859/859
f 574/859/859 572/858/858 573/860/860
f 577/861/861 578/862/862 567/863/863
f 567/863/863 578/862/862 568/864/864
f 574/865/865 573/866/866 580/867/867
f 580/867/867 573/866/866 579/868/868
f 586/869/869 581/870/870 585/871/871
f 585/871/871 581/870/870 582/872/872
f 585/871/871 582/872/872 584/873/873
f 584/873/873 582/872/872 583/874/874
f 584/873/873 583/874/874 577/875/875
f 577/875/875 583/874/874 578/876/876
f 592/877/877 587/878/878 591/879/879
f 591/879/879 587/878/878 588/880/880
f 591/879/879 588/880/880 590/881/881
f 590/881/881 588/880/880 589/882/882
f 590/881/881 589/882/882 579/883/883
f 579/883/883 589/882/882 580/884/884
f 593/885/885 594/886/886 586/887/887
f 586/887/887 594/886/886 581/888/888
f 587/889/889 592/890/890 596/891/891
f 596/891/891 592/890/890 595/892/892
f 594/893/893 593/894/894 602/895/895
f 602/895/895 593/894/894 597/896/896
f 602/895/895 597/896/896 601/897/897
f 601/897/897 597/896/896 598/898/898
f 601/897/897 598/898/898 600/899/899
f 600/899/899 598/898/898 599/900/900
f 596/901/901 595/902/902 608/903/903
f 608/903/903 595/902/902 603/904/904
f 608/903/903 603/904/904 607/905/905
f 607/905/905 603/904/904 604/906/906
f 607/905/905 604/906/906 606/907/907
f 606/907/907 604/906/906 605/908/908
f 609/909/909 610/910/910 599/911/911
f 599/911/911 610/910/910 600/912/912
f 606/913/913 605/914/914 612/915/915
f 612/915/915 605/914/914 611/916/916
f 618/917/917 613/918/918 617/919/919
f 617/919/919 613/918/918 614/920/920
f 617/919/919 614/920/920 616/921/921
f 616/921/921 614/920/920 615/922/922
f 616/921/921 615/922/922 609/923/923
f 609/923/923 615/922/922 610/924/924
f 624/925/925 619/926/926 623/927/927
f 623/927/927 619/926/926 620/928/928
f 623/927/927 620/928/928 622/929/929
f 622/929/929 620/928/928 621/930/930
f 622/929/929 621/930/930 611/931/931
f 611/931/931 621/930/930 612/932/932
f 625/933/933 626/934/934 618/935/935
f 618/935/935 626/934/934 613/936/936
f 619/937/937 624/938/938 628/939/939
f 628/939/939 624/938/938 627/940/940
f 626/941/941 625/942/942 634/943/943
f 634/943/943 625/942/942 629/944/944
f 634/943/943 629/944/944 633/945/945
f 633/945/945 629/944/944 630/946/946
f 633/945/945 630/946/946 632/947/947
f 632/947/947 630/946/946 631/948/948
f 628/949/949 627/950/950 640/951/951
f 640/951/951 627/950/950 635/952/952
f 640/951/951 635/952/952 639/953/953
f 639/953/953 635/952/952 636/954/954
f 639/953/953 636/954/954 638/955/955
f 638/955/955 636/954/954 637/956/956
f 641/957/957 642/958/958 631/959/959
f 631/959/959 642/958/958 632/960/960
f 638/961/961 637/962/962 644/963/963
f 644/963/963 637/962/962 643/964/964
f 650/965/965 645/966/966 649/967/967
f 649/967/967 645/966/966 646/968/968
f 649/967/967 646/968/968 648/969/969
f 648/969/969 646/968/968 647/970/970
f 648/969/969 647/970/970 641/971/971
f 641/971/971 647/970/970 642/972/972
f 656/973/973 651/974/974 655/975/975
f 655/975/975 651/974/974 652/976/976
f 655/975/975 652/976/976 654/977/977
f 654/977/977 652/976/976 653/978/978
f 654/977/977 653/978/978 643/979/979
f 643/979/979 653/978/978 644/980/980
f 657/981/981 658/982/982 650/983/983
f 650/983/983 658/982/982 645/984/984
f 651/985/985 656/986/986 660/987/987
f 660/987/987 656/986/986 659/988/988
f 658/989/989 657/990/990 666/991/991
f 666/991/991 657/990/990 661/992/992
f 666/991/991 661/992/992 665/993/993
f 665/993/993 661/992/992 662/994/994
f 665/993/993 662/994/994 664/995/995
f 664/995/995 662/994/994 663/996/996
f 660/997/997 659/998/998 672/999/999
f 672/999/999 659/998/998 667/1000/1000
f 672/999/999 667/1000/1000 671/1001/1001
f 671/1001/1001 667/1000/1000 668/1002/1002
f 671/1001/1001 668/1002/1002 670/1003/1003
f 670/1003/1003 668/1002/1002 669/1004/1004
f 673/1005/1005 674/1006/1006 663/1007/1007
f 663/1007/1007 674/1006/1006 664/1008/1008
f 670/1009/1009 669/1010/1010 676/1011/1011
f 676/1011/1011 669/1010/1010 675/1012/1012
f 682/1013/1013 677/1014/1014 681/1015/1015
f 681/1015/1015 677/1014/1014 678/1016/1016
f 681/1015/1015 678/1016/1016 680/1017/1017
f 680/1017/1017 678/1016/1016 679/1018/1018
f 680/1017/1017 679/1018/1018 673/1019/1019
f 673/1019/1019 679/1018/1018 674/1020/1020
f 688/1021/1021 683/1022/1022 687/1023/1023
f 687/1023/1023 683/1022/1022 684/1024/1024
f 687/1023/1023 684/1024/1024 686/1025/1025
f 686/1025/1025 684/1024/1024 685/1026/1026
f 686/1025/1025 685/1026/1026 675/1027/1027
f 675/1027/1027 685/1026/1026 676/1028/1028
f 689/1029/1029 690/1030/1030 682/1031/1031
f 682/1031/1031 690/1030/1030 677/1032/1032
f 683/1033/1033 688/1034/1034 692/1035/1035
f 692/1035/1035 688/1034/1034 691/1036/1036
f 690/1037/1037 689/1038/1038 698/1039/1039
f 698/1039/1039 689/1038/1038 693/1040/1040
f 698/1039/1039 693/1040/1040 697/1041/1041
f 697/1041/1041 693/1040/1040 694/1042/1042
f 697/1041/1041 694/1042/1042 696/1043/1043
f 696/1043/1043 694/1042/1042 695/1044/1044
f 692/1045/1045 691/1046/1046 704/1047/1047
f 704/1047/1047 691/1046/1046 699/1048/1048
f 704/1047/1047 699/1048/1048 703/1049/1049
f 703/1049/1049 699/1048/1048 700/1050/1050
f 703/1049/1049 700/1050/1050 702/1051/1051
f 702/1051/1051 700/1050/1050 701/1052/1052
f 705/1053/1053 706/1054/1054 695/1055/1055
f 695/1055/1055 706/1054/1054 696/1056/1056
f 702/1057/1057 701/1058/1058 708/1059/1059
f 708/1059/1059 701/1058/1058 707/1060/1060
f 714/1061/1061 709/1062/1062 713/1063/1063
f 713/1063/1063 709/1062/1062 710/1064/1064
f 713/1063/1063 710/1064/1064 712/1065/1065
f 712/1065/1065 710/1064/1064 711/1066/1066
f 712/1065/1065 711/1066/1066 705/1067/1067
f 705/1067/1067 711/1066/1066 706/1068/1068
f 720/1069/1069 715/1070/1070 719/1071/1071
f 719/1071/1071 715/1070/1070 716/1072/1072
f 719/1071/1071 716/1072/1072 718/1073/1073
f 718/1073/1073 716/1072/1072 717/1074/1074
f 718/1073/1073 717/1074/1074 707/1075/1075
f 707/1075/1075 717/1074/1074 708/1076/1076
f 721/1077/1077 722/1078/1078 714/1079/1079
f 714/1079/1079 722/1078/1078 709/1080/1080
f 715/1081/1081 720/1082/1082 724/1083/1083
f 724/1083/1083 720/1082/1082 723/1084/1084
f 722/1085/1085 721/1086/1086 730/1087/1087
f 730/1087/1087 721/1086/1086 725/1088/1088
f 730/1087/1087 725/1088/1088 729/1089/1089
f 729/1089/1089 725/1088/1088 726/1090/1090
f 729/1089/1089 726/1090/1090 728/1091/1091
f 728/1091/1091 726/1090/1090 727/1092/1092
f 724/1093/1093 723/1094/1094 736/1095/1095
f 736/1095/1095 723/1094/1094 731/1096/1096
f 736/1095/1095 731/1096/1096 735/1097/1097
f 735/1097/1097 731/1096/1096 732/1098/1098
f 735/1097/1097 732/1098/1098 734/1099/1099
f 734/1099/1099 732/1098/1098 733/1100/1100
f 737/1101/1101 738/1102/1102 727/1103/1103
f 727/1103/1103 738/1102/1102 728/1104/1104
f 734/1105/1105 733/1106/1106 740/1107/1107
f 740/1107/1107 733/1106/1106 739/1108/1108
f 746/1109/1109 741/1110/1110 745/1111/1111
f 745/1111/1111 741/1110/1110 742/1112/1112
f 745/1111/1111 742/1112/1112 744/1113/1113
f 744/1113/1113 742/1112/1112 743/1114/1114
f 744/1113/1113 743/1114/1114 737/1115/1115
f 737/1115/1115 743/1114/1114 738/1116/1116
f 752/1117/1117 747/1118/1118 751/1119/1119
f 751/1119/1119 747/1118/1118 748/1120/1120
f 751/1119/1119 748/1120/1120 750/1121/1121
f 750/1121/1121 748/1120/1120 749/1122/1122
f 750/1121/1121 749/1122/1122 739/1123/1123
f 739/1123/1123 749/1122/1122 740/1124/1124
f 753/1125/1125 754/1126/1126 746/1127/1127
f 746/1127/1127 754/1126/1126 741/1128/1128
f 747/1129/1129 752/1130/1130 756/1131/1131
f 756/1131/1131 752/1130/1130 755/1132/1132
f 754/1133/1133 753/1134/1134 762/1135/1135
f 762/1135/1135 753/1134/1134 757/1136/1136
f 762/1135/1135 757/1136/1136 761/1137/1137
f 761/1137/1137 757/1136/1136 758/1138/1138
f 761/1137/1137 758/1138/1138 760/1139/1139
f 760/1139/1139 758/1138/1138 759/1140/1140
f 756/1141/1141 755/1142/1142 768/1143/1143
f 768/1143/1143 755/1142/1142 763/1144/1144
f 768/1143/1143 763/1144/1144 767/1145/1145
f 767/1145/1145 763/1144/1144 764/1146/1146
f 767/1145/1145 764/1146/1146 766/1147/1147
f 766/1147/1147 764/1146/1146 765/1148/1148
f 769/1149/1149 770/1150/1150 759/1151/1151
f 759/1151/1151 770/1150/1150 760/1152/1152
f 766/1153/1153 765/1154/1154 772/1155/1155
f 772/1155/1155 765/1154/1154 771/1156/1156
f 778/1157/1157 773/1158/1158 777/1159/1159
f 777/1159/1159 773/1158/1158 774/1160/1160
f 777/1159/1159 774/1160/1160 776/1161/1161
f 776/1161/1161 774/1160/1160 775/1162/1162
f 776/1161/1161 775/1162/1162 769/1163/1163
f 769/1163/1163 775/1162/1162 770/1164/1164
f 784/1165/1165 779/1166/1166 783/1167/1167
f 783/1167/1167 779/1166/1166 780/1168/1168
f 783/1167/1167 780/1168/1168 782/1169/1169
f 782/1169/1169 780/1168/1168 781/1170/1170
f 782/1169/1169 781/1170/1170 771/1171/1171
f 771/1171/1171 781/1170/1170 772/1172/1172
f 785/1173/1173 786/1174/1174 778/1175/1175
f 778/1175/1175 786/1174/1174 773/1176/1176
f 779/1177/1177 784/1178/1178 788/1179/1179
f 788/1179/1179 784/1178/1178 787/1180/1180
f 786/1181/1181 785/1182/1182 794/1183/1183
f 794/1183/1183 785/1182/1182 789/1184/1184
f 794/1183/1183 789/1184/1184 793/1185/1185
f 793/1185/1185 789/1184/1184 790/1186/1186
f 793/1185/1185 790/1186/1186 792/1187/1187
f 792/1187/1187 790/1186/1186 791/1188/1188
f 788/1189/1189 787/1190/1190 800/1191/1191
f 800/1191/1191 787/1190/1190 795/1192/1192
f 800/1191/1191 795/1192/1192 796/1193/1193
f 797/1194/1194 798/1195/1195 796/1196/1193
f 796/1196/1193 798/1195/1195 799/1197/1196
f 796/1193/1193 799/1198/1196 800/1191/1191
f 801/1199/1197 802/1200/1198 791/1201/1199
f 791/1201/1199 802/1200/1198 792/1202/1200
f 798/1203/1201 797/1204/1202 804/1205/1203
f 804/1205/1203 797/1204/1202 803/1206/1204
f 810/1207/1205 805/1208/1206 809/1209/1207
f 809/1209/1207 805/1208/1206 806/1210/1208
f 809/1209/1207 806/1210/1208 807/1211/1209
f 802/1212/1210 801/1213/1211 807/1211/1209
f 807/1211/1209 801/1213/1211 808/1214/1212
f 807/1211/1209 808/1214/1212 809/1209/1207
f 816/1215/1213 811/1216/1214 815/1217/1215
f 815/1217/1215 811/1216/1214 812/1218/1216
f 815/1217/1215 812/1218/1216 814/1219/1217
f 814/1219/1217 812/1218/1216 813/1220/1218
f 814/1219/1217 813/1220/1218 803/1221/1219
f 803/1221/1219 813/1220/1218 804/1222/1220
f 817/1223/1221 818/1224/1222 810/1225/1223
f 810/1225/1223 818/1224/1222 805/1226/1224
f 811/1227/1225 816/1228/1226 820/1229/1227
f 820/1229/1227 816/1228/1226 819/1230/1228
f 818/1231/1229 817/1232/1230 826/1233/1231
f 826/1233/1231 817/1232/1230 821/1234/1232
f 826/1233/1231 821/1234/1232 825/1235/1233
f 825/1235/1233 821/1234/1232 822/1236/1234
f 825/1235/1233 822/1236/1234 824/1237/1235
f 824/1237/1235 822/1236/1234 823/1238/1236
f 820/1239/1237 819/1240/1238 832/1241/1239
f 832/1241/1239 819/1240/1238 827/1242/1240
f 832/1241/1239 827/1242/1240 831/1243/1241
f 831/1243/1241 827/1242/1240 828/1244/1242
f 831/1243/1241 828/1244/1242 830/1245/1243
f 830/1245/1243 828/1244/1242 829/1246/1244
f 833/1247/1245 834/1248/1246 823/1249/1247
f 823/1249/1247 834/1248/1246 824/1250/1248
f 830/1251/1249 829/1252/1250 836/1253/1251
f 836/1253/1251 829/1252/1250 835/1254/1252
f 842/1255/1253 837/1256/1254 841/1257/1255
f 841/1257/1255 837/1256/1254 838/1258/1256
f 841/1257/1255 838/1258/1256 840/1259/1257
f 840/1259/1257 838/1258/1256 839/1260/1258
f 840/1259/1257 839/1260/1258 833/1261/1259
f 833/1261/1259 839/1260/1258 834/1262/1260
f 848/1263/1261 843/1264/1262 847/1265/1263
f 847/1265/1263 843/1264/1262 844/1266/1264
f 847/1265/1263 844/1266/1264 846/1267/1265
f 846/1267/1265 844/1266/1264 845/1268/1266
f 846/1267/1265 845/1268/1266 835/1269/1267
f 835/1269/1267 845/1268/1266 836/1270/1268
f 849/1271/1269 850/1272/1270 842/1273/1271
f 842/1273/1271 850/1272/1270 837/1274/1272
f 843/1275/1273 848/1276/1274 852/1277/1275
f 852/1277/1275 848/1276/1274 851/1278/1276
f 850/1279/1277 849/1280/1278 858/1281/1279
f 858/1281/1279 849/1280/1278 853/1282/1280
f 858/1281/1279 853/1282/1280 857/1283/1281
f 857/1283/1281 853/1282/1280 854/1284/1282
f 857/1283/1281 854/1284/1282 856/1285/1283
f 856/1285/1283 854/1284/1282 855/1286/1284
f 852/1287/1285 851/1288/1286 864/1289/1287
f 864/1289/1287 851/1288/1286 859/1290/1288
f 864/1289/1287 859/1290/1288 863/1291/1289
f 863/1291/1289 859/1290/1288 860/1292/1290
f 863/1291/1289 860/1292/1290 862/1293/1291
f 862/1293/1291 860/1292/1290 861/1294/1292
f 865/1295/1293 866/1296/1294 855/1297/1295
f 855/1297/1295 866/1296/1294 856/1298/1296
f 862/1299/1297 861/1300/1298 868/1301/1299
f 868/1301/1299 861/1300/1298 867/1302/1300
f 874/1303/1301 869/1304/1302 873/1305/1303
f 873/1305/1303 869/1304/1302 870/1306/1304
f 873/1305/1303 870/1306/1304 872/1307/1305
f 872/1307/1305 870/1306/1304 871/1308/1306
f 872/1307/1305 871/1308/1306 865/1309/1307
f 865/1309/1307 871/1308/1306 866/1310/1308
f 880/1311/1309 875/1312/1310 879/1313/1311
f 879/1313/1311 875/1312/1310 876/1314/1312
f 879/1313/1311 876/1314/1312 878/1315/1313
f 878/1315/1313 876/1314/1312 877/1316/1314
f 878/1315/1313 877/1316/1314 867/1317/1315
f 867/1317/1315 877/1316/1314 868/1318/1316
f 881/1319/1317 882/1320/1318 874/1321/1319
f 874/1321/1319 882/1320/1318 869/1322/1320
f 875/1323/1321 880/1324/1322 884/1325/1323
f 884/1325/1323 880/1324/1322 883/1326/1324
f 882/1327/1325 881/1328/1326 890/1329/1327
f 890/1329/1327 881/1328/1326 885/1330/1328
f 890/1329/1327 885/1330/1328 889/1331/1329
f 889/1331/1329 885/1330/1328 886/1332/1330
f 889/1331/1329 886/1332/1330 888/1333/1331
f 888/1333/1331 886/1332/1330 887/1334/1332
f 884/1335/1333 883/1336/1334 896/1337/1335
f 896/1337/1335 883/1336/1334 891/1338/1336
f 896/1337/1335 891/1338/1336 895/1339/1337
f 895/1339/1337 891/1338/1336 892/1340/1338
f 895/1339/1337 892/1340/1338 894/1341/1339
f 894/1341/1339 892/1340/1338 893/1342/1340
f 897/1343/1341 898/1344/1342 887/1345/1343
f 887/1345/1343 898/1344/1342 888/1346/1344
f 894/1347/1345 893/1348/1346 900/1349/1347
f 900/1349/1347 893/1348/1346 899/1350/1348
f 906/1351/1349 901/1352/1350 905/1353/1351
f 905/1353/1351 901/1352/1350 902/1354/1352
f 905/1353/1351 902/1354/1352 904/1355/1353
f 904/1355/1353 902/1354/1352 903/1356/1354
f 904/1355/1353 903/1356/1354 897/1357/1355
f 897/1357/1355 903/1356/1354 898/1358/1356
f 912/1359/1357 907/1360/1358 911/1361/1359
f 911/1361/1359 907/1360/1358 908/1362/1360
f 911/1361/1359 908/1362/1360 910/1363/1361
f 910/1363/1361 908/1362/1360 909/1364/1362
f 910/1363/1361 909/1364/1362 899/1365/1363
f 899/1365/1363 909/1364/1362 900/1366/1364
f 913/1367/1365 914/1368/1366 906/1369/1367
f 906/1369/1367 914/1368/1366 901/1370/1368
f 907/1371/1369 912/1372/1370 916/1373/1371
f 916/1373/1371 912/1372/1370 915/1374/1372
f 914/1375/1373 913/1376/1374 922/1377/1375
f 922/1377/1375 913/1376/1374 917/1378/1376
f 922/1377/1375 917/1378/1376 921/1379/1377
f 921/1379/1377 917/1378/1376 918/1380/1378
f 921/1379/1377 918/1380/1378 920/1381/1379
f 920/1381/1379 918/1380/1378 919/1382/1380
f 916/1383/1381 915/1384/1382 928/1385/1383
f 928/1385/1383 915/1384/1382 923/1386/1384
f 928/1385/1383 923/1386/1384 927/1387/1385
f 927/1387/1385 923/1386/1384 924/1388/1386
f 927/1387/1385 924/1388/1386 926/1389/1387
f 926/1389/1387 924/1388/1386 925/1390/1388
f 929/1391/1389 930/1392/1390 919/1393/1391
f 919/1393/1391 930/1392/1390 920/1394/1392
f 926/1395/1393 925/1396/1394 932/1397/1395
f 932/1397/1395 925/1396/1394 931/1398/1396
f 938/1399/1397 933/1400/1398 937/1401/1399
f 937/1401/1399 933/1400/1398 934/1402/1400
f 937/1401/1399 934/1402/1400 936/1403/1401
f 936/1403/1401 934/1402/1400 935/1404/1402
f 936/1403/1401 935/1404/1402 929/1405/1403
f 929/1405/1403 935/1404/1402 930/1406/1404
f 944/1407/1405 939/1408/1406 943/1409/1407
f 943/1409/1407 939/1408/1406 940/1410/1408
f 943/1409/1407 940/1410/1408 942/1411/1409
f 942/1411/1409 940/1410/1408 941/1412/1410
f 942/1411/1409 941/1412/1410 931/1413/1411
f 931/1413/1411 941/1412/1410 932/1414/1412
f 945/1415/1413 946/1416/1414 938/1417/1415
f 938/1417/1415 946/1416/1414 933/1418/1416
f 939/1419/1417 944/1420/1418 948/1421/1419
f 948/1421/1419 944/1420/1418 947/1422/1420
f 946/1423/1421 945/1424/1422 954/1425/1423
f 954/1425/1423 945/1424/1422 949/1426/1424
f 954/1425/1423 949/1426/1424 953/1427/1425
f 953/1427/1425 949/1426/1424 950/1428/1426
f 953/1427/1425 950/1428/1426 952/1429/1427
f 952/1429/1427 950/1428/1426 951/1430/1428
f 948/1431/1429 947/1432/1430 960/1433/1431
f 960/1433/1431 947/1432/1430 955/1434/1432
f 960/1433/1431 955/1434/1432 959/1435/1433
f 959/1435/1433 955/1434/1432 956/1436/1434
f 959/1435/1433 956/1436/1434 958/1437/1435
f 958/1437/1435 956/1436/1434 957/1438/1436
f 961/1439/1437 962/1440/1438 951/1441/1439
f 951/1441/1439 962/1440/1438 952/1442/1440
f 958/1443/1441 957/1444/1442 964/1445/1443
f 964/1445/1443 957/1444/1442 963/1446/1444
f 970/1447/1445 965/1448/1446 969/1449/1447
f 969/1449/1447 965/1448/1446 966/1450/1448
f 969/1449/1447 966/1450/1448 968/1451/1449
f 968/1451/1449 966/1450/1448 967/1452/1450
f 968/1451/1449 967/1452/1450 961/1453/1451
f 961/1453/1451 967/1452/1450 962/1454/1452
f 976/1455/1453 971/1456/1454 975/1457/1455
f 975/1457/1455 971/1456/1454 972/1458/1456
f 975/1457/1455 972/1458/1456 974/1459/1457
f 974/1459/1457 972/1458/1456 973/1460/1458
f 974/1459/1457 973/1460/1458 963/1461/1459
f 963/1461/1459 973/1460/1458 964/1462/1460
f 977/1463/1461 978/1464/1462 970/1465/1463
f 970/1465/1463 978/1464/1462 965/1466/1464
f 971/1467/1465 976/1468/1466 980/1469/1467
f 980/1469/1467 976/1468/1466 979/1470/1468
f 978/1471/1469 977/1472/1470 986/1473/1471
f 986/1473/1471 977/1472/1470 981/1474/1472
f 986/1473/1471 981/1474/1472 985/1475/1473
f 985/1475/1473 981/1474/1472 982/1476/1474
f 985/1475/1473 982/1476/1474 984/1477/1475
f 984/1477/1475 982/1476/1474 983/1478/1476
f 980/1479/1477 979/1480/1478 992/1481/1479
f 992/1481/1479 979/1480/1478 987/1482/1480
f 992/1481/1479 987/1482/1480 991/1483/1481
f 991/1483/1481 987/1482/1480 988/1484/1482
f 991/1483/1481 988/1484/1482 990/1485/1483
f 990/1485/1483 988/1484/1482 989/1486/1484
f 993/1487/1485 994/1488/1486 983/1489/1487
f 983/1489/1487 994/1488/1486 984/1490/1488
f 990/1491/1489 989/1492/1490 996/1493/1491
f 996/1493/1491 989/1492/1490 995/1494/1492
f 1002/1495/1493 997/1496/1494 1001/1497/1495
f 1001/1497/1495 997/1496/1494 998/1498/1496
f 1001/1497/1495 998/1498/1496 1000/1499/1497
f 1000/1499/1497 998/1498/1496 999/1500/1498
f 1000/1499/1497 999/1500/1498 993/1501/1499
f 993/1501/1499 999/1500/1498 994/1502/1500
f 1008/1503/1501 1003/1504/1502 1007/1505/1503
f 1007/1505/1503 1003/1504/1502 1004/1506/1504
f 1007/1505/1503 1004/1506/1504 1006/1507/1505
f 1006/1507/1505 1004/1506/1504 1005/1508/1506
f 1006/1507/1505 1005/1508/1506 995/1509/1507
f 995/1509/1507 1005/1508/1506 996/1510/1508
f 1009/1511/1509 1010/1512/1510 1002/1513/1511
f 1002/1513/1511 1010/1512/1510 997/1514/1512
f 1003/1515/1513 1008/1516/1514 1012/1517/1515
f 1012/1517/1515 1008/1516/1514 1011/1518/1516
f 1010/1519/1517 1009/1520/1518 1018/1521/1519
f 1018/1521/1519 1009/1520/1518 1013/1522/1520
f 1018/1521/1519 1013/1522/1520 1017/1523/1521
f 1017/1523/1521 1013/1522/1520 1014/1524/1522
f 1017/1523/1521 1014/1524/1522 1016/1525/1523
f 1016/1525/1523 1014/1524/1522 1015/1526/1524
f 1012/1527/1525 1011/1528/1526 1024/1529/1527
f 1024/1529/1527 1011/1528/1526 1019/1530/1528
f 1024/1529/1527 1019/1530/1528 1023/1531/1529
f 1023/1531/1529 1019/1530/1528 1020/1532/1530
f 1023/1531/1529 1020/1532/1530 1022/1533/1531
f 1022/1533/1531 1020/1532/1530 1021/1534/1532
f 1025/1535/1533 1026/1536/1534 1015/1537/1535
f 1015/1537/1535 1026/1536/1534 1016/1538/1536
f 1022/1539/1537 1021/1540/1538 1028/1541/1539
f 1028/1541/1539 1021/1540/1538 1027/1542/1540
f 1034/1543/1541 1029/1544/1542 1033/1545/1543
f 1033/1545/1543 1029/1544/1542 1030/1546/1544
f 1033/1545/1543 1030/1546/1544 1032/1547/1545
f 1032/1547/1545 1030/1546/1544 1031/1548/1546
f 1032/1547/1545 1031/1548/1546 1025/1549/1547
f 1025/1549/1547 1031/1548/1546 1026/1550/1548
f 1040/1551/1549 1035/1552/1550 1039/1553/1551
f 1039/1553/1551 1035/1552/1550 1036/1554/1552
f 1039/1553/1551 1036/1554/1552 1038/1555/1553
f 1038/1555/1553 1036/1554/1552 1037/1556/1554
f 1038/1555/1553 1037/1556/1554 1027/1557/1555
f 1027/1557/1555 1037/1556/1554 1028/1558/1556
f 1041/1559/1557 1042/1560/1558 1034/1561/1559
f 1034/1561/1559 1042/1560/1558 1029/1562/1560
f 1035/1563/1561 1040/1564/1562 1044/1565/1563
f 1044/1565/1563 1040/1564/1562 1043/1566/1564
f 1042/1567/1565 1041/1568/1566 1050/1569/1567
f 1050/1569/1567 1041/1568/1566 1045/1570/1568
f 1050/1569/1567 1045/1570/1568 1049/1571/1569
f 1049/1571/1569 1045/1570/1568 1046/1572/1570
f 1049/1571/1569 1046/1572/1570 1048/1573/1571
f 1048/1573/1571 1046/1572/1570 1047/1574/1572
f 1044/1575/1573 1043/1576/1574 1056/1577/1575
f 1056/1577/1575 1043/1576/1574 1051/1578/1576
f 1056/1577/1575 1051/1578/1576 1055/1579/1577
f 1055/1579/1577 1051/1578/1576 1052/1580/1578
f 1055/1579/1577 1052/1580/1578 1054/1581/1579
f 1054/1581/1579 1052/1580/1578 1053/1582/1580
f 1057/1583/1581 1058/1584/1582 1047/1585/1583
f 1047/1585/1583 1058/1584/1582 1048/1586/1584
f 1054/1587/1585 1053/1588/1586 1060/1589/1587
f 1060/1589/1587 1053/1588/1586 1059/1590/1588
f 1066/1591/1589 1061/1592/1590 1065/1593/1591
f 1065/1593/1591 1061/1592/1590 1062/1594/1592
f 1065/1593/1591 1062/1594/1592 1064/1595/1593
f 1064/1595/1593 1062/1594/1592 1063/1596/1594
f 1064/1595/1593 1063/1596/1594 1057/1597/1595
f 1057/1597/1595 1063/1596/1594 1058/1598/1596
f 1072/1599/1597 1067/1600/1598 1071/1601/1599
f 1071/1601/1599 1067/1600/1598 1068/1602/1600
f 1071/1601/1599 1068/1602/1600 1070/1603/1601
f 1070/1603/1601 1068/1602/1600 1069/1604/1602
f 1070/1603/1601 1069/1604/1602 1059/1605/1603
f 1059/1605/1603 1069/1604/1602 1060/1606/1604
f 1073/1607/1605 1074/1608/1606 1066/1609/1607
f 1066/1609/1607 1074/1608/1606 1061/1610/1608
f 1067/1611/1609 1072/1612/1610 1076/1613/1611
f 1076/1613/1611 1072/1612/1610 1075/1614/1612
f 1074/1615/1613 1073/1616/1614 1082/1617/1615
f 1082/1617/1615 1073/1616/1614 1077/1618/1616
f 1082/1617/1615 1077/1618/1616 1081/1619/1617
f 1081/1619/1617 1077/1618/1616 1078/1620/1618
f 1081/1619/1617 1078/1620/1618 1080/1621/1619
f 1080/1621/1619 1078/1620/1618 1079/1622/1620
f 1076/1623/1621 1075/1624/1622 1088/1625/1623
f 1088/1625/1623 1075/1624/1622 1083/1626/1624
f 1088/1625/1623 1083/1626/1624 1087/1627/1625
f 1087/1627/1625 1083/1626/1624 1084/1628/1626
f 1087/1627/1625 1084/1628/1626 1086/1629/1627
f 1086/1629/1627 1084/1628/1626 1085/1630/1628
f 1089/1631/1629 1090/1632/1630 1079/1633/1631
f 1079/1633/1631 1090/1632/1630 1080/1634/1632
f 1086/1635/1633 1085/1636/1634 1092/1637/1635
f 1092/1637/1635 1085/1636/1634 1091/1638/1636
f 1098/1639/1637 1093/1640/1638 1097/1641/1639
f 1097/1641/1639 1093/1640/1638 1094/1642/1640
f 1097/1641/1639 1094/1642/1640 1096/1643/1641
f 1096/1643/1641 1094/1642/1640 1095/1644/1642
f 1096/1643/1641 1095/1644/1642 1089/1645/1643
f 1089/1645/1643 1095/1644/1642 1090/1646/1644
f 1104/1647/1645 1099/1648/1646 1103/1649/1647
f 1103/1649/1647 1099/1648/1646 1100/1650/1648
f 1103/1649/1647 1100/1650/1648 1102/1651/1649
f 1102/1651/1649 1100/1650/1648 1101/1652/1650
f 1102/1651/1649 1101/1652/1650 1091/1653/1651
f 1091/1653/1651 1101/1652/1650 1092/1654/1652
f 1105/1655/1653 1106/1656/1654 1098/1657/1655
f 1098/1657/1655 1106/1656/1654 1093/1658/1656
f 1099/1659/1657 1104/1660/1658 1108/1661/1659
f 1108/1661/1659 1104/1660/1658 1107/1662/1660
f 1106/1663/1661 1105/1664/1662 1114/1665/1663
f 1114/1665/1663 1105/1664/1662 1109/1666/1664
f 1114/1665/1663 1109/1666/1664 1113/1667/1665
f 1113/1667/1665 1109/1666/1664 1110/1668/1666
f 1113/1667/1665 1110/1668/1666 1112/1669/1667
f 1112/1669/1667 1110/1668/1666 1111/1670/1668
f 1108/1671/1669 1107/1672/1670 1120/1673/1671
f 1120/1673/1671 1107/1672/1670 1115/1674/1672
f 1120/1673/1671 1115/1674/1672 1119/1675/1673
f 1119/1675/1673 1115/1674/1672 1116/1676/1674
f 1119/1675/1673 1116/1676/1674 1118/1677/1675
f 1118/1677/1675 1116/1676/1674 1117/1678/1676
f 1121/1679/1677 1122/1680/1678 1111/1681/1679
f 1111/1681/1679 1122/1680/1678 1112/1682/1680
f 1118/1683/1681 1117/1684/1682 1124/1685/1683
f 1124/1685/1683 1117/1684/1682 1123/1686/1684
f 1130/1687/1685 1125/1688/1686 1129/1689/1687
f 1129/1689/1687 1125/1688/1686 1126/1690/1688
f 1129/1689/1687 1126/1690/1688 1128/1691/1689
f 1128/1691/1689 1126/1690/1688 1127/1692/1690
f 1128/1691/1689 1127/1692/1690 1121/1693/1691
f 1121/1693/1691 1127/1692/1690 1122/1694/1692
f 1136/1695/1693 1131/1696/1694 1135/1697/1695
f 1135/1697/1695 1131/1696/1694 1132/1698/1696
f 1135/1697/1695 1132/1698/1696 1134/1699/1697
f 1134/1699/1697 1132/1698/1696 1133/1700/1698
f 1134/1699/1697 1133/1700/1698 1123/1701/1699
f 1123/1701/1699 1133/1700/1698 1124/1702/1700
f 1137/1703/1701 1138/1704/1702 1130/1705/1703
f 1130/1705/1703 1138/1704/1702 1125/1706/1704
f 1131/1707/1705 1136/1708/1706 1140/1709/1707
f 1140/1709/1707 1136/1708/1706 1139/1710/1708
f 1138/1711/1709 1137/1712/1710 1146/1713/1711
f 1146/1713/1711 1137/1712/1710 1141/1714/1712
f 1146/1713/1711 1141/1714/1712 1145/1715/1713
f 1145/1715/1713 1141/1714/1712 1142/1716/1714
f 1145/1715/1713 1142/1716/1714 1144/1717/1715
f 1144/1717/1715 1142/1716/1714 1143/1718/1716
f 1140/1719/1717 1139/1720/1718 1152/1721/1719
f 1152/1721/1719 1139/1720/1718 1147/1722/1720
f 1152/1721/1719 1147/1722/1720 1151/1723/1721
f 1151/1723/1721 1147/1722/1720 1148/1724/1722
f 1151/1723/1721 1148/1724/1722 1150/1725/1723
f 1150/1725/1723 1148/1724/1722 1149/1726/1724
f 1153/1727/1725 1154/1728/1726 1143/1729/1727
f 1143/1729/1727 1154/1728/1726 1144/1730/1728
f 1150/1731/1729 1149/1732/1730 1156/1733/1731
f 1156/1733/1731 1149/1732/1730 1155/1734/1732
f 1162/1735/1733 1157/1736/1734 1161/1737/1735
f 1161/1737/1735 1157/1736/1734 1158/1738/1736
f 1161/1737/1735 1158/1738/1736 1160/1739/1737
f 1160/1739/1737 1158/1738/1736 1159/1740/1738
f 1160/1739/1737 1159/1740/1738 1153/1741/1739
f 1153/1741/1739 1159/1740/1738 1154/1742/1740
f 1168/1743/1741 1163/1744/1742 1167/1745/1743
f 1167/1745/1743 1163/1744/1742 1164/1746/1744
f 1167/1745/1743 1164/1746/1744 1166/1747/1745
f 1166/1747/1745 1164/1746/1744 1165/1748/1746
f 1166/1747/1745 1165/1748/1746 1155/1749/1747
f 1155/1749/1747 1165/1748/1746 1156/1750/1748
f 1169/1751/1749 1170/1752/1750 1162/1753/1751
f 1162/1753/1751 1170/1752/1750 1157/1754/1752
f 1163/1755/1753 1168/1756/1754 1172/1757/1755
f 1172/1757/1755 1168/1756/1754 1171/1758/1756
f 1170/1759/1757 1169/1760/1758 1178/1761/1759
f 1178/1761/1759 1169/1760/1758 1173/1762/1760
f 1178/1761/1759 1173/1762/1760 1177/1763/1761
f 1177/1763/1761 1173/1762/1760 1174/1764/1762
f 1177/1763/1761 1174/1764/1762 1176/1765/1763
f 1176/1765/1763 1174/1764/1762 1175/1766/1764
f 1172/1767/1765 1171/1768/1766 1184/1769/1767
f 1184/1769/1767 1171/1768/1766 1179/1770/1768
f 1184/1769/1767 1179/1770/1768 1183/1771/1769
f 1183/1771/1769 1179/1770/1768 1180/1772/1770
f 1183/1771/1769 1180/1772/1770 1182/1773/1771
f 1182/1773/1771 1180/1772/1770 1181/1774/1772
f 1185/1775/1773 1186/1776/1774 1175/1777/1775
f 1175/1777/1775 1186/1776/1774 1176/1778/1776
f 1182/1779/1777 1181/1780/1778 1188/1781/1779
f 1188/1781/1779 1181/1780/1778 1187/1782/1780
f 1194/1783/1781 1189/1784/1782 1193/1785/1783
f 1193/1785/1783 1189/1784/1782 1190/1786/1784
f 1193/1785/1783 1190/1786/1784 1192/1787/1785
f 1192/1787/1785 1190/1786/1784 1191/1788/1786
f 1192/1787/1785 1191/1788/1786 1185/1789/1787
f 1185/1789/1787 1191/1788/1786 1186/1790/1788
f 1200/1791/1789 1195/1792/1790 1199/1793/1791
f 1199/1793/1791 1195/1792/1790 1196/1794/1792
f 1199/1793/1791 1196/1794/1792 1198/1795/1793
f 1198/1795/1793 1196/1794/1792 1197/1796/1794
f 1198/1795/1793 1197/1796/1794 1187/1797/1795
f 1187/1797/1795 1197/1796/1794 1188/1798/1796
f 1201/1799/1797 1202/1800/1798 1194/1801/1799
f 1194/1801/1799 1202/1800/1798 1189/1802/1800
f 1195/1803/1801 1200/1804/1802 1204/1805/1803
f 1204/1805/1803 1200/1804/1802 1203/1806/1804
f 1202/1807/1805 1201/1808/1806 1210/1809/1807
f 1210/1809/1807 1201/1808/1806 1205/1810/1808
f 1210/1809/1807 1205/1810/1808 1209/1811/1809
f 1209/1811/1809 1205/1810/1808 1206/1812/1810
f 1209/1811/1809 1206/1812/1810 1208/1813/1811
f 1208/1813/1811 1206/1812/1810 1207/1814/1812
f 1204/1815/1813 1203/1816/1814 1216/1817/1815
f 1216/1817/1815 1203/1816/1814 1211/1818/1816
f 1216/1817/1815 1211/1818/1816 1215/1819/1817
f 1215/1819/1817 1211/1818/1816 1212/1820/1818
f 1215/1819/1817 1212/1820/1818 1214/1821/1819
f 1214/1821/1819 1212/1820/1818 1213/1822/1820
f 1217/1823/1821 1218/1824/1822 1207/1825/1823
f 1207/1825/1823 1218/1824/1822 1208/1826/1824
f 1214/1827/1825 1213/1828/1826 1220/1829/1827
f 1220/1829/1827 1213/1828/1826 1219/1830/1828
f 1226/1831/1829 1221/1832/1830 1225/1833/1831
f 1225/1833/1831 1221/1832/1830 1222/1834/1832
f 1225/1833/1831 1222/1834/1832 1224/1835/1833
f 1224/1835/1833 1222/1834/1832 1223/1836/1834
f 1224/1835/1833 1223/1836/1834 1217/1837/1835
f 1217/1837/1835 1223/1836/1834 1218/1838/1836
f 1232/1839/1837 1227/1840/1838 1231/1841/1839
f 1231/1841/1839 1227/1840/1838 1228/1842/1840
f 1231/1841/1839 1228/1842/1840 1230/1843/1841
f 1230/1843/1841 1228/1842/1840 1229/1844/1842
f 1230/1843/1841 1229/1844/1842 1219/1845/1843
f 1219/1845/1843 1229/1844/1842 1220/1846/1844
f 1233/1847/1845 1234/1848/1846 1226/1849/1847
f 1226/1849/1847 1234/1848/1846 1221/1850/1848
f 1227/1851/1849 1232/1852/1850 1236/1853/1851
f 1236/1853/1851 1232/1852/1850 1235/1854/1852
f 1233/1855/1853 1237/1856/1854 1234/1857/1855
f 1234/1857/1855 1237/1856/1854 1242/1858/1856
f 1242/1858/1856 1237/1856/1854 1241/1859/1857
f 1241/1859/1857 1237/1856/1854 1238/1860/1858
f 1241/1859/1857 1238/1860/1858 1240/1861/1859
f 1240/1861/1859 1238/1860/1858 1239/1862/1860
f 1236/1863/1861 1235/1864/1862 1248/1865/1863
f 1248/1865/1863 1235/1864/1862 1243/1866/1864
f 1248/1865/1863 1243/1866/1864 1247/1867/1865
f 1247/1867/1865 1243/1866/1864 1244/1868/1866
f 1247/1867/1865 1244/1868/1866 1246/1869/1867
f 1246/1869/1867 1244/1868/1866 1245/1870/1868
f 1249/1871/1869 1250/1872/1870 1239/1873/1871
f 1239/1873/1871 1250/1872/1870 1240/1874/1872
f 1246/1875/1873 1245/1876/1874 1252/1877/1875
f 1252/1877/1875 1245/1876/1874 1251/1878/1876
f 1258/1879/1877 1253/1880/1878 1257/1881/1879
f 1257/1881/1879 1253/1880/1878 1254/1882/1880
f 1257/1881/1879 1254/1882/1880 1256/1883/1881
f 1256/1883/1881 1254/1882/1880 1255/1884/1882
f 1256/1883/1881 1255/1884/1882 1249/1885/1883
f 1249/1885/1883 1255/1884/1882 1250/1886/1884
f 1264/1887/1885 1259/1888/1886 1263/1889/1887
f 1263/1889/1887 1259/1888/1886 1260/1890/1888
f 1263/1889/1887 1260/1890/1888 1262/1891/1889
f 1262/1891/1889 1260/1890/1888 1261/1892/1890
f 1262/1891/1889 1261/1892/1890 1251/1893/1891
f 1251/1893/1891 1261/1892/1890 1252/1894/1892
f 1265/1895/1893 1266/1896/1894 1258/1897/1895
f 1258/1897/1895 1266/1896/1894 1253/1898/1896
f 1259/1899/1897 1264/1900/1898 1268/1901/1899
f 1268/1901/1899 1264/1900/1898 1267/1902/1900
f 1266/1903/1901 1265/1904/1902 1274/1905/1903
f 1274/1905/1903 1265/1904/1902 1269/1906/1904
f 1274/1905/1903 1269/1906/1904 1273/1907/1905
f 1273/1907/1905 1269/1906/1904 1270/1908/1906
f 1273/1907/1905 1270/1908/1906 1272/1909/1907
f 1272/1909/1907 1270/1908/1906 1271/1910/1908
f 1268/1911/1909 1267/1912/1910 1280/1913/1911
f 1280/1913/1911 1267/1912/1910 1275/1914/1912
f 1280/1913/1911 1275/1914/1912 1279/1915/1913
f 1279/1915/1913 1275/1914/1912 1276/1916/1914
f 1279/1915/1913 1276/1916/1914 1278/1917/1915
f 1278/1917/1915 1276/1916/1914 1277/1918/1916
f 1281/1919/1917 1282/1920/1918 1271/1921/1919
f 1271/1921/1919 1282/1920/1918 1272/1922/1920
f 1278/1923/1921 1277/1924/1922 1284/1925/1923
f 1284/1925/1923 1277/1924/1922 1283/1926/1924
f 1290/1927/1925 1285/1928/1926 1289/1929/1927
f 1289/1929/1927 1285/1928/1926 1286/1930/1928
f 1289/1929/1927 1286/1930/1928 1288/1931/1929
f 1288/1931/1929 1286/1930/1928 1287/1932/1930
f 1288/1931/1929 1287/1932/1930 1281/1933/1931
f 1281/1933/1931 1287/1932/1930 1282/1934/1932
f 1296/1935/1933 1291/1936/1934 1295/1937/1935
f 1295/1937/1935 1291/1936/1934 1292/1938/1936
f 1295/1937/1935 1292/1938/1936 1294/1939/1937
f 1294/1939/1937 1292/1938/1936 1293/1940/1938
f 1294/1939/1937 1293/1940/1938 1283/1941/1939
f 1283/1941/1939 1293/1940/1938 1284/1942/1940
f 1297/1943/1941 1298/1944/1942 1290/1945/1943
f 1290/1945/1943 1298/1944/1942 1285/1946/1944
f 1291/1947/1945 1296/1948/1946 1300/1949/1947
f 1300/1949/1947 1296/1948/1946 1299/1950/1948
f 1298/1951/1949 1297/1952/1950 1306/1953/1951
f 1306/1953/1951 1297/1952/1950 1301/1954/1952
f 1306/1953/1951 1301/1954/1952 1305/1955/1953
f 1305/1955/1953 1301/1954/1952 1302/1956/1954
f 1305/1955/1953 1302/1956/1954 1304/1957/1955
f 1304/1957/1955 1302/1956/1954 1303/1958/1956
f 1300/1959/1957 1299/1960/1958 1312/1961/1959
f 1312/1961/1959 1299/1960/1958 1307/1962/1960
f 1312/1961/1959 1307/1962/1960 1311/1963/1961
f 1311/1963/1961 1307/1962/1960 1308/1964/1962
f 1311/1963/1961 1308/1964/1962 1310/1965/1963
f 1310/1965/1963 1308/1964/1962 1309/1966/1964
f 1313/1967/1965 1314/1968/1966 1303/1969/1967
f 1303/1969/1967 1314/1968/1966 1304/1970/1968
f 1310/1971/1969 1309/1972/1970 1316/1973/1971
f 1316/1973/1971 1309/1972/1970 1315/1974/1972
f 1322/1975/1973 1317/1976/1974 1321/1977/1975
f 1321/1977/1975 1317/1976/1974 1318/1978/1976
f 1321/1977/1975 1318/1978/1976 1320/1979/1977
f 1320/1979/1977 1318/1978/1976 1319/1980/1978
f 1320/1979/1977 1319/1980/1978 1313/1981/1979
f 1313/1981/1979 1319/1980/1978 1314/1982/1980
f 1328/1983/1981 1323/1984/1982 1327/1985/1983
f 1327/1985/1983 1323/1984/1982 1324/1986/1984
f 1327/1985/1983 1324/1986/1984 1326/1987/1985
f 1326/1987/1985 1324/1986/1984 1325/1988/1986
f 1326/1987/1985 1325/1988/1986 1315/1989/1987
f 1315/1989/1987 1325/1988/1986 1316/1990/1988
f 1329/1991/1989 1330/1992/1990 1322/1993/1991
f 1322/1993/1991 1330/1992/1990 1317/1994/1992
f 1323/1995/1993 1328/1996/1994 1332/1997/1995
f 1332/1997/1995 1328/1996/1994 1331/1998/1996
f 1330/1999/1997 1329/2000/1998 1338/2001/1999
f 1338/2001/1999 1329/2000/1998 1333/2002/2000
f 1338/2001/1999 1333/2002/2000 1337/2003/2001
f 1337/2003/2001 1333/2002/2000 1334/2004/2002
f 1337/2003/2001 1334/2004/2002 1336/2005/2003
f 1336/2005/2003 1334/2004/2002 1335/2006/2004
f 1332/2007/2005 1331/2008/2006 1344/2009/2007
f 1344/2009/2007 1331/2008/2006 1339/2010/2008
f 1344/2009/2007 1339/2010/2008 1343/2011/2009
f 1343/2011/2009 1339/2010/2008 1340/2012/2010
f 1343/2011/2009 1340/2012/2010 1342/2013/2011
f 1342/2013/2011 1340/2012/2010 1341/2014/2012
f 1345/2015/2013 1346/2016/2014 1335/2017/2015
f 1335/2017/2015 1346/2016/2014 1336/2018/2016
f 1342/2019/2017 1341/2020/2018 1348/2021/2019
f 1348/2021/2019 1341/2020/2018 1347/2022/2020
f 1354/2023/2021 1349/2024/2022 1353/2025/2023
f 1353/2025/2023 1349/2024/2022 1350/2026/2024
f 1353/2025/2023 1350/2026/2024 1352/2027/2025
f 1352/2027/2025 1350/2026/2024 1351/2028/2026
f 1352/2027/2025 1351/2028/2026 1345/2029/2027
f 1345/2029/2027 1351/2028/2026 1346/2030/2028
f 1360/2031/2029 1355/2032/2030 1359/2033/2031
f 1359/2033/2031 1355/2032/2030 1356/2034/2032
f 1359/2033/2031 1356/2034/2032 1358/2035/2033
f 1358/2035/2033 1356/2034/2032 1357/2036/2034
f 1358/2035/2033 1357/2036/2034 1347/2037/2035
f 1347/2037/2035 1357/2036/2034 1348/2038/2036
f 1361/2039/2037 1362/2040/2038 1354/2041/2039
f 1354/2041/2039 1362/2040/2038 1349/2042/2040
f 1355/2043/2041 1360/2044/2042 1364/2045/2043
f 1364/2045/2043 1360/2044/2042 1363/2046/2044
f 1362/2047/2045 1361/2048/2046 1370/2049/2047
f 1370/2049/2047 1361/2048/2046 1365/2050/2048
f 1370/2049/2047 1365/2050/2048 1369/2051/2049
f 1369/2051/2049 1365/2050/2048 1366/2052/2050
f 1369/2051/2049 1366/2052/2050 1368/2053/2051
f 1368/2053/2051 1366/2052/2050 1367/2054/2052
f 1364/2055/2053 1363/2056/2054 1376/2057/2055
f 1376/2057/2055 1363/2056/2054 1371/2058/2056
f 1376/2057/2055 1371/2058/2056 1375/2059/2057
f 1375/2059/2057 1371/2058/2056 1372/2060/2058
f 1375/2059/2057 1372/2060/2058 1374/2061/2059
f 1374/2061/2059 1372/2060/2058 1373/2062/2060
f 1377/2063/2061 1378/2064/2062 1367/2065/2063
f 1367/2065/2063 1378/2064/2062 1368/2066/2064
f 1374/2067/2065 1373/2068/2066 1380/2069/2067
f 1380/2069/2067 1373/2068/2066 1379/2070/2068
f 1386/2071/2069 1381/2072/2070 1385/2073/2071
f 1385/2073/2071 1381/2072/2070 1382/2074/2072
f 1385/2073/2071 1382/2074/2072 1384/2075/2073
f 1384/2075/2073 1382/2074/2072 1383/2076/2074
f 1384/2075/2073 1383/2076/2074 1377/2077/2075
f 1377/2077/2075 1383/2076/2074 1378/2078/2076
f 1392/2079/2077 1387/2080/2078 1391/2081/2079
f 1391/2081/2079 1387/2080/2078 1388/2082/2080
f 1391/2081/2079 1388/2082/2080 1390/2083/2081
f 1390/2083/2081 1388/2082/2080 1389/2084/2082
f 1390/2083/2081 1389/2084/2082 1379/2085/2083
f 1379/2085/2083 1389/2084/2082 1380/2086/2084
f 1393/2087/2085 1394/2088/2086 1386/2089/2087
f 1386/2089/2087 1394/2088/2086 1381/2090/2088
f 1387/2091/2089 1392/2092/2090 1396/2093/2091
f 1396/2093/2091 1392/2092/2090 1395/2094/2092
f 1394/2095/2093 1393/2096/2094 1402/2097/2095
f 1402/2097/2095 1393/2096/2094 1397/2098/2096
f 1402/2097/2095 1397/2098/2096 1401/2099/2097
f 1401/2099/2097 1397/2098/2096 1398/2100/2098
f 1401/2099/2097 1398/2100/2098 1400/2101/2099
f 1400/2101/2099 1398/2100/2098 1399/2102/2100
f 1396/2103/2101 1395/2104/2102 1408/2105/2103
f 1408/2105/2103 1395/2104/2102 1403/2106/2104
f 1408/2105/2103 1403/2106/2104 1407/2107/2105
f 1407/2107/2105 1403/2106/2104 1404/2108/2106
f 1407/2107/2105 1404/2108/2106 1406/2109/2107
f 1406/2109/2107 1404/2108/2106 1405/2110/2108
f 1409/2111/2109 1410/2112/2110 1399/2113/2111
f 1399/2113/2111 1410/2112/2110 1400/2114/2112
f 1406/2115/2113 1405/2116/2114 1412/2117/2115
f 1412/2117/2115 1405/2116/2114 1411/2118/2116
f 1418/2119/2117 1413/2120/2118 1417/2121/2119
f 1417/2121/2119 1413/2120/2118 1414/2122/2120
f 1417/2121/2119 1414/2122/2120 1416/2123/2121
f 1416/2123/2121 1414/2122/2120 1415/2124/2122
f 1416/2123/2121 1415/2124/2122 1409/2125/2123
f 1409/2125/2123 1415/2124/2122 1410/2126/2124
f 1424/2127/2125 1419/2128/2126 1423/2129/2127
f 1423/2129/2127 1419/2128/2126 1420/2130/2128
f 1423/2129/2127 1420/2130/2128 1421/2131/2129
f 1412/2132/2130 1411/2133/2131 1421/2131/2129
f 1421/2131/2129 1411/2133/2131 1422/2134/2132
f 1421/2131/2129 1422/2134/2132 1423/2129/2127
f 1425/2135/2133 1426/2136/2134 1418/2137/2135
f 1418/2137/2135 1426/2136/2134 1413/2138/2136
f 1419/2139/2137 1424/2140/2138 1428/2141/2139
f 1428/2141/2139 1424/2140/2138 1427/2142/2140
f 1426/2143/2141 1425/2144/2142 1434/2145/2143
f 1434/2145/2143 1425/2144/2142 1429/2146/2144
f 1434/2145/2143 1429/2146/2144 1433/2147/2145
f 1433/2147/2145 1429/2146/2144 1430/2148/2146
f 1433/2147/2145 1430/2148/2146 1432/2149/2147
f 1432/2149/2147 1430/2148/2146 1431/2150/2148
f 1428/2151/2149 1427/2152/2150 1440/2153/2151
f 1440/2153/2151 1427/2152/2150 1435/2154/2152
f 1440/2153/2151 1435/2154/2152 1439/2155/2153
f 1439/2155/2153 1435/2154/2152 1436/2156/2154
f 1439/2155/2153 1436/2156/2154 1438/2157/2155
f 1438/2157/2155 1436/2156/2154 1437/2158/2156
f 1441/2159/2157 1442/2160/2158 1431/2161/2159
f 1431/2161/2159 1442/2160/2158 1432/2162/2160
f 1438/2163/2161 1437/2164/2162 1444/2165/2163
f 1444/2165/2163 1437/2164/2162 1443/2166/2164
f 1450/2167/2165 1445/2168/2166 1449/2169/2167
f 1449/2169/2167 1445/2168/2166 1446/2170/2168
f 1449/2169/2167 1446/2170/2168 1448/2171/2169
f 1448/2171/2169 1446/2170/2168 1447/2172/2170
f 1448/2171/2169 1447/2172/2170 1441/2173/2171
f 1441/2173/2171 1447/2172/2170 1442/2174/2172
f 1456/2175/2173 1451/2176/2174 1455/2177/2175
f 1455/2177/2175 1451/2176/2174 1452/2178/2176
f 1455/2177/2175 1452/2178/2176 1454/2179/2177
f 1454/2179/2177 1452/2178/2176 1453/2180/2178
f 1454/2179/2177 1453/2180/2178 1443/2181/2179
f 1443/2181/2179 1453/2180/2178 1444/2182/2180
f 1457/2183/2181 1458/2184/2182 1450/2185/2183
f 1450/2185/2183 1458/2184/2182 1445/2186/2184
f 1451/2187/2185 1456/2188/2186 1460/2189/2187
f 1460/2189/2187 1456/2188/2186 1459/2190/2188
f 1458/2191/2189 1457/2192/2190 1466/2193/2191
f 1466/2193/2191 1457/2192/2190 1461/2194/2192
f 1466/2193/2191 1461/2194/2192 1465/2195/2193
f 1465/2195/2193 1461/2194/2192 1462/2196/2194
f 1465/2195/2193 1462/2196/2194 1464/2197/2195
f 1464/2197/2195 1462/2196/2194 1463/2198/2196
f 1460/2199/2197 1459/2200/2198 1472/2201/2199
f 1472/2201/2199 1459/2200/2198 1467/2202/2200
f 1472/2201/2199 1467/2202/2200 1471/2203/2201
f 1471/2203/2201 1467/2202/2200 1468/2204/2202
f 1471/2203/2201 1468/2204/2202 1470/2205/2203
f 1470/2205/2203 1468/2204/2202 1469/2206/2204
f 1473/2207/2205 1474/2208/2206 1463/2209/2207
f 1463/2209/2207 1474/2208/2206 1464/2210/2208
f 1470/2211/2209 1469/2212/2210 1476/2213/2211
f 1476/2213/2211 1469/2212/2210 1475/2214/2212
f 1482/2215/2213 1477/2216/2214 1481/2217/2215
f 1481/2217/2215 1477/2216/2214 1478/2218/2216
f 1481/2217/2215 1478/2218/2216 1480/2219/2217
f 1480/2219/2217 1478/2218/2216 1479/2220/2218
f 1480/2219/2217 1479/2220/2218 1473/2221/2219
f 1473/2221/2219 1479/2220/2218 1474/2222/2220
f 1488/2223/2221 1483/2224/2222 1487/2225/2223
f 1487/2225/2223 1483/2224/2222 1484/2226/2224
f 1487/2225/2223 1484/2226/2224 1486/2227/2225
f 1486/2227/2225 1484/2226/2224 1485/2228/2226
f 1486/2227/2225 1485/2228/2226 1475/2229/2227
f 1475/2229/2227 1485/2228/2226 1476/2230/2228
f 1489/2231/2229 1490/2232/2230 1482/2233/2231
f 1482/2233/2231 1490/2232/2230 1477/2234/2232
f 1483/2235/2233 1488/2236/2234 1492/2237/2235
f 1492/2237/2235 1488/2236/2234 1491/2238/2236
f 1490/2239/2237 1489/2240/2238 1498/2241/2239
f 1498/2241/2239 1489/2240/2238 1493/2242/2240
f 1498/2241/2239 1493/2242/2240 1497/2243/2241
f 1497/2243/2241 1493/2242/2240 1494/2244/2242
f 1497/2243/2241 1494/2244/2242 1496/2245/2243
f 1496/2245/2243 1494/2244/2242 1495/2246/2244
f 1492/2247/2245 1491/2248/2246 1504/2249/2247
f 1504/2249/2247 1491/2248/2246 1499/2250/2248
f 1504/2249/2247 1499/2250/2248 1503/2251/2249
f 1503/2251/2249 1499/2250/2248 1500/2252/2250
f 1503/2251/2249 1500/2252/2250 1502/2253/2251
f 1502/2253/2251 1500/2252/2250 1501/2254/2252
f 1505/2255/2253 1506/2256/2254 1495/2257/2255
f 1495/2257/2255 1506/2256/2254 1496/2258/2256
f 1502/2259/2257 1501/2260/2258 1508/2261/2259
f 1508/2261/2259 1501/2260/2258 1507/2262/2260
f 1514/2263/2261 1509/2264/2262 1513/2265/2263
f 1513/2265/2263 1509/2264/2262 1510/2266/2264
f 1513/2265/2263 1510/2266/2264 1512/2267/2265
f 1512/2267/2265 1510/2266/2264 1511/2268/2266
f 1512/2267/2265 1511/2268/2266 1505/2269/2267
f 1505/2269/2267 1511/2268/2266 1506/2270/2268
f 1520/2271/2269 1515/2272/2270 1519/2273/2271
f 1519/2273/2271 1515/2272/2270 1516/2274/2272
f 1519/2273/2271 1516/2274/2272 1518/2275/2273
f 1518/2275/2273 1516/2274/2272 1517/2276/2274
f 1518/2275/2273 1517/2276/2274 1507/2277/2275
f 1507/2277/2275 1517/2276/2274 1508/2278/2276
f 1521/2279/2277 1522/2280/2278 1514/2281/2279
f 1514/2281/2279 1522/2280/2278 1509/2282/2280
f 1515/2283/2281 1520/2284/2282 1524/2285/2283
f 1524/2285/2283 1520/2284/2282 1523/2286/2284
f 1522/2287/2285 1521/2288/2286 1530/2289/2287
f 1530/2289/2287 1521/2288/2286 1525/2290/2288
f 1530/2289/2287 1525/2290/2288 1529/2291/2289
f 1529/2291/2289 1525/2290/2288 1526/2292/2290
f 1529/2291/2289 1526/2292/2290 1528/2293/2291
f 1528/2293/2291 1526/2292/2290 1527/2294/2292
f 1524/2295/2293 1523/2296/2294 1536/2297/2295
f 1536/2297/2295 1523/2296/2294 1531/2298/2296
f 1536/2297/2295 1531/2298/2296 1535/2299/2297
f 1535/2299/2297 1531/2298/2296 1532/2300/2298
f 1535/2299/2297 1532/2300/2298 1534/2301/2299
f 1534/2301/2299 1532/2300/2298 1533/2302/2300
f 1537/2303/2301 1538/2304/2302 1527/2305/2303
f 1527/2305/2303 1538/2304/2302 1528/2306/2304
f 1534/2307/2305 1533/2308/2306 1540/2309/2307
f 1540/2309/2307 1533/2308/2306 1539/2310/2308
f 1546/2311/2309 1541/2312/2310 1545/2313/2311
f 1545/2313/2311 1541/2312/2310 1542/2314/2312
f 1545/2313/2311 1542/2314/2312 1544/2315/2313
f 1544/2315/2313 1542/2314/2312 1543/2316/2314
f 1544/2315/2313 1543/2316/2314 1537/2317/2315
f 1537/2317/2315 1543/2316/2314 1538/2318/2316
f 1552/2319/2317 1547/2320/2318 1551/2321/2319
f 1551/2321/2319 1547/2320/2318 1548/2322/2320
f 1551/2321/2319 1548/2322/2320 1550/2323/2321
f 1550/2323/2321 1548/2322/2320 1549/2324/2322
f 1550/2323/2321 1549/2324/2322 1539/2325/2323
f 1539/2325/2323 1549/2324/2322 1540/2326/2324
f 1553/2327/2325 1554/2328/2326 1546/2329/2327
f 1546/2329/2327 1554/2328/2326 1541/2330/2328
f 1547/2331/2329 1552/2332/2330 1556/2333/2331
f 1556/2333/2331 1552/2332/2330 1555/2334/2332
f 1554/2335/2333 1553/2336/2334 1562/2337/2335
f 1562/2337/2335 1553/2336/2334 1557/2338/2336
f 1562/2337/2335 1557/2338/2336 1561/2339/2337
f 1561/2339/2337 1557/2338/2336 1558/2340/2338
f 1561/2339/2337 1558/2340/2338 1560/2341/2339
f 1560/2341/2339 1558/2340/2338 1559/2342/2340
f 1556/2343/2341 1555/2344/2342 1568/2345/2343
f 1568/2345/2343 1555/2344/2342 1563/2346/2344
f 1568/2345/2343 1563/2346/2344 1567/2347/2345
f 1567/2347/2345 1563/2346/2344 1564/2348/2346
f 1567/2347/2345 1564/2348/2346 1566/2349/2347
f 1566/2349/2347 1564/2348/2346 1565/2350/2348
f 1570/2351/2349 1571/2352/2350 1569/2353/2351
f 1569/2353/2351 1571/2352/2350 1572/2354/2352
f 1574/2355/2353 1575/2356/2354 1573/2357/2355
f 1573/2357/2355 1575/2356/2354 1576/2358/2356
f 1577/2359/2357 1578/2360/2358 1559/2361/2359
f 1559/2361/2359 1578/2360/2358 1560/2362/2360
f 1566/2363/2361 1565/2364/2362 1580/2365/2363
f 1580/2365/2363 1565/2364/2362 1579/2366/2364
f 1581/2367/2365 1582/2368/2366 1570/2369/2367
f 1570/2369/2367 1582/2368/2366 1571/2370/2368
f 1569/2371/2369 1572/2372/2370 1583/2373/2371
f 1583/2373/2371 1572/2372/2370 1584/2374/2372
f 1585/2375/2373 1586/2376/2374 1574/2377/2375
f 1574/2377/2375 1586/2376/2374 1575/2378/2376
f 1573/2379/2377 1576/2380/2378 1587/2381/2379
f 1587/2381/2379 1576/2380/2378 1588/2382/2380
f 1594/2383/2381 1589/2384/2382 1593/2385/2383
f 1593/2385/2383 1589/2384/2382 1590/2386/2384
f 1593/2385/2383 1590/2386/2384 1592/2387/2385
f 1592/2387/2385 1590/2386/2384 1591/2388/2386
f 1592/2387/2385 1591/2388/2386 1577/2389/2387
f 1577/2389/2387 1591/2388/2386 1578/2390/2388
f 1600/2391/2389 1595/2392/2390 1599/2393/2391
f 1599/2393/2391 1595/2392/2390 1596/2394/2392
f 1599/2393/2391 1596/2394/2392 1598/2395/2393
f 1598/2395/2393 1596/2394/2392 1597/2396/2394
f 1598/2395/2393 1597/2396/2394 1579/2397/2395
f 1579/2397/2395 1597/2396/2394 1580/2398/2396
f 1601/2399/2397 1602/2400/2398 1581/2401/2399
f 1581/2401/2399 1602/2400/2398 1582/2402/2400
f 1603/2403/2401 1604/2404/2402 1606/2405/2403
f 1606/2405/2403 1604/2404/2402 1605/2406/2404
f 1608/2407/2405 1604/2408/2406 1607/2409/2407
f 1607/2409/2407 1604/2408/2406 1603/2410/2408
f 1610/2411/2409 1611/2412/2410 1609/2413/2411
f 1609/2413/2411 1611/2412/2410 1612/2414/2412
f 1612/2415/2413 1611/2416/2414 1615/2417/2415
f 1615/2417/2415 1611/2416/2414 1614/2418/2416
f 1614/2418/2416 1611/2416/2414 1613/2419/2417
f 1616/2420/2418 1613/2421/2419 1610/2422/2420
f 1610/2422/2420 1613/2421/2419 1611/2423/2421
f 1617/2424/2422 1618/2425/2423 1620/2426/2424
f 1620/2426/2424 1618/2425/2423 1619/2427/2425
f 1622/2428/2426 1618/2429/2427 1621/2430/2428
f 1621/2430/2428 1618/2429/2427 1617/2431/2429
f 1624/2432/2430 1625/2433/2431 1623/2434/2432
f 1623/2434/2432 1625/2433/2431 1626/2435/2433
f 1626/2436/2434 1625/2437/2435 1629/2438/2436
f 1629/2438/2436 1625/2437/2435 1628/2439/2437
f 1628/2439/2437 1625/2437/2435 1627/2440/2438
f 1630/2441/2439 1627/2442/2440 1624/2443/2441
f 1624/2443/2441 1627/2442/2440 1625/2444/2442
f 1631/2445/2443 1632/2446/2444 1634/2447/2445
f 1634/2447/2445 1632/2446/2444 1633/2448/2446
f 1636/2449/2447 1632/2450/2448 1635/2451/2449
f 1635/2451/2449 1632/2450/2448 1631/2452/2450
f 1570/2453/2451 1569/2454/2452 1581/2455/2453
f 1581/2455/2453 1569/2454/2452 1583/2456/2454
f 1581/2455/2453 1583/2456/2454 1610/2457/2455
f 1610/2457/2455 1583/2456/2454 1624/2458/2456
f 1610/2457/2455 1624/2458/2456 1622/2459/2457
f 1622/2459/2457 1624/2458/2456 1643/2460/2458
f 1643/2460/2458 1624/2458/2456 1642/2461/2459
f 1642/2461/2459 1624/2458/2456 1623/2462/2460
f 1637/2463/2461 1638/2464/2462 1583/2456/2454
f 1583/2456/2454 1638/2464/2462 1639/2465/2463
f 1583/2456/2454 1639/2465/2463 1636/2466/2464
f 1636/2466/2464 1635/2467/2465 1583/2456/2454
f 1583/2456/2454 1635/2467/2465 1624/2458/2456
f 1635/2467/2465 1640/2468/2466 1624/2458/2456
f 1624/2458/2456 1640/2468/2466 1641/2469/2467
f 1624/2458/2456 1641/2469/2467 1630/2470/2468
f 1622/2459/2457 1621/2471/2469 1610/2457/2455
f 1610/2457/2455 1621/2471/2469 1644/2472/2470
f 1610/2457/2455 1644/2472/2470 1645/2473/2471
f 1645/2473/2471 1616/2474/2472 1610/2457/2455
f 1609/2475/2473 1646/2476/2474 1610/2457/2455
f 1610/2457/2455 1646/2476/2474 1647/2477/2475
f 1610/2457/2455 1647/2477/2475 1608/2478/2476
f 1608/2478/2476 1607/2479/2477 1610/2457/2455
f 1610/2457/2455 1607/2479/2477 1581/2455/2453
f 1607/2479/2477 1648/2480/2478 1581/2455/2453
f 1581/2455/2453 1648/2480/2478 1649/2481/2479
f 1581/2455/2453 1649/2481/2479 1601/2482/2480
f 1583/2483/2481 1584/2484/2482 1637/2485/2483
f 1637/2485/2483 1584/2484/2482 1650/2486/2484
f 1660/2487/2485 1651/2488/2486 1572/2489/2487
f 1572/2489/2487 1651/2488/2486 1652/2490/2488
f 1572/2489/2487 1652/2490/2488 1584/2491/2489
f 1584/2491/2489 1652/2490/2488 1653/2492/2490
f 1584/2491/2489 1653/2492/2490 1654/2493/2491
f 1654/2493/2491 1650/2494/2492 1584/2491/2489
f 1660/2487/2485 1572/2489/2487 1659/2495/2493
f 1659/2495/2493 1572/2489/2487 1571/2496/2494
f 1659/2495/2493 1571/2496/2494 1658/2497/2495
f 1658/2497/2495 1571/2496/2494 1657/2498/2496
f 1657/2498/2496 1571/2496/2494 1582/2499/2497
f 1657/2498/2496 1582/2499/2497 1656/2500/2498
f 1656/2500/2498 1582/2499/2497 1655/2501/2499
f 1655/2501/2499 1582/2499/2497 1602/2502/2500
f 1661/2503/2501 1662/2504/2502 1585/2505/2503
f 1585/2505/2503 1662/2504/2502 1586/2506/2504
f 1663/2507/2505 1664/2508/2506 1666/2509/2507
f 1666/2509/2507 1664/2508/2506 1665/2510/2508
f 1668/2511/2509 1664/2512/2510 1667/2513/2511
f 1667/2513/2511 1664/2512/2510 1663/2514/2512
f 1670/2515/2513 1671/2516/2514 1669/2517/2515
f 1669/2517/2515 1671/2516/2514 1672/2518/2516
f 1672/2519/2517 1671/2520/2518 1675/2521/2519
f 1675/2521/2519 1671/2520/2518 1674/2522/2520
f 1674/2522/2520 1671/2520/2518 1673/2523/2521
f 1676/2524/2522 1673/2525/2523 1670/2526/2524
f 1670/2526/2524 1673/2525/2523 1671/2527/2525
f 1678/2528/2526 1679/2529/2527 1677/2530/2528
f 1677/2530/2528 1679/2529/2527 1680/2531/2529
f 1682/2532/2530 1678/2533/2531 1681/2534/2532
f 1681/2534/2532 1678/2533/2531 1677/2535/2533
f 1684/2536/2534 1685/2537/2535 1683/2538/2536
f 1683/2538/2536 1685/2537/2535 1686/2539/2537
f 1686/2540/2538 1685/2541/2539 1689/2542/2540
f 1689/2542/2540 1685/2541/2539 1688/2543/2541
f 1688/2543/2541 1685/2541/2539 1687/2544/2542
f 1690/2545/2543 1687/2546/2544 1684/2547/2545
f 1684/2547/2545 1687/2546/2544 1685/2548/2546
f 1691/2549/2547 1692/2550/2548 1694/2551/2549
f 1694/2551/2549 1692/2550/2548 1693/2552/2550
f 1696/2553/2551 1692/2554/2552 1695/2555/2553
f 1695/2555/2553 1692/2554/2552 1691/2556/2554
f 1574/2557/2555 1587/2558/2556 1585/2559/2557
f 1585/2559/2557 1587/2558/2556 1684/2560/2558
f 1585/2559/2557 1684/2560/2558 1670/2561/2559
f 1670/2561/2559 1684/2560/2558 1681/2562/2560
f 1670/2561/2559 1681/2562/2560 1704/2563/2561
f 1574/2557/2555 1573/2564/2562 1587/2558/2556
f 1697/2565/2563 1698/2566/2564 1587/2558/2556
f 1587/2558/2556 1698/2566/2564 1699/2567/2565
f 1587/2558/2556 1699/2567/2565 1696/2568/2566
f 1696/2568/2566 1695/2569/2567 1587/2558/2556
f 1587/2558/2556 1695/2569/2567 1684/2560/2558
f 1695/2569/2567 1700/2570/2568 1684/2560/2558
f 1684/2560/2558 1700/2570/2568 1701/2571/2569
f 1684/2560/2558 1701/2571/2569 1690/2572/2570
f 1683/2573/2571 1702/2574/2572 1684/2560/2558
f 1684/2560/2558 1702/2574/2572 1703/2575/2573
f 1684/2560/2558 1703/2575/2573 1682/2576/2574
f 1682/2576/2574 1681/2562/2560 1684/2560/2558
f 1704/2563/2561 1705/2577/2575 1670/2561/2559
f 1670/2561/2559 1705/2577/2575 1676/2578/2576
f 1669/2579/2577 1706/2580/2578 1670/2561/2559
f 1670/2561/2559 1706/2580/2578 1707/2581/2579
f 1670/2561/2559 1707/2581/2579 1668/2582/2580
f 1668/2582/2580 1667/2583/2581 1670/2561/2559
f 1670/2561/2559 1667/2583/2581 1585/2559/2557
f 1667/2583/2581 1708/2584/2582 1585/2559/2557
f 1585/2559/2557 1708/2584/2582 1709/2585/2583
f 1585/2559/2557 1709/2585/2583 1661/2586/2584
f 1587/2587/2585 1588/2588/2586 1697/2589/2587
f 1697/2589/2587 1588/2588/2586 1710/2590/2588
f 1711/2591/2589 1712/2592/2590 1714/2593/2591
f 1714/2593/2591 1712/2592/2590 1713/2594/2592
f 1713/2595/2593 1712/2596/2594 1727/2597/2595
f 1727/2597/2595 1712/2596/2594 1715/2598/2596
f 1727/2597/2595 1715/2598/2596 1726/2599/2597
f 1726/2599/2597 1715/2598/2596 1716/2600/2598
f 1726/2599/2597 1716/2600/2598 1725/2601/2599
f 1725/2601/2599 1716/2600/2598 1724/2602/2600
f 1724/2602/2600 1716/2600/2598 1717/2603/2601
f 1724/2602/2600 1717/2603/2601 1723/2604/2602
f 1723/2604/2602 1717/2603/2601 1722/2605/2603
f 1722/2605/2603 1717/2603/2601 1718/2606/2604
f 1722/2605/2603 1718/2606/2604 1721/2607/2605
f 1721/2607/2605 1718/2606/2604 1719/2608/2606
f 1721/2607/2605 1719/2608/2606 1720/2609/2607
f 1728/2610/2608 1720/2611/2609 1729/2612/2610
f 1729/2612/2610 1720/2611/2609 1719/2613/2611
f 1714/2614/2612 1730/2615/2613 1711/2616/2614
f 1711/2616/2614 1730/2615/2613 1731/2617/2615
f 1711/2616/2614 1731/2617/2615 1732/2618/2616
f 1711/2616/2614 1732/2618/2616 1747/2619/2617
f 1747/2619/2617 1732/2618/2616 1733/2620/2618
f 1747/2619/2617 1733/2620/2618 1746/2621/2619
f 1746/2621/2619 1733/2620/2618 1740/2622/2620
f 1746/2621/2619 1740/2622/2620 1745/2623/2621
f 1745/2623/2621 1740/2622/2620 1744/2624/2622
f 1744/2624/2622 1740/2622/2620 1741/2625/2623
f 1744/2624/2622 1741/2625/2623 1729/2626/2624
f 1729/2626/2624 1741/2625/2623 1742/2627/2625
f 1729/2626/2624 1742/2627/2625 1743/2628/2626
f 1740/2622/2620 1733/2620/2618 1576/2629/2627
f 1576/2629/2627 1733/2620/2618 1734/2630/2628
f 1576/2629/2627 1734/2630/2628 1588/2631/2629
f 1588/2631/2629 1734/2630/2628 1735/2632/2630
f 1588/2631/2629 1735/2632/2630 1736/2633/2631
f 1736/2633/2631 1710/2634/2632 1588/2631/2629
f 1576/2629/2627 1575/2635/2633 1740/2622/2620
f 1740/2622/2620 1575/2635/2633 1739/2636/2634
f 1739/2636/2634 1575/2635/2633 1586/2637/2635
f 1739/2636/2634 1586/2637/2635 1738/2638/2636
f 1738/2638/2636 1586/2637/2635 1737/2639/2637
f 1737/2639/2637 1586/2637/2635 1662/2640/2638
f 1743/2628/2626 1728/2641/2639 1729/2626/2624
f 1748/2642/2640 1749/2643/2641 1594/2644/2642
f 1594/2644/2642 1749/2643/2641 1589/2645/2643
f 1595/2646/2644 1600/2647/2645 1751/2648/2646
f 1751/2648/2646 1600/2647/2645 1750/2649/2647
f 1651/2650/2648 1752/2651/2649 1652/2652/2650
f 1652/2652/2650 1752/2651/2649 1753/2653/2651
f 1654/2654/2652 1754/2655/2653 1650/2656/2654
f 1650/2656/2654 1754/2655/2653 1632/2657/2655
f 1650/2656/2654 1632/2657/2655 1639/2658/2656
f 1639/2658/2656 1632/2657/2655 1636/2659/2657
f 1654/2654/2652 1653/2660/2658 1754/2655/2653
f 1754/2655/2653 1653/2660/2658 1753/2661/2659
f 1753/2661/2659 1653/2660/2658 1652/2662/2660
f 1754/2655/2653 1755/2663/2661 1632/2657/2655
f 1632/2657/2655 1755/2663/2661 1633/2664/2662
f 1633/2664/2662 1755/2663/2661 1634/2665/2663
f 1634/2665/2663 1755/2663/2661 1631/2666/2664
f 1631/2666/2664 1755/2663/2661 1627/2667/2665
f 1631/2666/2664 1627/2667/2665 1641/2668/2666
f 1641/2668/2666 1627/2667/2665 1630/2669/2667
f 1755/2663/2661 1756/2670/2668 1627/2667/2665
f 1627/2667/2665 1756/2670/2668 1628/2671/2669
f 1628/2671/2669 1756/2670/2668 1629/2672/2670
f 1629/2672/2670 1756/2670/2668 1757/2673/2671
f 1629/2672/2670 1757/2673/2671 1626/2674/2672
f 1626/2674/2672 1757/2673/2671 1618/2675/2673
f 1626/2674/2672 1618/2675/2673 1643/2676/2674
f 1643/2676/2674 1618/2675/2673 1622/2677/2675
f 1757/2673/2671 1758/2678/2676 1618/2675/2673
f 1618/2675/2673 1758/2678/2676 1619/2679/2677
f 1619/2679/2677 1758/2678/2676 1620/2680/2678
f 1620/2680/2678 1758/2678/2676 1617/2681/2679
f 1617/2681/2679 1758/2678/2676 1759/2682/2680
f 1617/2681/2679 1759/2682/2680 1613/2683/2681
f 1613/2683/2681 1759/2682/2680 1614/2684/2682
f 1614/2684/2682 1759/2682/2680 1760/2685/2683
f 1614/2684/2682 1760/2685/2683 1615/2686/2684
f 1615/2686/2684 1760/2685/2683 1612/2687/2685
f 1612/2687/2685 1760/2685/2683 1761/2688/2686
f 1612/2687/2685 1761/2688/2686 1604/2689/2687
f 1604/2689/2687 1761/2688/2686 1605/2690/2688
f 1605/2690/2688 1761/2688/2686 1606/2691/2689
f 1606/2691/2689 1761/2688/2686 1603/2692/2690
f 1603/2692/2690 1761/2688/2686 1762/2693/2691
f 1603/2692/2690 1762/2693/2691 1602/2694/2692
f 1602/2694/2692 1762/2693/2691 1655/2695/2693
f 1655/2695/2693 1762/2693/2691 1656/2696/2694
f 1656/2696/2694 1762/2693/2691 1763/2697/2695
f 1656/2696/2694 1763/2697/2695 1657/2698/2696
f 1601/2699/2697 1649/2700/2698 1602/2694/2692
f 1602/2694/2692 1649/2700/2698 1603/2692/2690
f 1649/2700/2698 1648/2701/2699 1603/2692/2690
f 1603/2692/2690 1648/2701/2699 1607/2702/2700
f 1608/2703/2701 1647/2704/2702 1604/2689/2687
f 1604/2689/2687 1647/2704/2702 1612/2687/2685
f 1647/2704/2702 1646/2705/2703 1612/2687/2685
f 1612/2687/2685 1646/2705/2703 1609/2706/2704
f 1616/2707/2705 1645/2708/2706 1613/2683/2681
f 1613/2683/2681 1645/2708/2706 1617/2681/2679
f 1645/2708/2706 1644/2709/2707 1617/2681/2679
f 1617/2681/2679 1644/2709/2707 1621/2710/2708
f 1643/2676/2674 1642/2711/2709 1626/2674/2672
f 1626/2674/2672 1642/2711/2709 1623/2712/2710
f 1641/2668/2666 1640/2713/2711 1631/2666/2664
f 1631/2666/2664 1640/2713/2711 1635/2714/2712
f 1639/2658/2656 1638/2715/2713 1650/2656/2654
f 1650/2656/2654 1638/2715/2713 1637/2716/2714
f 1657/2717/2715 1763/2718/2716 1658/2719/2717
f 1658/2719/2717 1763/2718/2716 1764/2720/2718
f 1752/2721/2719 1651/2722/2720 1723/2723/2721
f 1723/2723/2721 1651/2722/2720 1660/2724/2722
f 1723/2723/2721 1660/2724/2722 1724/2725/2723
f 1724/2725/2723 1660/2724/2722 1659/2726/2724
f 1724/2725/2723 1659/2726/2724 1725/2727/2725
f 1725/2727/2725 1659/2726/2724 1658/2728/2726
f 1725/2727/2725 1658/2728/2726 1764/2729/2727
f 1764/2729/2727 1765/2730/2728 1725/2727/2725
f 1725/2727/2725 1765/2730/2728 1726/2731/2729
f 1726/2731/2729 1765/2730/2728 1766/2732/2730
f 1726/2731/2729 1766/2732/2730 1727/2733/2731
f 1727/2733/2731 1766/2732/2730 1767/2734/2732
f 1727/2733/2731 1767/2734/2732 1713/2735/2733
f 1713/2735/2733 1767/2734/2732 1714/2736/2734
f 1714/2736/2734 1767/2734/2732 1768/2737/2735
f 1714/2736/2734 1768/2737/2735 1730/2738/2736
f 1730/2738/2736 1768/2737/2735 1769/2739/2737
f 1730/2738/2736 1769/2739/2737 1731/2740/2738
f 1731/2740/2738 1769/2739/2737 1770/2741/2739
f 1731/2740/2738 1770/2741/2739 1732/2742/2740
f 1732/2742/2740 1770/2741/2739 1771/2743/2741
f 1732/2742/2740 1771/2743/2741 1733/2744/2742
f 1752/2721/2719 1723/2723/2721 1778/2745/2743
f 1778/2745/2743 1723/2723/2721 1722/2746/2744
f 1778/2745/2743 1722/2746/2744 1777/2747/2745
f 1777/2747/2745 1722/2746/2744 1721/2748/2746
f 1777/2747/2745 1721/2748/2746 1776/2749/2747
f 1776/2749/2747 1721/2748/2746 1720/2750/2748
f 1776/2749/2747 1720/2750/2748 1728/2751/2749
f 1776/2749/2747 1728/2751/2749 1775/2752/2750
f 1775/2752/2750 1728/2751/2749 1743/2753/2751
f 1775/2752/2750 1743/2753/2751 1774/2754/2752
f 1774/2754/2752 1743/2753/2751 1742/2755/2753
f 1774/2754/2752 1742/2755/2753 1773/2756/2754
f 1773/2756/2754 1742/2755/2753 1741/2757/2755
f 1773/2756/2754 1741/2757/2755 1772/2758/2756
f 1772/2758/2756 1741/2757/2755 1740/2759/2757
f 1733/2760/2758 1771/2761/2759 1734/2762/2760
f 1734/2762/2760 1771/2761/2759 1779/2763/2761
f 1736/2764/2762 1780/2765/2763 1710/2766/2764
f 1710/2766/2764 1780/2765/2763 1692/2767/2765
f 1710/2766/2764 1692/2767/2765 1699/2768/2766
f 1699/2768/2766 1692/2767/2765 1696/2769/2767
f 1736/2764/2762 1735/2770/2768 1780/2765/2763
f 1780/2765/2763 1735/2770/2768 1779/2771/2769
f 1779/2771/2769 1735/2770/2768 1734/2772/2770
f 1780/2765/2763 1781/2773/2771 1692/2767/2765
f 1692/2767/2765 1781/2773/2771 1693/2774/2772
f 1693/2774/2772 1781/2773/2771 1694/2775/2773
f 1694/2775/2773 1781/2773/2771 1691/2776/2774
f 1691/2776/2774 1781/2773/2771 1687/2777/2775
f 1691/2776/2774 1687/2777/2775 1701/2778/2776
f 1701/2778/2776 1687/2777/2775 1690/2779/2777
f 1781/2773/2771 1782/2780/2778 1687/2777/2775
f 1687/2777/2775 1782/2780/2778 1688/2781/2779
f 1688/2781/2779 1782/2780/2778 1689/2782/2780
f 1689/2782/2780 1782/2780/2778 1783/2783/2781
f 1689/2782/2780 1783/2783/2781 1686/2784/2782
f 1686/2784/2782 1783/2783/2781 1678/2785/2783
f 1686/2784/2782 1678/2785/2783 1703/2786/2784
f 1703/2786/2784 1678/2785/2783 1682/2787/2785
f 1783/2783/2781 1784/2788/2786 1678/2785/2783
f 1678/2785/2783 1784/2788/2786 1679/2789/2787
f 1679/2789/2787 1784/2788/2786 1680/2790/2788
f 1680/2791/2788 1784/2792/2786 1677/2793/2789
f 1677/2793/2789 1784/2792/2786 1785/2794/2790
f 1677/2793/2789 1785/2794/2790 1673/2795/2791
f 1673/2795/2791 1785/2794/2790 1674/2796/2792
f 1674/2796/2792 1785/2794/2790 1786/2797/2793
f 1674/2796/2792 1786/2797/2793 1675/2798/2794
f 1675/2798/2794 1786/2797/2793 1672/2799/2795
f 1672/2799/2795 1786/2797/2793 1787/2800/2796
f 1672/2799/2795 1787/2800/2796 1664/2801/2797
f 1664/2801/2797 1787/2800/2796 1665/2802/2798
f 1665/2802/2798 1787/2800/2796 1666/2803/2799
f 1666/2803/2799 1787/2800/2796 1663/2804/2800
f 1663/2804/2800 1787/2800/2796 1788/2805/2801
f 1663/2804/2800 1788/2805/2801 1662/2806/2802
f 1662/2806/2802 1788/2805/2801 1737/2807/2803
f 1737/2807/2803 1788/2805/2801 1738/2808/2804
f 1738/2808/2804 1788/2805/2801 1789/2809/2805
f 1738/2808/2804 1789/2809/2805 1739/2810/2806
f 1661/2811/2807 1709/2812/2808 1662/2806/2802
f 1662/2806/2802 1709/2812/2808 1663/2804/2800
f 1709/2812/2808 1708/2813/2809 1663/2804/2800
f 1663/2804/2800 1708/2813/2809 1667/2814/2810
f 1668/2815/2811 1707/2816/2812 1664/2801/2797
f 1664/2801/2797 1707/2816/2812 1672/2799/2795
f 1707/2816/2812 1706/2817/2813 1672/2799/2795
f 1672/2799/2795 1706/2817/2813 1669/2818/2814
f 1676/2819/2815 1705/2820/2816 1673/2795/2791
f 1673/2795/2791 1705/2820/2816 1677/2793/2789
f 1705/2820/2816 1704/2821/2817 1677/2793/2789
f 1677/2793/2789 1704/2821/2817 1681/2822/2818
f 1703/2786/2784 1702/2823/2819 1686/2784/2782
f 1686/2784/2782 1702/2823/2819 1683/2824/2820
f 1701/2778/2776 1700/2825/2821 1691/2776/2774
f 1691/2776/2774 1700/2825/2821 1695/2826/2822
f 1699/2768/2766 1698/2827/2823 1710/2766/2764
f 1710/2766/2764 1698/2827/2823 1697/2828/2824
f 1739/2829/2825 1789/2830/2826 1740/2831/2827
f 1740/2831/2827 1789/2830/2826 1772/2832/2828
f 1791/2833/2829 1717/2834/2830 1790/2835/2831
f 1790/2835/2831 1717/2834/2830 1716/2836/2832
f 1790/2835/2831 1716/2836/2832 1799/2837/2833
f 1799/2837/2833 1716/2836/2832 1715/2838/2834
f 1799/2837/2833 1715/2838/2834 1798/2839/2835
f 1798/2839/2835 1715/2838/2834 1712/2840/2836
f 1798/2839/2835 1712/2840/2836 1711/2841/2837
f 1717/2834/2830 1791/2833/2829 1718/2842/2838
f 1718/2842/2838 1791/2833/2829 1792/2843/2839
f 1718/2842/2838 1792/2843/2839 1719/2844/2840
f 1719/2844/2840 1792/2843/2839 1729/2845/2841
f 1729/2845/2841 1792/2843/2839 1793/2846/2842
f 1729/2845/2841 1793/2846/2842 1744/2847/2843
f 1744/2847/2843 1793/2846/2842 1794/2848/2844
f 1744/2847/2843 1794/2848/2844 1745/2849/2845
f 1745/2849/2845 1794/2848/2844 1795/2850/2846
f 1745/2849/2845 1795/2850/2846 1746/2851/2847
f 1746/2852/2847 1795/2853/2846 1796/2854/2848
f 1746/2852/2847 1796/2854/2848 1747/2855/2849
f 1747/2855/2849 1796/2854/2848 1797/2856/2850
f 1747/2855/2849 1797/2856/2850 1711/2841/2837
f 1711/2841/2837 1797/2856/2850 1798/2839/2835
f 1801/2857/2851 1802/2858/2852 1800/2859/2853
f 1800/2859/2853 1802/2858/2852 1807/2860/2854
f 1807/2860/2854 1802/2858/2852 1806/2861/2855
f 1806/2861/2855 1802/2858/2852 1803/2862/2856
f 1806/2863/2855 1803/2864/2856 1805/2865/2857
f 1805/2865/2857 1803/2864/2856 1804/2866/2858
f 1808/2867/2859 1809/2868/2860 1815/2869/2861
f 1815/2869/2861 1809/2868/2860 1814/2870/2862
f 1814/2870/2862 1809/2868/2860 1810/2871/2863
f 1814/2870/2862 1810/2871/2863 1813/2872/2864
f 1813/2872/2864 1810/2871/2863 1812/2873/2865
f 1812/2873/2865 1810/2871/2863 1811/2874/2866
f 1749/2875/2867 1748/2876/2868 1821/2877/2869
f 1821/2877/2869 1748/2876/2868 1816/2878/2870
f 1821/2877/2869 1816/2878/2870 1820/2879/2871
f 1820/2879/2871 1816/2878/2870 1817/2880/2872
f 1820/2879/2871 1817/2880/2872 1819/2881/2873
f 1819/2881/2873 1817/2880/2872 1818/2882/2874
f 1751/2883/2875 1750/2884/2876 1827/2885/2877
f 1827/2885/2877 1750/2884/2876 1822/2886/2878
f 1827/2885/2877 1822/2886/2878 1826/2887/2879
f 1826/2887/2879 1822/2886/2878 1823/2888/2880
f 1826/2887/2879 1823/2888/2880 1825/2889/2881
f 1825/2889/2881 1823/2888/2880 1824/2890/2882
f 1828/2891/2883 1829/2892/2884 1835/2893/2885
f 1835/2893/2885 1829/2892/2884 1834/2894/2886
f 1834/2894/2886 1829/2892/2884 1830/2895/2887
f 1834/2894/2886 1830/2895/2887 1833/2896/2888
f 1833/2896/2888 1830/2895/2887 1831/2897/2889
f 1833/2896/2888 1831/2897/2889 1832/2898/2890
f 1837/2899/2891 1838/2900/2892 1836/2901/2893
f 1836/2901/2893 1838/2900/2892 1843/2902/2894
f 1843/2902/2894 1838/2900/2892 1839/2903/2895
f 1843/2902/2894 1839/2903/2895 1842/2904/2896
f 1842/2904/2896 1839/2903/2895 1840/2905/2897
f 1842/2904/2896 1840/2905/2897 1841/2906/2898
f 1844/2907/2899 1845/2908/2900 1851/2909/2901
f 1851/2909/2901 1845/2908/2900 1850/2910/2902
f 1850/2910/2902 1845/2908/2900 1846/2911/2903
f 1850/2910/2902 1846/2911/2903 1849/2912/2904
f 1849/2912/2904 1846/2911/2903 1847/2913/2905
f 1849/2912/2904 1847/2913/2905 1848/2914/2906
f 1853/2915/2907 1854/2916/2908 1852/2917/2909
f 1852/2917/2909 1854/2916/2908 1859/2918/2910
f 1859/2918/2910 1854/2916/2908 1855/2919/2911
f 1859/2918/2910 1855/2919/2911 1858/2920/2912
f 1858/2920/2912 1855/2919/2911 1856/2921/2913
f 1858/2920/2912 1856/2921/2913 1857/2922/2914
f 1867/2923/2915 1860/2924/2916 1866/2925/2917
f 1866/2925/2917 1860/2924/2916 1861/2926/2918
f 1866/2927/2917 1861/2928/2918 1865/2929/2919
f 1865/2929/2919 1861/2928/2918 1862/2930/2920
f 1865/2929/2919 1862/2930/2920 1863/2931/2921
f 1863/2931/2921 1864/2932/2922 1865/2929/2919
f 1824/2933/2923 1823/2934/2924 1819/2935/2925
f 1819/2935/2925 1823/2934/2924 1822/2936/2926
f 1819/2935/2925 1822/2936/2926 1600/2937/2927
f 1600/2937/2927 1822/2936/2926 1750/2938/2928
f 1599/2939/2929 1886/2940/2930 1600/2937/2927
f 1600/2937/2927 1886/2940/2930 1947/2941/2931
f 1600/2937/2927 1947/2941/2931 1819/2935/2925
f 1819/2935/2925 1947/2941/2931 1820/2942/2932
f 1820/2942/2932 1947/2941/2931 1821/2943/2933
f 1821/2943/2933 1947/2941/2931 1749/2944/2934
f 1749/2944/2934 1947/2941/2931 1560/2945/2935
f 1749/2944/2934 1560/2945/2935 1591/2946/2936
f 1591/2946/2936 1560/2945/2935 1578/2947/2937
f 1599/2939/2929 1598/2948/2938 1886/2940/2930
f 1886/2940/2930 1598/2948/2938 1579/2949/2939
f 1886/2940/2930 1579/2949/2939 1552/2950/2940
f 1552/2950/2940 1579/2949/2939 1563/2951/2941
f 1552/2950/2940 1563/2951/2941 1555/2952/2942
f 1565/2953/2943 1564/2954/2944 1579/2949/2939
f 1579/2949/2939 1564/2954/2944 1563/2951/2941
f 1552/2950/2940 1551/2955/2945 1886/2940/2930
f 1886/2940/2930 1551/2955/2945 1550/2956/2946
f 1886/2940/2930 1550/2956/2946 1539/2957/2947
f 1533/2958/2948 1532/2959/2949 1539/2957/2947
f 1539/2957/2947 1532/2959/2949 1531/2960/2950
f 1539/2957/2947 1531/2960/2950 1520/2961/2951
f 1520/2961/2951 1531/2960/2950 1523/2962/2952
f 1539/2957/2947 1520/2961/2951 1885/2963/2953
f 1885/2963/2953 1520/2961/2951 1519/2964/2954
f 1885/2963/2953 1519/2964/2954 1518/2965/2955
f 1518/2965/2955 1507/2966/2956 1885/2963/2953
f 1885/2963/2953 1507/2966/2956 1488/2967/2957
f 1885/2963/2953 1488/2967/2957 1884/2968/2958
f 1884/2968/2958 1488/2967/2957 1487/2969/2959
f 1884/2968/2958 1487/2969/2959 1486/2970/2960
f 1501/2971/2961 1500/2972/2962 1507/2966/2956
f 1507/2966/2956 1500/2972/2962 1499/2973/2963
f 1507/2966/2956 1499/2973/2963 1488/2967/2957
f 1488/2967/2957 1499/2973/2963 1491/2974/2964
f 1486/2970/2960 1475/2975/2965 1884/2968/2958
f 1884/2968/2958 1475/2975/2965 1456/2976/2966
f 1884/2968/2958 1456/2976/2966 1455/2977/2967
f 1469/2978/2968 1468/2979/2969 1475/2975/2965
f 1475/2975/2965 1468/2979/2969 1467/2980/2970
f 1475/2975/2965 1467/2980/2970 1456/2976/2966
f 1456/2976/2966 1467/2980/2970 1459/2981/2971
f 1455/2977/2967 1454/2982/2972 1884/2968/2958
f 1884/2968/2958 1454/2982/2972 1443/2983/2973
f 1884/2968/2958 1443/2983/2973 1883/2984/2974
f 1883/2984/2974 1443/2983/2973 1424/2985/2975
f 1883/2984/2974 1424/2985/2975 1423/2986/2976
f 1437/2987/2977 1436/2988/2978 1443/2983/2973
f 1443/2983/2973 1436/2988/2978 1435/2989/2979
f 1443/2983/2973 1435/2989/2979 1424/2985/2975
f 1424/2985/2975 1435/2989/2979 1427/2990/2980
f 1423/2986/2976 1422/2991/2981 1883/2984/2974
f 1883/2984/2974 1422/2991/2981 1411/2992/2982
f 1883/2984/2974 1411/2992/2982 1392/2993/2983
f 1392/2993/2983 1411/2992/2982 1403/2994/2984
f 1392/2993/2983 1403/2994/2984 1395/2995/2985
f 1405/2996/2986 1404/2997/2987 1411/2992/2982
f 1411/2992/2982 1404/2997/2987 1403/2994/2984
f 1392/2993/2983 1391/2998/2988 1883/2984/2974
f 1883/2984/2974 1391/2998/2988 1390/2999/2989
f 1883/2984/2974 1390/2999/2989 1379/3000/2990
f 1373/3001/2991 1372/3002/2992 1379/3000/2990
f 1379/3000/2990 1372/3002/2992 1371/3003/2993
f 1379/3000/2990 1371/3003/2993 1360/3004/2994
f 1360/3004/2994 1371/3003/2993 1363/3005/2995
f 1379/3000/2990 1360/3004/2994 1882/3006/2996
f 1882/3006/2996 1360/3004/2994 1359/3007/2997
f 1882/3006/2996 1359/3007/2997 1358/3008/2998
f 1358/3008/2998 1347/3009/2999 1882/3006/2996
f 1882/3006/2996 1347/3009/2999 1328/3010/3000
f 1882/3006/2996 1328/3010/3000 1327/3011/3001
f 1341/3012/3002 1340/3013/3003 1347/3009/2999
f 1347/3009/2999 1340/3013/3003 1339/3014/3004
f 1347/3009/2999 1339/3014/3004 1328/3010/3000
f 1328/3010/3000 1339/3014/3004 1331/3015/3005
f 1327/3011/3001 1326/3016/3006 1882/3006/2996
f 1882/3006/2996 1326/3016/3006 1315/3017/3007
f 1882/3006/2996 1315/3017/3007 1881/3018/3008
f 1881/3018/3008 1315/3017/3007 1296/3019/3009
f 1881/3018/3008 1296/3019/3009 1295/3020/3010
f 1309/3021/3011 1308/3022/3012 1315/3017/3007
f 1315/3017/3007 1308/3022/3012 1307/3023/3013
f 1315/3017/3007 1307/3023/3013 1296/3019/3009
f 1296/3019/3009 1307/3023/3013 1299/3024/3014
f 1295/3020/3010 1294/3025/3015 1881/3018/3008
f 1881/3018/3008 1294/3025/3015 1283/3026/3016
f 1881/3018/3008 1283/3026/3016 1264/3027/3017
f 1264/3027/3017 1283/3026/3016 1275/3028/3018
f 1264/3027/3017 1275/3028/3018 1267/3029/3019
f 1277/3030/3020 1276/3031/3021 1283/3026/3016
f 1283/3026/3016 1276/3031/3021 1275/3028/3018
f 1264/3027/3017 1263/3032/3022 1881/3018/3008
f 1881/3018/3008 1263/3032/3022 1262/3033/3023
f 1881/3018/3008 1262/3033/3023 1880/3034/3024
f 1880/3034/3024 1262/3033/3023 1251/3035/3025
f 1880/3034/3024 1251/3035/3025 1232/3036/3026
f 1232/3036/3026 1251/3035/3025 1243/3037/3027
f 1232/3036/3026 1243/3037/3027 1235/3038/3028
f 1245/3039/3029 1244/3040/3030 1251/3035/3025
f 1251/3035/3025 1244/3040/3030 1243/3037/3027
f 1232/3036/3026 1231/3041/3031 1880/3034/3024
f 1880/3034/3024 1231/3041/3031 1230/3042/3032
f 1880/3034/3024 1230/3042/3032 1219/3043/3033
f 1213/3044/3034 1212/3045/3035 1219/3043/3033
f 1219/3043/3033 1212/3045/3035 1211/3046/3036
f 1219/3043/3033 1211/3046/3036 1200/3047/3037
f 1200/3047/3037 1211/3046/3036 1203/3048/3038
f 1199/3049/3039 1879/3050/3040 1200/3047/3037
f 1200/3047/3037 1879/3050/3040 1880/3034/3024
f 1200/3047/3037 1880/3034/3024 1219/3043/3033
f 1199/3049/3039 1198/3051/3041 1879/3050/3040
f 1879/3050/3040 1198/3051/3041 1870/3052/3042
f 1879/3050/3040 1870/3052/3042 1878/3053/3043
f 1878/3053/3043 1870/3052/3042 1871/3054/3044
f 1878/3053/3043 1871/3054/3044 1841/3055/3045
f 1841/3055/3045 1871/3054/3044 1835/3056/3046
f 1841/3055/3045 1835/3056/3046 1842/3057/3047
f 1842/3057/3047 1835/3056/3046 1834/3058/3048
f 1842/3057/3047 1834/3058/3048 1770/3059/3049
f 1770/3059/3049 1834/3058/3048 1833/3060/3050
f 1770/3059/3049 1833/3060/3050 1771/3061/3051
f 1771/3061/3051 1833/3060/3050 1832/3062/3052
f 1771/3061/3051 1832/3062/3052 1779/3063/3053
f 1779/3063/3053 1832/3062/3052 1872/3064/3054
f 1779/3063/3053 1872/3064/3054 1780/3065/3055
f 1780/3065/3055 1872/3064/3054 1873/3066/3056
f 1780/3065/3055 1873/3066/3056 1781/3067/3057
f 1781/3067/3057 1873/3066/3056 1874/3068/3058
f 1781/3067/3057 1874/3068/3058 1782/3069/3059
f 1782/3069/3059 1874/3068/3058 880/3070/3060
f 1782/3069/3059 880/3070/3060 879/3071/3061
f 1198/3051/3041 1187/3072/3062 1870/3052/3042
f 1870/3052/3042 1187/3072/3062 1869/3073/3063
f 1869/3073/3063 1187/3072/3062 1168/3074/3064
f 1869/3073/3063 1168/3074/3064 1167/3075/3065
f 1181/3076/3066 1180/3077/3067 1187/3072/3062
f 1187/3072/3062 1180/3077/3067 1179/3078/3068
f 1187/3072/3062 1179/3078/3068 1168/3074/3064
f 1168/3074/3064 1179/3078/3068 1171/3079/3069
f 1167/3075/3065 1166/3080/3070 1869/3073/3063
f 1869/3073/3063 1166/3080/3070 1155/3081/3071
f 1869/3073/3063 1155/3081/3071 1136/3082/3072
f 1136/3082/3072 1155/3081/3071 1147/3083/3073
f 1136/3082/3072 1147/3083/3073 1139/3084/3074
f 1149/3085/3075 1148/3086/3076 1155/3081/3071
f 1155/3081/3071 1148/3086/3076 1147/3083/3073
f 1136/3082/3072 1135/3087/3077 1869/3073/3063
f 1869/3073/3063 1135/3087/3077 1868/3088/3078
f 1868/3088/3078 1135/3087/3077 1134/3089/3079
f 1868/3088/3078 1134/3089/3079 1123/3090/3080
f 1117/3091/3081 1116/3092/3082 1123/3090/3080
f 1123/3090/3080 1116/3092/3082 1115/3093/3083
f 1123/3090/3080 1115/3093/3083 1104/3094/3084
f 1104/3094/3084 1115/3093/3083 1107/3095/3085
f 1123/3090/3080 1104/3094/3084 1868/3088/3078
f 1868/3088/3078 1104/3094/3084 1103/3096/3086
f 1868/3088/3078 1103/3096/3086 1102/3097/3087
f 1102/3097/3087 1091/3098/3088 1868/3088/3078
f 1868/3088/3078 1091/3098/3088 1072/3099/3089
f 1868/3088/3078 1072/3099/3089 1877/3100/3090
f 1877/3100/3090 1072/3099/3089 1071/3101/3091
f 1877/3100/3090 1071/3101/3091 1070/3102/3092
f 1085/3103/3093 1084/3104/3094 1091/3098/3088
f 1091/3098/3088 1084/3104/3094 1083/3105/3095
f 1091/3098/3088 1083/3105/3095 1072/3099/3089
f 1072/3099/3089 1083/3105/3095 1075/3106/3096
f 1070/3102/3092 1059/3107/3097 1877/3100/3090
f 1877/3100/3090 1059/3107/3097 1040/3108/3098
f 1877/3100/3090 1040/3108/3098 1039/3109/3099
f 1053/3110/3100 1052/3111/3101 1059/3107/3097
f 1059/3107/3097 1052/3111/3101 1051/3112/3102
f 1059/3107/3097 1051/3112/3102 1040/3108/3098
f 1040/3108/3098 1051/3112/3102 1043/3113/3103
f 1039/3109/3099 1038/3114/3104 1877/3100/3090
f 1877/3100/3090 1038/3114/3104 1027/3115/3105
f 1877/3100/3090 1027/3115/3105 1008/3116/3106
f 1008/3116/3106 1027/3115/3105 1019/3117/3107
f 1008/3116/3106 1019/3117/3107 1011/3118/3108
f 1021/3119/3109 1020/3120/3110 1027/3115/3105
f 1027/3115/3105 1020/3120/3110 1019/3117/3107
f 1877/3100/3090 1008/3116/3106 1876/3121/3111
f 1876/3121/3111 1008/3116/3106 1007/3122/3112
f 1876/3121/3111 1007/3122/3112 1006/3123/3113
f 1006/3123/3113 995/3124/3114 1876/3121/3111
f 1876/3121/3111 995/3124/3114 976/3125/3115
f 1876/3121/3111 976/3125/3115 975/3126/3116
f 989/3127/3117 988/3128/3118 995/3124/3114
f 995/3124/3114 988/3128/3118 987/3129/3119
f 995/3124/3114 987/3129/3119 976/3125/3115
f 976/3125/3115 987/3129/3119 979/3130/3120
f 975/3126/3116 974/3131/3121 1876/3121/3111
f 1876/3121/3111 974/3131/3121 963/3132/3122
f 1876/3121/3111 963/3132/3122 944/3133/3123
f 944/3133/3123 963/3132/3122 955/3134/3124
f 944/3133/3123 955/3134/3124 947/3135/3125
f 957/3136/3126 956/3137/3127 963/3132/3122
f 963/3132/3122 956/3137/3127 955/3134/3124
f 1876/3121/3111 944/3133/3123 1875/3138/3128
f 1875/3138/3128 944/3133/3123 943/3139/3129
f 1875/3138/3128 943/3139/3129 942/3140/3130
f 942/3140/3130 931/3141/3131 1875/3138/3128
f 1875/3138/3128 931/3141/3131 912/3142/3132
f 1875/3138/3128 912/3142/3132 911/3143/3133
f 925/3144/3134 924/3145/3135 931/3141/3131
f 931/3141/3131 924/3145/3135 923/3146/3136
f 931/3141/3131 923/3146/3136 912/3142/3132
f 912/3142/3132 923/3146/3136 915/3147/3137
f 911/3143/3133 910/3148/3138 1875/3138/3128
f 1875/3138/3128 910/3148/3138 899/3149/3139
f 1875/3138/3128 899/3149/3139 1874/3068/3058
f 1874/3068/3058 899/3149/3139 880/3070/3060
f 893/3150/3140 892/3151/3141 899/3149/3139
f 899/3149/3139 892/3151/3141 891/3152/3142
f 899/3149/3139 891/3152/3142 880/3070/3060
f 880/3070/3060 891/3152/3142 883/3153/3143
f 879/3071/3061 878/3154/3144 1782/3069/3059
f 1782/3069/3059 878/3154/3144 867/3155/3145
f 1782/3069/3059 867/3155/3145 848/3156/3146
f 848/3156/3146 867/3155/3145 859/3157/3147
f 848/3156/3146 859/3157/3147 851/3158/3148
f 861/3159/3149 860/3160/3150 867/3155/3145
f 867/3155/3145 860/3160/3150 859/3157/3147
f 848/3156/3146 847/3161/3151 1782/3069/3059
f 1782/3069/3059 847/3161/3151 1783/3162/3152
f 1783/3162/3152 847/3161/3151 846/3163/3153
f 1783/3162/3152 846/3163/3153 835/3164/3154
f 829/3165/3155 828/3166/3156 835/3164/3154
f 835/3164/3154 828/3166/3156 827/3167/3157
f 835/3164/3154 827/3167/3157 816/3168/3158
f 816/3168/3158 827/3167/3157 819/3169/3159
f 835/3164/3154 816/3168/3158 1783/3162/3152
f 1783/3162/3152 816/3168/3158 815/3170/3160
f 1783/3162/3152 815/3170/3160 814/3171/3161
f 1783/3162/3152 814/3171/3161 1784/3172/3162
f 1784/3172/3162 814/3171/3161 803/3173/3163
f 1784/3172/3162 803/3173/3163 784/3174/3164
f 784/3174/3164 803/3173/3163 795/3175/3165
f 784/3174/3164 795/3175/3165 787/3176/3166
f 797/3177/3167 796/3178/3168 803/3173/3163
f 803/3173/3163 796/3178/3168 795/3175/3165
f 784/3174/3164 783/3179/3169 1784/3172/3162
f 1784/3172/3162 783/3179/3169 1785/3180/3170
f 1785/3180/3170 783/3179/3169 782/3181/3171
f 1785/3180/3170 782/3181/3171 771/3182/3172
f 765/3183/3173 764/3184/3174 771/3182/3172
f 771/3182/3172 764/3184/3174 763/3185/3175
f 771/3182/3172 763/3185/3175 752/3186/3176
f 752/3186/3176 763/3185/3175 755/3187/3177
f 771/3182/3172 752/3186/3176 1785/3180/3170
f 1785/3180/3170 752/3186/3176 751/3188/3178
f 1785/3180/3170 751/3188/3178 750/3189/3179
f 1785/3180/3170 750/3189/3179 1786/3190/3180
f 1786/3190/3180 750/3189/3179 739/3191/3181
f 1786/3190/3180 739/3191/3181 720/3192/3182
f 720/3192/3182 739/3191/3181 732/3193/3183
f 720/3192/3182 732/3193/3183 731/3194/3184
f 739/3191/3181 733/3195/3185 732/3193/3183
f 731/3194/3184 723/3196/3186 720/3192/3182
f 720/3192/3182 719/3197/3187 1786/3190/3180
f 1786/3190/3180 719/3197/3187 718/3198/3188
f 1786/3190/3180 718/3198/3188 707/3199/3189
f 701/3200/3190 700/3201/3191 707/3199/3189
f 707/3199/3189 700/3201/3191 699/3202/3192
f 707/3199/3189 699/3202/3192 688/3203/3193
f 688/3203/3193 699/3202/3192 691/3204/3194
f 687/3205/3195 1904/3206/3196 688/3203/3193
f 688/3203/3193 1904/3206/3196 1905/3207/3197
f 688/3203/3193 1905/3207/3197 707/3199/3189
f 707/3199/3189 1905/3207/3197 1786/3190/3180
f 687/3205/3195 686/3208/3198 1904/3206/3196
f 1904/3206/3196 686/3208/3198 675/3209/3199
f 1904/3206/3196 675/3209/3199 656/3210/3200
f 656/3210/3200 675/3209/3199 668/3211/3201
f 656/3210/3200 668/3211/3201 667/3212/3202
f 675/3209/3199 669/3213/3203 668/3211/3201
f 667/3212/3202 659/3214/3204 656/3210/3200
f 656/3210/3200 655/3215/3205 1904/3206/3196
f 1904/3206/3196 655/3215/3205 654/3216/3206
f 1904/3206/3196 654/3216/3206 643/3217/3207
f 637/3218/3208 636/3219/3209 643/3217/3207
f 643/3217/3207 636/3219/3209 624/3220/3210
f 643/3217/3207 624/3220/3210 1903/3221/3211
f 1903/3221/3211 624/3220/3210 623/3222/3212
f 1903/3221/3211 623/3222/3212 622/3223/3213
f 636/3219/3209 635/3224/3214 624/3220/3210
f 624/3220/3210 635/3224/3214 627/3225/3215
f 622/3223/3213 611/3226/3216 1903/3221/3211
f 1903/3221/3211 611/3226/3216 592/3227/3217
f 1903/3221/3211 592/3227/3217 591/3228/3218
f 605/3229/3219 604/3230/3220 611/3226/3216
f 611/3226/3216 604/3230/3220 592/3227/3217
f 604/3230/3220 603/3231/3221 592/3227/3217
f 592/3227/3217 603/3231/3221 595/3232/3222
f 591/3228/3218 590/3233/3223 1903/3221/3211
f 1903/3221/3211 590/3233/3223 579/3234/3224
f 1903/3221/3211 579/3234/3224 1902/3235/3225
f 1902/3235/3225 579/3234/3224 560/3236/3226
f 1902/3235/3225 560/3236/3226 559/3237/3227
f 573/3238/3228 572/3239/3229 579/3234/3224
f 579/3234/3224 572/3239/3229 560/3236/3226
f 572/3239/3229 571/3240/3230 560/3236/3226
f 560/3236/3226 571/3240/3230 563/3241/3231
f 559/3237/3227 558/3242/3232 1902/3235/3225
f 1902/3235/3225 558/3242/3232 547/3243/3233
f 1902/3235/3225 547/3243/3233 528/3244/3234
f 528/3244/3234 547/3243/3233 540/3245/3235
f 528/3244/3234 540/3245/3235 539/3246/3236
f 547/3243/3233 541/3247/3237 540/3245/3235
f 539/3246/3236 531/3248/3238 528/3244/3234
f 528/3244/3234 527/3249/3239 1902/3235/3225
f 1902/3235/3225 527/3249/3239 526/3250/3240
f 1902/3235/3225 526/3250/3240 515/3251/3241
f 509/3252/3242 508/3253/3243 515/3251/3241
f 515/3251/3241 508/3253/3243 496/3254/3244
f 515/3251/3241 496/3254/3244 1901/3255/3245
f 1901/3255/3245 496/3254/3244 495/3256/3246
f 1901/3255/3245 495/3256/3246 494/3257/3247
f 508/3253/3243 507/3258/3248 496/3254/3244
f 496/3254/3244 507/3258/3248 499/3259/3249
f 494/3257/3247 483/3260/3250 1901/3255/3245
f 1901/3255/3245 483/3260/3250 464/3261/3251
f 1901/3255/3245 464/3261/3251 463/3262/3252
f 477/3263/3253 476/3264/3254 483/3260/3250
f 483/3260/3250 476/3264/3254 464/3261/3251
f 476/3264/3254 475/3265/3255 464/3261/3251
f 464/3261/3251 475/3265/3255 467/3266/3256
f 463/3262/3252 462/3267/3257 1901/3255/3245
f 1901/3255/3245 462/3267/3257 1900/3268/3258
f 1900/3268/3258 462/3267/3257 451/3269/3259
f 1900/3268/3258 451/3269/3259 432/3270/3260
f 432/3270/3260 451/3269/3259 444/3271/3261
f 432/3270/3260 444/3271/3261 443/3272/3262
f 451/3269/3259 445/3273/3263 444/3271/3261
f 443/3272/3262 435/3274/3264 432/3270/3260
f 432/3270/3260 431/3275/3265 1900/3268/3258
f 1900/3268/3258 431/3275/3265 430/3276/3266
f 1900/3268/3258 430/3276/3266 419/3277/3267
f 413/3278/3268 412/3279/3269 419/3277/3267
f 419/3277/3267 412/3279/3269 400/3280/3270
f 419/3277/3267 400/3280/3270 1900/3268/3258
f 1900/3268/3258 400/3280/3270 1899/3281/3271
f 1899/3281/3271 400/3280/3270 399/3282/3272
f 1899/3281/3271 399/3282/3272 1890/3283/3273
f 1890/3283/3273 399/3282/3272 398/3284/3274
f 1890/3283/3273 398/3284/3274 387/3285/3275
f 412/3279/3269 411/3286/3276 400/3280/3270
f 400/3280/3270 411/3286/3276 403/3287/3277
f 381/3288/3278 380/3289/3279 387/3285/3275
f 387/3285/3275 380/3289/3279 368/3290/3280
f 387/3285/3275 368/3290/3280 1889/3291/3281
f 1889/3291/3281 368/3290/3280 367/3292/3282
f 1889/3291/3281 367/3292/3282 366/3293/3283
f 380/3289/3279 379/3294/3284 368/3290/3280
f 368/3290/3280 379/3294/3284 371/3295/3285
f 366/3293/3283 355/3296/3286 1889/3291/3281
f 1889/3291/3281 355/3296/3286 336/3297/3287
f 1889/3291/3281 336/3297/3287 335/3298/3288
f 349/3299/3289 348/3300/3290 355/3296/3286
f 355/3296/3286 348/3300/3290 336/3297/3287
f 348/3300/3290 347/3301/3291 336/3297/3287
f 336/3297/3287 347/3301/3291 339/3302/3292
f 1889/3291/3281 335/3298/3288 1888/3303/3293
f 1888/3303/3293 335/3298/3288 334/3304/3294
f 1888/3303/3293 334/3304/3294 323/3305/3295
f 317/3306/3296 316/3307/3297 323/3305/3295
f 323/3305/3295 316/3307/3297 304/3308/3298
f 323/3305/3295 304/3308/3298 1888/3303/3293
f 1888/3303/3293 304/3308/3298 303/3309/3299
f 1888/3303/3293 303/3309/3299 302/3310/3300
f 316/3307/3297 315/3311/3301 304/3308/3298
f 304/3308/3298 315/3311/3301 307/3312/3302
f 302/3310/3300 291/3313/3303 1888/3303/3293
f 1888/3303/3293 291/3313/3303 272/3314/3304
f 1888/3303/3293 272/3314/3304 1897/3315/3305
f 1897/3315/3305 272/3314/3304 271/3316/3306
f 1897/3315/3305 271/3316/3306 270/3317/3307
f 285/3318/3308 284/3319/3309 291/3313/3303
f 291/3313/3303 284/3319/3309 272/3314/3304
f 284/3319/3309 283/3320/3310 272/3314/3304
f 272/3314/3304 283/3320/3310 275/3321/3311
f 270/3317/3307 259/3322/3312 1897/3315/3305
f 1897/3315/3305 259/3322/3312 240/3323/3313
f 1897/3315/3305 240/3323/3313 239/3324/3314
f 253/3325/3315 252/3326/3316 259/3322/3312
f 259/3322/3312 252/3326/3316 240/3323/3313
f 252/3326/3316 251/3327/3317 240/3323/3313
f 240/3323/3313 251/3327/3317 243/3328/3318
f 239/3324/3314 238/3329/3319 1897/3315/3305
f 1897/3315/3305 238/3329/3319 227/3330/3320
f 1897/3315/3305 227/3330/3320 208/3331/3321
f 208/3331/3321 227/3330/3320 220/3332/3322
f 208/3331/3321 220/3332/3322 219/3333/3323
f 227/3330/3320 221/3334/3324 220/3332/3322
f 219/3333/3323 211/3335/3325 208/3331/3321
f 1897/3315/3305 208/3331/3321 1896/3336/3326
f 1896/3336/3326 208/3331/3321 207/3337/3327
f 1896/3336/3326 207/3337/3327 206/3338/3328
f 206/3338/3328 195/3339/3329 1896/3336/3326
f 1896/3336/3326 195/3339/3329 176/3340/3330
f 1896/3336/3326 176/3340/3330 175/3341/3331
f 189/3342/3332 188/3343/3333 195/3339/3329
f 195/3339/3329 188/3343/3333 176/3340/3330
f 188/3343/3333 187/3344/3334 176/3340/3330
f 176/3340/3330 187/3344/3334 179/3345/3335
f 175/3341/3331 174/3346/3336 1896/3336/3326
f 1896/3336/3326 174/3346/3336 163/3347/3337
f 1896/3336/3326 163/3347/3337 144/3348/3338
f 144/3348/3338 163/3347/3337 156/3349/3339
f 144/3348/3338 156/3349/3339 155/3350/3340
f 163/3347/3337 157/3351/3341 156/3349/3339
f 155/3350/3340 147/3352/3342 144/3348/3338
f 1896/3336/3326 144/3348/3338 1895/3353/3343
f 1895/3353/3343 144/3348/3338 143/3354/3344
f 1895/3353/3343 143/3354/3344 142/3355/3345
f 142/3355/3345 131/3356/3346 1895/3353/3343
f 1895/3353/3343 131/3356/3346 112/3357/3347
f 1895/3353/3343 112/3357/3347 111/3358/3348
f 125/3359/3349 124/3360/3350 131/3356/3346
f 131/3356/3346 124/3360/3350 112/3357/3347
f 124/3360/3350 123/3361/3351 112/3357/3347
f 112/3357/3347 123/3361/3351 115/3362/3352
f 111/3358/3348 110/3363/3353 1895/3353/3343
f 1895/3353/3343 110/3363/3353 99/3364/3354
f 1895/3353/3343 99/3364/3354 1894/3365/3355
f 1894/3365/3355 99/3364/3354 80/3366/3356
f 1894/3365/3355 80/3366/3356 79/3367/3357
f 93/3368/3358 92/3369/3359 99/3364/3354
f 99/3364/3354 92/3369/3359 80/3366/3356
f 92/3369/3359 91/3370/3360 80/3366/3356
f 80/3366/3356 91/3370/3360 83/3371/3361
f 79/3367/3357 78/3372/3362 1894/3365/3355
f 1894/3365/3355 78/3372/3362 67/3373/3363
f 1894/3365/3355 67/3373/3363 48/3374/3364
f 48/3374/3364 67/3373/3363 60/3375/3365
f 48/3374/3364 60/3375/3365 59/3376/3366
f 67/3373/3363 61/3377/3367 60/3375/3365
f 59/3376/3366 51/3378/3368 48/3374/3364
f 1894/3365/3355 48/3374/3364 1893/3379/3369
f 1893/3379/3369 48/3374/3364 47/3380/3370
f 1893/3379/3369 47/3380/3370 46/3381/3371
f 46/3381/3371 35/3382/3372 1893/3379/3369
f 1893/3379/3369 35/3382/3372 16/3383/3373
f 1893/3379/3369 16/3383/3373 15/3384/3374
f 29/3385/3375 28/3386/3376 35/3382/3372
f 35/3382/3372 28/3386/3376 16/3383/3373
f 28/3386/3376 27/3387/3377 16/3383/3373
f 16/3383/3373 27/3387/3377 19/3388/3378
f 15/3384/3374 14/3389/3379 1893/3379/3369
f 1893/3379/3369 14/3389/3379 3/3390/3380
f 1893/3379/3369 3/3390/3380 18/3391/3381
f 18/3391/3381 3/3390/3380 6/3392/3382
f 18/3391/3381 6/3392/3382 5/3393/3383
f 2/3394/3384 7/3395/3385 3/3390/3380
f 3/3390/3380 7/3395/3385 6/3392/3382
f 1893/3379/3369 18/3391/3381 1930/3396/3386
f 1930/3396/3386 18/3391/3381 26/3397/3387
f 1930/3396/3386 26/3397/3387 25/3398/3388
f 25/3398/3388 24/3399/3389 1930/3396/3386
f 1930/3396/3386 24/3399/3389 50/3400/3390
f 1930/3396/3386 50/3400/3390 58/3401/3391
f 34/3402/3392 39/3403/3393 24/3399/3389
f 24/3399/3389 39/3403/3393 38/3404/3394
f 24/3399/3389 38/3404/3394 50/3400/3390
f 50/3400/3390 38/3404/3394 37/3405/3395
f 58/3401/3391 57/3406/3396 1930/3396/3386
f 1930/3396/3386 57/3406/3396 56/3407/3397
f 1930/3396/3386 56/3407/3397 1929/3408/3398
f 1929/3408/3398 56/3407/3397 82/3409/3399
f 1929/3408/3398 82/3409/3399 90/3410/3400
f 66/3411/3401 71/3412/3402 56/3407/3397
f 56/3407/3397 71/3412/3402 70/3413/3403
f 56/3407/3397 70/3413/3403 82/3409/3399
f 82/3409/3399 70/3413/3403 69/3414/3404
f 90/3410/3400 89/3415/3405 1929/3408/3398
f 1929/3408/3398 89/3415/3405 88/3416/3406
f 1929/3408/3398 88/3416/3406 114/3417/3407
f 114/3417/3407 88/3416/3406 102/3418/3408
f 114/3417/3407 102/3418/3408 101/3419/3409
f 98/3420/3410 103/3421/3411 88/3416/3406
f 88/3416/3406 103/3421/3411 102/3418/3408
f 1929/3408/3398 114/3417/3407 1928/3422/3412
f 1928/3422/3412 114/3417/3407 122/3423/3413
f 1928/3422/3412 122/3423/3413 121/3424/3414
f 121/3424/3414 120/3425/3415 1928/3422/3412
f 1928/3422/3412 120/3425/3415 146/3426/3416
f 1928/3422/3412 146/3426/3416 154/3427/3417
f 130/3428/3418 135/3429/3419 120/3425/3415
f 120/3425/3415 135/3429/3419 134/3430/3420
f 120/3425/3415 134/3430/3420 146/3426/3416
f 146/3426/3416 134/3430/3420 133/3431/3421
f 154/3427/3417 153/3432/3422 1928/3422/3412
f 1928/3422/3412 153/3432/3422 152/3433/3423
f 1928/3422/3412 152/3433/3423 1927/3434/3424
f 1927/3434/3424 152/3433/3423 178/3435/3425
f 1927/3434/3424 178/3435/3425 186/3436/3426
f 162/3437/3427 167/3438/3428 152/3433/3423
f 152/3433/3423 167/3438/3428 166/3439/3429
f 152/3433/3423 166/3439/3429 178/3435/3425
f 178/3435/3425 166/3439/3429 165/3440/3430
f 186/3436/3426 185/3441/3431 1927/3434/3424
f 1927/3434/3424 185/3441/3431 184/3442/3432
f 1927/3434/3424 184/3442/3432 210/3443/3433
f 210/3443/3433 184/3442/3432 198/3444/3434
f 210/3443/3433 198/3444/3434 197/3445/3435
f 194/3446/3436 199/3447/3437 184/3442/3432
f 184/3442/3432 199/3447/3437 198/3444/3434
f 210/3443/3433 218/3448/3438 1927/3434/3424
f 1927/3434/3424 218/3448/3438 217/3449/3439
f 1927/3434/3424 217/3449/3439 216/3450/3440
f 226/3451/3441 231/3452/3442 216/3450/3440
f 216/3450/3440 231/3452/3442 230/3453/3443
f 216/3450/3440 230/3453/3443 242/3454/3444
f 242/3454/3444 230/3453/3443 229/3455/3445
f 216/3450/3440 242/3454/3444 1926/3456/3446
f 1926/3456/3446 242/3454/3444 250/3457/3447
f 1926/3456/3446 250/3457/3447 249/3458/3448
f 249/3458/3448 248/3459/3449 1926/3456/3446
f 1926/3456/3446 248/3459/3449 274/3460/3450
f 1926/3456/3446 274/3460/3450 282/3461/3451
f 258/3462/3452 263/3463/3453 248/3459/3449
f 248/3459/3449 263/3463/3453 262/3464/3454
f 248/3459/3449 262/3464/3454 274/3460/3450
f 274/3460/3450 262/3464/3454 261/3465/3455
f 282/3461/3451 281/3466/3456 1926/3456/3446
f 1926/3456/3446 281/3466/3456 280/3467/3457
f 1926/3456/3446 280/3467/3457 1925/3468/3458
f 1925/3468/3458 280/3467/3457 306/3469/3459
f 1925/3468/3458 306/3469/3459 314/3470/3460
f 290/3471/3461 295/3472/3462 280/3467/3457
f 280/3467/3457 295/3472/3462 294/3473/3463
f 280/3467/3457 294/3473/3463 306/3469/3459
f 306/3469/3459 294/3473/3463 293/3474/3464
f 314/3470/3460 313/3475/3465 1925/3468/3458
f 1925/3468/3458 313/3475/3465 312/3476/3466
f 1925/3468/3458 312/3476/3466 338/3477/3467
f 338/3477/3467 312/3476/3466 326/3478/3468
f 338/3477/3467 326/3478/3468 325/3479/3469
f 322/3480/3470 327/3481/3471 312/3476/3466
f 312/3476/3466 327/3481/3471 326/3478/3468
f 338/3477/3467 346/3482/3472 1925/3468/3458
f 1925/3468/3458 346/3482/3472 345/3483/3473
f 1925/3468/3458 345/3483/3473 1924/3484/3474
f 1924/3484/3474 345/3483/3473 344/3485/3475
f 1924/3484/3474 344/3485/3475 370/3486/3476
f 370/3486/3476 344/3485/3475 358/3487/3477
f 370/3486/3476 358/3487/3477 357/3488/3478
f 354/3489/3479 359/3490/3480 344/3485/3475
f 344/3485/3475 359/3490/3480 358/3487/3477
f 370/3486/3476 378/3491/3481 1924/3484/3474
f 1924/3484/3474 378/3491/3481 377/3492/3482
f 1924/3484/3474 377/3492/3482 376/3493/3483
f 386/3494/3484 391/3495/3485 376/3493/3483
f 376/3493/3483 391/3495/3485 390/3496/3486
f 376/3493/3483 390/3496/3486 402/3497/3487
f 402/3497/3487 390/3496/3486 389/3498/3488
f 410/3499/3489 1923/3500/3490 402/3497/3487
f 402/3497/3487 1923/3500/3490 1924/3484/3474
f 402/3497/3487 1924/3484/3474 376/3493/3483
f 410/3499/3489 409/3501/3491 1923/3500/3490
f 1923/3500/3490 409/3501/3491 1910/3502/3492
f 1923/3500/3490 1910/3502/3492 1922/3503/3493
f 1922/3503/3493 1910/3502/3492 1911/3504/3494
f 1922/3503/3493 1911/3504/3494 1921/3505/3495
f 1921/3505/3495 1911/3504/3494 1867/3506/3496
f 1921/3505/3495 1867/3506/3496 1920/3507/3497
f 1920/3507/3497 1867/3506/3496 1866/3508/3498
f 1920/3507/3497 1866/3508/3498 1778/3509/3499
f 1778/3509/3499 1866/3508/3498 1865/3510/3500
f 1778/3509/3499 1865/3510/3500 1752/3511/3501
f 1752/3511/3501 1865/3510/3500 1864/3512/3502
f 1752/3511/3501 1864/3512/3502 1753/3513/3503
f 1753/3513/3503 1864/3512/3502 1912/3514/3504
f 1753/3513/3503 1912/3514/3504 1754/3515/3505
f 1754/3515/3505 1912/3514/3504 1913/3516/3506
f 1754/3515/3505 1913/3516/3506 1755/3517/3507
f 1755/3517/3507 1913/3516/3506 1914/3518/3508
f 1755/3517/3507 1914/3518/3508 1756/3519/3509
f 1756/3519/3509 1914/3518/3508 722/3520/3510
f 1756/3519/3509 722/3520/3510 730/3521/3511
f 409/3501/3491 408/3522/3512 1910/3502/3492
f 1910/3502/3492 408/3522/3512 1909/3523/3513
f 1909/3523/3513 408/3522/3512 434/3524/3514
f 1909/3523/3513 434/3524/3514 442/3525/3515
f 418/3526/3516 423/3527/3517 408/3522/3512
f 408/3522/3512 423/3527/3517 422/3528/3518
f 408/3522/3512 422/3528/3518 434/3524/3514
f 434/3524/3514 422/3528/3518 421/3529/3519
f 442/3525/3515 441/3530/3520 1909/3523/3513
f 1909/3523/3513 441/3530/3520 440/3531/3521
f 1909/3523/3513 440/3531/3521 466/3532/3522
f 466/3532/3522 440/3531/3521 454/3533/3523
f 466/3532/3522 454/3533/3523 453/3534/3524
f 450/3535/3525 455/3536/3526 440/3531/3521
f 440/3531/3521 455/3536/3526 454/3533/3523
f 466/3532/3522 474/3537/3527 1909/3523/3513
f 1909/3523/3513 474/3537/3527 1908/3538/3528
f 1908/3538/3528 474/3537/3527 473/3539/3529
f 1908/3538/3528 473/3539/3529 472/3540/3530
f 482/3541/3531 487/3542/3532 472/3540/3530
f 472/3540/3530 487/3542/3532 486/3543/3533
f 472/3540/3530 486/3543/3533 498/3544/3534
f 498/3544/3534 486/3543/3533 485/3545/3535
f 472/3540/3530 498/3544/3534 1908/3538/3528
f 1908/3538/3528 498/3544/3534 506/3546/3536
f 1908/3538/3528 506/3546/3536 505/3547/3537
f 505/3547/3537 504/3548/3538 1908/3538/3528
f 1908/3538/3528 504/3548/3538 530/3549/3539
f 1908/3538/3528 530/3549/3539 1917/3550/3540
f 1917/3550/3540 530/3549/3539 538/3551/3541
f 1917/3550/3540 538/3551/3541 537/3552/3542
f 514/3553/3543 519/3554/3544 504/3548/3538
f 504/3548/3538 519/3554/3544 518/3555/3545
f 504/3548/3538 518/3555/3545 530/3549/3539
f 530/3549/3539 518/3555/3545 517/3556/3546
f 537/3552/3542 536/3557/3547 1917/3550/3540
f 1917/3550/3540 536/3557/3547 562/3558/3548
f 1917/3550/3540 562/3558/3548 570/3559/3549
f 546/3560/3550 551/3561/3551 536/3557/3547
f 536/3557/3547 551/3561/3551 550/3562/3552
f 536/3557/3547 550/3562/3552 562/3558/3548
f 562/3558/3548 550/3562/3552 549/3563/3553
f 570/3559/3549 569/3564/3554 1917/3550/3540
f 1917/3550/3540 569/3564/3554 568/3565/3555
f 1917/3550/3540 568/3565/3555 594/3566/3556
f 594/3566/3556 568/3565/3555 582/3567/3557
f 594/3566/3556 582/3567/3557 581/3568/3558
f 578/3569/3559 583/3570/3560 568/3565/3555
f 568/3565/3555 583/3570/3560 582/3567/3557
f 1917/3550/3540 594/3566/3556 1916/3571/3561
f 1916/3571/3561 594/3566/3556 602/3572/3562
f 1916/3571/3561 602/3572/3562 601/3573/3563
f 601/3573/3563 600/3574/3564 1916/3571/3561
f 1916/3571/3561 600/3574/3564 626/3575/3565
f 1916/3571/3561 626/3575/3565 634/3576/3566
f 610/3577/3567 615/3578/3568 600/3574/3564
f 600/3574/3564 615/3578/3568 614/3579/3569
f 600/3574/3564 614/3579/3569 626/3575/3565
f 626/3575/3565 614/3579/3569 613/3580/3570
f 634/3576/3566 633/3581/3571 1916/3571/3561
f 1916/3571/3561 633/3581/3571 632/3582/3572
f 1916/3571/3561 632/3582/3572 658/3583/3573
f 658/3583/3573 632/3582/3572 646/3584/3574
f 658/3583/3573 646/3584/3574 645/3585/3575
f 642/3586/3576 647/3587/3577 632/3582/3572
f 632/3582/3572 647/3587/3577 646/3584/3574
f 1916/3571/3561 658/3583/3573 1915/3588/3578
f 1915/3588/3578 658/3583/3573 666/3589/3579
f 1915/3588/3578 666/3589/3579 665/3590/3580
f 665/3590/3580 664/3591/3581 1915/3588/3578
f 1915/3588/3578 664/3591/3581 690/3592/3582
f 1915/3588/3578 690/3592/3582 698/3593/3583
f 674/3594/3584 679/3595/3585 664/3591/3581
f 664/3591/3581 679/3595/3585 678/3596/3586
f 664/3591/3581 678/3596/3586 690/3592/3582
f 690/3592/3582 678/3596/3586 677/3597/3587
f 698/3593/3583 697/3598/3588 1915/3588/3578
f 1915/3588/3578 697/3598/3588 696/3599/3589
f 1915/3588/3578 696/3599/3589 1914/3518/3508
f 1914/3518/3508 696/3599/3589 722/3520/3510
f 706/3600/3590 711/3601/3591 696/3599/3589
f 696/3599/3589 711/3601/3591 722/3520/3510
f 711/3601/3591 710/3602/3592 722/3520/3510
f 722/3520/3510 710/3602/3592 709/3603/3593
f 730/3521/3511 729/3604/3594 1756/3519/3509
f 1756/3519/3509 729/3604/3594 728/3605/3595
f 1756/3519/3509 728/3605/3595 754/3606/3596
f 754/3606/3596 728/3605/3595 742/3607/3597
f 754/3606/3596 742/3607/3597 741/3608/3598
f 738/3609/3599 743/3610/3600 728/3605/3595
f 728/3605/3595 743/3610/3600 742/3607/3597
f 754/3606/3596 762/3611/3601 1756/3519/3509
f 1756/3519/3509 762/3611/3601 1757/3612/3602
f 1757/3612/3602 762/3611/3601 761/3613/3603
f 1757/3612/3602 761/3613/3603 760/3614/3604
f 770/3615/3605 775/3616/3606 760/3614/3604
f 760/3614/3604 775/3616/3606 786/3617/3607
f 760/3614/3604 786/3617/3607 1757/3612/3602
f 1757/3612/3602 786/3617/3607 794/3618/3608
f 1757/3612/3602 794/3618/3608 793/3619/3609
f 775/3616/3606 774/3620/3610 786/3617/3607
f 786/3617/3607 774/3620/3610 773/3621/3611
f 1757/3612/3602 793/3619/3609 1758/3622/3612
f 1758/3622/3612 793/3619/3609 792/3623/3613
f 1758/3622/3612 792/3623/3613 818/3624/3614
f 818/3624/3614 792/3623/3613 807/3625/3615
f 818/3624/3614 807/3625/3615 806/3626/3616
f 792/3623/3613 802/3627/3617 807/3625/3615
f 806/3626/3616 805/3628/3618 818/3624/3614
f 818/3624/3614 826/3629/3619 1758/3622/3612
f 1758/3622/3612 826/3629/3619 1759/3630/3620
f 1759/3630/3620 826/3629/3619 825/3631/3621
f 1759/3630/3620 825/3631/3621 824/3632/3622
f 834/3633/3623 839/3634/3624 824/3632/3622
f 824/3632/3622 839/3634/3624 850/3635/3625
f 824/3632/3622 850/3635/3625 1759/3630/3620
f 1759/3630/3620 850/3635/3625 858/3636/3626
f 1759/3630/3620 858/3636/3626 857/3637/3627
f 839/3634/3624 838/3638/3628 850/3635/3625
f 850/3635/3625 838/3638/3628 837/3639/3629
f 1759/3630/3620 857/3637/3627 1760/3640/3630
f 1760/3640/3630 857/3637/3627 856/3641/3631
f 1760/3640/3630 856/3641/3631 882/3642/3632
f 882/3642/3632 856/3641/3631 871/3643/3633
f 882/3642/3632 871/3643/3633 870/3644/3634
f 856/3641/3631 866/3645/3635 871/3643/3633
f 870/3644/3634 869/3646/3636 882/3642/3632
f 882/3642/3632 890/3647/3637 1760/3640/3630
f 1760/3640/3630 890/3647/3637 889/3648/3638
f 1760/3640/3630 889/3648/3638 888/3649/3639
f 898/3650/3640 903/3651/3641 888/3649/3639
f 888/3649/3639 903/3651/3641 914/3652/3642
f 888/3649/3639 914/3652/3642 1939/3653/3643
f 1939/3653/3643 914/3652/3642 1938/3654/3644
f 1938/3654/3644 914/3652/3642 922/3655/3645
f 1938/3654/3644 922/3655/3645 921/3656/3646
f 903/3651/3641 902/3657/3647 914/3652/3642
f 914/3652/3642 902/3657/3647 901/3658/3648
f 921/3656/3646 920/3659/3649 1938/3654/3644
f 1938/3654/3644 920/3659/3649 946/3660/3650
f 1938/3654/3644 946/3660/3650 954/3661/3651
f 930/3662/3652 935/3663/3653 920/3659/3649
f 920/3659/3649 935/3663/3653 946/3660/3650
f 935/3663/3653 934/3664/3654 946/3660/3650
f 946/3660/3650 934/3664/3654 933/3665/3655
f 954/3661/3651 953/3666/3656 1938/3654/3644
f 1938/3654/3644 953/3666/3656 952/3667/3657
f 1938/3654/3644 952/3667/3657 1937/3668/3658
f 1937/3668/3658 952/3667/3657 978/3669/3659
f 1937/3668/3658 978/3669/3659 986/3670/3660
f 962/3671/3661 967/3672/3662 952/3667/3657
f 952/3667/3657 967/3672/3662 978/3669/3659
f 967/3672/3662 966/3673/3663 978/3669/3659
f 978/3669/3659 966/3673/3663 965/3674/3664
f 986/3670/3660 985/3675/3665 1937/3668/3658
f 1937/3668/3658 985/3675/3665 984/3676/3666
f 1937/3668/3658 984/3676/3666 1010/3677/3667
f 1010/3677/3667 984/3676/3666 999/3678/3668
f 1010/3677/3667 999/3678/3668 998/3679/3669
f 984/3676/3666 994/3680/3670 999/3678/3668
f 998/3679/3669 997/3681/3671 1010/3677/3667
f 1010/3677/3667 1018/3682/3672 1937/3668/3658
f 1937/3668/3658 1018/3682/3672 1017/3683/3673
f 1937/3668/3658 1017/3683/3673 1016/3684/3674
f 1026/3685/3675 1031/3686/3676 1016/3684/3674
f 1016/3684/3674 1031/3686/3676 1042/3687/3677
f 1016/3684/3674 1042/3687/3677 1936/3688/3678
f 1936/3688/3678 1042/3687/3677 1050/3689/3679
f 1936/3688/3678 1050/3689/3679 1049/3690/3680
f 1031/3686/3676 1030/3691/3681 1042/3687/3677
f 1042/3687/3677 1030/3691/3681 1029/3692/3682
f 1049/3690/3680 1048/3693/3683 1936/3688/3678
f 1936/3688/3678 1048/3693/3683 1074/3694/3684
f 1936/3688/3678 1074/3694/3684 1082/3695/3685
f 1058/3696/3686 1063/3697/3687 1048/3693/3683
f 1048/3693/3683 1063/3697/3687 1074/3694/3684
f 1063/3697/3687 1062/3698/3688 1074/3694/3684
f 1074/3694/3684 1062/3698/3688 1061/3699/3689
f 1082/3695/3685 1081/3700/3690 1936/3688/3678
f 1936/3688/3678 1081/3700/3690 1080/3701/3691
f 1936/3688/3678 1080/3701/3691 1935/3702/3692
f 1935/3702/3692 1080/3701/3691 1106/3703/3693
f 1935/3702/3692 1106/3703/3693 1114/3704/3694
f 1090/3705/3695 1095/3706/3696 1080/3701/3691
f 1080/3701/3691 1095/3706/3696 1106/3703/3693
f 1095/3706/3696 1094/3707/3697 1106/3703/3693
f 1106/3703/3693 1094/3707/3697 1093/3708/3698
f 1114/3704/3694 1113/3709/3699 1935/3702/3692
f 1935/3702/3692 1113/3709/3699 1112/3710/3700
f 1935/3702/3692 1112/3710/3700 1138/3711/3701
f 1138/3711/3701 1112/3710/3700 1127/3712/3702
f 1138/3711/3701 1127/3712/3702 1126/3713/3703
f 1112/3710/3700 1122/3714/3704 1127/3712/3702
f 1126/3713/3703 1125/3715/3705 1138/3711/3701
f 1138/3711/3701 1146/3716/3706 1935/3702/3692
f 1935/3702/3692 1146/3716/3706 1145/3717/3707
f 1935/3702/3692 1145/3717/3707 1934/3718/3708
f 1934/3718/3708 1145/3717/3707 1144/3719/3709
f 1934/3718/3708 1144/3719/3709 1170/3720/3710
f 1170/3720/3710 1144/3719/3709 1159/3721/3711
f 1170/3720/3710 1159/3721/3711 1158/3722/3712
f 1144/3719/3709 1154/3723/3713 1159/3721/3711
f 1158/3722/3712 1157/3724/3714 1170/3720/3710
f 1170/3720/3710 1178/3725/3715 1934/3718/3708
f 1934/3718/3708 1178/3725/3715 1177/3726/3716
f 1934/3718/3708 1177/3726/3716 1176/3727/3717
f 1186/3728/3718 1191/3729/3719 1176/3727/3717
f 1176/3727/3717 1191/3729/3719 1202/3730/3720
f 1176/3727/3717 1202/3730/3720 1934/3718/3708
f 1934/3718/3708 1202/3730/3720 1933/3731/3721
f 1933/3731/3721 1202/3730/3720 1210/3732/3722
f 1933/3731/3721 1210/3732/3722 1944/3733/3723
f 1944/3733/3723 1210/3732/3722 1209/3734/3724
f 1944/3733/3723 1209/3734/3724 1208/3735/3725
f 1191/3729/3719 1190/3736/3726 1202/3730/3720
f 1202/3730/3720 1190/3736/3726 1189/3737/3727
f 1218/3738/3728 1223/3739/3729 1208/3735/3725
f 1208/3735/3725 1223/3739/3729 1234/3740/3730
f 1208/3735/3725 1234/3740/3730 1943/3741/3731
f 1943/3741/3731 1234/3740/3730 1242/3742/3732
f 1943/3741/3731 1242/3742/3732 1241/3743/3733
f 1223/3739/3729 1222/3744/3734 1234/3740/3730
f 1234/3740/3730 1222/3744/3734 1221/3745/3735
f 1241/3743/3733 1240/3746/3736 1943/3741/3731
f 1943/3741/3731 1240/3746/3736 1266/3747/3737
f 1943/3741/3731 1266/3747/3737 1274/3748/3738
f 1250/3749/3739 1255/3750/3740 1240/3746/3736
f 1240/3746/3736 1255/3750/3740 1266/3747/3737
f 1255/3750/3740 1254/3751/3741 1266/3747/3737
f 1266/3747/3737 1254/3751/3741 1253/3752/3742
f 1943/3741/3731 1274/3748/3738 1942/3753/3743
f 1942/3753/3743 1274/3748/3738 1273/3754/3744
f 1942/3753/3743 1273/3754/3744 1272/3755/3745
f 1282/3756/3746 1287/3757/3747 1272/3755/3745
f 1272/3755/3745 1287/3757/3747 1298/3758/3748
f 1272/3755/3745 1298/3758/3748 1942/3753/3743
f 1942/3753/3743 1298/3758/3748 1306/3759/3749
f 1942/3753/3743 1306/3759/3749 1305/3760/3750
f 1287/3757/3747 1286/3761/3751 1298/3758/3748
f 1298/3758/3748 1286/3761/3751 1285/3762/3752
f 1305/3760/3750 1304/3763/3753 1942/3753/3743
f 1942/3753/3743 1304/3763/3753 1330/3764/3754
f 1942/3753/3743 1330/3764/3754 1951/3765/3755
f 1951/3765/3755 1330/3764/3754 1338/3766/3756
f 1951/3765/3755 1338/3766/3756 1337/3767/3757
f 1314/3768/3758 1319/3769/3759 1304/3763/3753
f 1304/3763/3753 1319/3769/3759 1330/3764/3754
f 1319/3769/3759 1318/3770/3760 1330/3764/3754
f 1330/3764/3754 1318/3770/3760 1317/3771/3761
f 1337/3767/3757 1336/3772/3762 1951/3765/3755
f 1951/3765/3755 1336/3772/3762 1362/3773/3763
f 1951/3765/3755 1362/3773/3763 1370/3774/3764
f 1346/3775/3765 1351/3776/3766 1336/3772/3762
f 1336/3772/3762 1351/3776/3766 1362/3773/3763
f 1351/3776/3766 1350/3777/3767 1362/3773/3763
f 1362/3773/3763 1350/3777/3767 1349/3778/3768
f 1370/3774/3764 1369/3779/3769 1951/3765/3755
f 1951/3765/3755 1369/3779/3769 1368/3780/3770
f 1951/3765/3755 1368/3780/3770 1394/3781/3771
f 1394/3781/3771 1368/3780/3770 1383/3782/3772
f 1394/3781/3771 1383/3782/3772 1382/3783/3773
f 1368/3780/3770 1378/3784/3774 1383/3782/3772
f 1382/3783/3773 1381/3785/3775 1394/3781/3771
f 1951/3765/3755 1394/3781/3771 1950/3786/3776
f 1950/3786/3776 1394/3781/3771 1402/3787/3777
f 1950/3786/3776 1402/3787/3777 1401/3788/3778
f 1401/3788/3778 1400/3789/3779 1950/3786/3776
f 1950/3786/3776 1400/3789/3779 1426/3790/3780
f 1950/3786/3776 1426/3790/3780 1434/3791/3781
f 1410/3792/3782 1415/3793/3783 1400/3789/3779
f 1400/3789/3779 1415/3793/3783 1426/3790/3780
f 1415/3793/3783 1414/3794/3784 1426/3790/3780
f 1426/3790/3780 1414/3794/3784 1413/3795/3785
f 1434/3791/3781 1433/3796/3786 1950/3786/3776
f 1950/3786/3776 1433/3796/3786 1432/3797/3787
f 1950/3786/3776 1432/3797/3787 1458/3798/3788
f 1458/3798/3788 1432/3797/3787 1447/3799/3789
f 1458/3798/3788 1447/3799/3789 1446/3800/3790
f 1432/3797/3787 1442/3801/3791 1447/3799/3789
f 1446/3800/3790 1445/3802/3792 1458/3798/3788
f 1950/3786/3776 1458/3798/3788 1949/3803/3793
f 1949/3803/3793 1458/3798/3788 1466/3804/3794
f 1949/3803/3793 1466/3804/3794 1465/3805/3795
f 1465/3805/3795 1464/3806/3796 1949/3803/3793
f 1949/3803/3793 1464/3806/3796 1490/3807/3797
f 1949/3803/3793 1490/3807/3797 1498/3808/3798
f 1474/3809/3799 1479/3810/3800 1464/3806/3796
f 1464/3806/3796 1479/3810/3800 1490/3807/3797
f 1479/3810/3800 1478/3811/3801 1490/3807/3797
f 1490/3807/3797 1478/3811/3801 1477/3812/3802
f 1498/3808/3798 1497/3813/3803 1949/3803/3793
f 1949/3803/3793 1497/3813/3803 1496/3814/3804
f 1949/3803/3793 1496/3814/3804 1948/3815/3805
f 1948/3815/3805 1496/3814/3804 1522/3816/3806
f 1948/3815/3805 1522/3816/3806 1530/3817/3807
f 1506/3818/3808 1511/3819/3809 1496/3814/3804
f 1496/3814/3804 1511/3819/3809 1522/3816/3806
f 1511/3819/3809 1510/3820/3810 1522/3816/3806
f 1522/3816/3806 1510/3820/3810 1509/3821/3811
f 1530/3817/3807 1529/3822/3812 1948/3815/3805
f 1948/3815/3805 1529/3822/3812 1528/3823/3813
f 1948/3815/3805 1528/3823/3813 1554/3824/3814
f 1554/3824/3814 1528/3823/3813 1543/3825/3815
f 1554/3824/3814 1543/3825/3815 1542/3826/3816
f 1528/3823/3813 1538/3827/3817 1543/3825/3815
f 1542/3826/3816 1541/3828/3818 1554/3824/3814
f 1948/3815/3805 1554/3824/3814 1947/2941/2931
f 1947/2941/2931 1554/3824/3814 1562/3829/3819
f 1947/2941/2931 1562/3829/3819 1561/3830/3820
f 1561/3830/3820 1560/2945/2935 1947/2941/2931
f 1591/2946/2936 1590/3831/3821 1749/2944/2934
f 1749/2944/2934 1590/3831/3821 1589/3832/3822
f 1843/3833/3823 1768/3834/3824 1836/3835/3825
f 1836/3835/3825 1768/3834/3824 1767/3836/3826
f 1836/3835/3825 1767/3836/3826 1812/3837/3827
f 1812/3837/3827 1767/3836/3826 1813/3838/3828
f 1813/3838/3828 1767/3836/3826 1766/3839/3829
f 1813/3838/3828 1766/3839/3829 1814/3840/3830
f 1814/3840/3830 1766/3839/3829 1765/3841/3831
f 1814/3840/3830 1765/3841/3831 1806/3842/3832
f 1806/3842/3832 1765/3841/3831 1807/3843/3833
f 1807/3843/3833 1765/3841/3831 1764/3844/3834
f 1807/3843/3833 1764/3844/3834 1800/3845/3835
f 1800/3845/3835 1764/3844/3834 1763/3846/3836
f 1800/3845/3835 1763/3846/3836 1941/3847/3837
f 1941/3847/3837 1763/3846/3836 1762/3848/3838
f 1941/3847/3837 1762/3848/3838 1940/3849/3839
f 1940/3849/3839 1762/3848/3838 1761/3850/3840
f 1940/3849/3839 1761/3850/3840 1939/3653/3643
f 1939/3653/3643 1761/3850/3840 1760/3640/3630
f 1939/3653/3643 1760/3640/3630 888/3649/3639
f 1768/3834/3824 1843/3833/3823 1769/3851/3841
f 1769/3851/3841 1843/3833/3823 1842/3057/3047
f 1769/3851/3841 1842/3057/3047 1770/3059/3049
f 1882/3006/2996 1883/2984/2974 1379/3000/2990
f 1885/2963/2953 1886/2940/2930 1539/2957/2947
f 1947/2941/2931 1886/2940/2930 1946/3852/3842
f 1946/3852/3842 1886/2940/2930 1887/3853/3843
f 1946/3852/3842 1887/3853/3843 1812/3837/3827
f 1812/3837/3827 1887/3853/3843 1836/3835/3825
f 1889/3291/3281 1890/3283/3273 387/3285/3275
f 1890/3283/3273 1891/3854/3844 1899/3281/3271
f 1899/3281/3271 1891/3854/3844 1898/3855/3845
f 1898/3855/3845 1891/3854/3844 1851/3856/3846
f 1898/3855/3845 1851/3856/3846 1857/3857/3847
f 1857/3857/3847 1851/3856/3846 1850/3858/3848
f 1857/3857/3847 1850/3858/3848 1858/3859/3849
f 1858/3859/3849 1850/3858/3848 1773/3860/3850
f 1858/3859/3849 1773/3860/3850 1859/3861/3851
f 1859/3861/3851 1773/3860/3850 1772/3862/3852
f 1859/3861/3851 1772/3862/3852 1852/3863/3853
f 1852/3863/3853 1772/3862/3852 1789/3864/3854
f 1852/3863/3853 1789/3864/3854 1907/3865/3855
f 1907/3865/3855 1789/3864/3854 1788/3866/3856
f 1907/3865/3855 1788/3866/3856 1906/3867/3857
f 1906/3867/3857 1788/3866/3856 1787/3868/3858
f 1906/3867/3857 1787/3868/3858 1905/3207/3197
f 1905/3207/3197 1787/3868/3858 1786/3190/3180
f 1773/3860/3850 1850/3858/3848 1774/3869/3859
f 1774/3869/3859 1850/3858/3848 1849/3870/3860
f 1774/3869/3859 1849/3870/3860 1775/3871/3861
f 1775/3871/3861 1849/3870/3860 1848/3872/3862
f 1775/3871/3861 1848/3872/3862 1918/3873/3863
f 1918/3873/3863 1848/3872/3862 1931/3874/3864
f 1931/3874/3864 1848/3872/3862 1892/3875/3865
f 1931/3874/3864 1892/3875/3865 1930/3396/3386
f 1930/3396/3386 1892/3875/3865 1893/3379/3369
f 1901/3255/3245 1902/3235/3225 515/3251/3241
f 1903/3221/3211 1904/3206/3196 643/3217/3207
f 1775/3871/3861 1918/3873/3863 1776/3876/3866
f 1776/3876/3866 1918/3873/3863 1919/3877/3867
f 1776/3876/3866 1919/3877/3867 1777/3878/3868
f 1777/3878/3868 1919/3877/3867 1920/3507/3497
f 1777/3878/3868 1920/3507/3497 1778/3509/3499
f 1926/3456/3446 1927/3434/3424 216/3450/3440
f 1806/3842/3832 1805/3879/3869 1814/3840/3830
f 1814/3840/3830 1805/3879/3869 1815/3880/3870
f 1815/3880/3870 1805/3879/3869 1932/3881/3871
f 1815/3880/3870 1932/3881/3871 1945/3882/3872
f 1945/3882/3872 1932/3881/3871 1933/3731/3721
f 1945/3882/3872 1933/3731/3721 1944/3733/3723
f 1936/3688/3678 1937/3668/3658 1016/3684/3674
f 1943/3741/3731 1944/3733/3723 1208/3735/3725
f 1918/3883/3873 1952/3884/3874 1919/3885/3875
f 1919/3885/3875 1952/3884/3874 1953/3886/3876
f 1919/3885/3875 1953/3886/3876 1954/3887/3877
f 1919/3885/3875 1954/3887/3877 1920/3888/3878
f 1920/3888/3878 1954/3887/3877 1955/3889/3879
f 1920/3888/3878 1955/3889/3879 1921/3890/3880
f 1971/3891/3881 1956/3892/3882 1795/3893/3883
f 1795/3893/3883 1956/3892/3882 1957/3894/3884
f 1795/3893/3883 1957/3894/3884 1796/3895/3885
f 1796/3895/3885 1957/3894/3884 1958/3896/3886
f 1796/3895/3885 1958/3896/3886 1797/3897/3887
f 1797/3897/3887 1958/3896/3886 1959/3898/3888
f 1797/3897/3887 1959/3898/3888 1960/3899/3889
f 1797/3897/3887 1960/3899/3889 1798/3900/3890
f 1798/3900/3890 1960/3899/3889 1961/3901/3891
f 1798/3900/3890 1961/3901/3891 1962/3902/3892
f 1798/3900/3890 1962/3902/3892 1799/3903/3893
f 1799/3903/3893 1962/3902/3892 1963/3904/3894
f 1799/3903/3893 1963/3904/3894 1790/3905/3895
f 1790/3905/3895 1963/3904/3894 1964/3906/3896
f 1790/3905/3895 1964/3906/3896 1965/3907/3897
f 1790/3905/3895 1965/3907/3897 1791/3908/3898
f 1791/3908/3898 1965/3907/3897 1966/3909/3899
f 1791/3908/3898 1966/3909/3899 1792/3910/3900
f 1792/3910/3900 1966/3909/3899 1967/3911/3901
f 1792/3910/3900 1967/3911/3901 1968/3912/3902
f 1792/3910/3900 1968/3912/3902 1793/3913/3903
f 1793/3913/3903 1968/3912/3902 1969/3914/3904
f 1793/3913/3903 1969/3914/3904 1970/3915/3905
f 1793/3913/3903 1970/3915/3905 1794/3916/3906
f 1794/3916/3906 1970/3915/3905 1971/3891/3881
f 1794/3916/3906 1971/3891/3881 1795/3893/3883
f 1801/3917/2851 1800/3918/2853 1972/3919/3907
f 1972/3919/3907 1800/3918/2853 1941/3920/3908
f 1973/3921/3909 1974/3922/3910 1938/3923/3911
f 1938/3923/3911 1974/3922/3910 1939/3924/3912
f 1939/3924/3912 1974/3922/3910 1975/3925/3913
f 1939/3924/3912 1975/3925/3913 1940/3926/3914
f 1940/3926/3914 1975/3925/3913 1972/3927/3907
f 1940/3926/3914 1972/3927/3907 1941/3928/3908
f 1976/3929/3915 1977/3930/3916 1935/3931/3917
f 1935/3931/3917 1977/3930/3916 1936/3932/3918
f 1936/3932/3918 1977/3930/3916 1978/3933/3919
f 1936/3932/3918 1978/3933/3919 1937/3934/3920
f 1937/3934/3920 1978/3933/3919 1973/3935/3909
f 1937/3934/3920 1973/3935/3909 1938/3936/3911
f 1979/3937/3921 1980/3938/3922 1932/3939/3923
f 1932/3939/3923 1980/3938/3922 1933/3940/3924
f 1933/3940/3924 1980/3938/3922 1981/3941/3925
f 1933/3940/3924 1981/3941/3925 1934/3942/3926
f 1934/3942/3926 1981/3941/3925 1976/3943/3915
f 1934/3942/3926 1976/3943/3915 1935/3944/3917
f 1979/3945/3921 1932/3946/3923 1804/3947/2858
f 1804/3947/2858 1932/3946/3923 1805/3948/2857
f 1982/3949/3927 1983/3950/3928 1942/3951/3929
f 1942/3951/3929 1983/3950/3928 1943/3952/3930
f 1943/3952/3930 1983/3950/3928 1984/3953/3931
f 1943/3952/3930 1984/3953/3931 1944/3954/3932
f 1944/3954/3932 1984/3953/3931 1985/3955/3933
f 1944/3954/3932 1985/3955/3933 1945/3956/3934
f 1986/3957/3935 1987/3958/3936 1949/3959/3937
f 1949/3959/3937 1987/3958/3936 1950/3960/3938
f 1950/3960/3938 1987/3958/3936 1988/3961/3939
f 1950/3960/3938 1988/3961/3939 1951/3962/3940
f 1951/3962/3940 1988/3961/3939 1942/3963/3929
f 1942/3963/3929 1988/3961/3939 1982/3964/3927
f 1946/3965/3941 1989/3966/3942 1947/3967/3943
f 1947/3967/3943 1989/3966/3942 1990/3968/3944
f 1947/3967/3943 1990/3968/3944 1991/3969/3945
f 1947/3967/3943 1991/3969/3945 1948/3970/3946
f 1948/3970/3946 1991/3969/3945 1986/3971/3935
f 1948/3970/3946 1986/3971/3935 1949/3972/3937
f 1989/3973/3942 1946/3974/3941 1811/3975/2866
f 1811/3975/2866 1946/3974/3941 1812/3976/2865
f 1808/3977/2859 1815/3978/2861 1985/3979/3933
f 1985/3979/3933 1815/3978/2861 1945/3980/3934
f 1825/3981/3947 1824/3982/3948 1818/3983/3949
f 1818/3983/3949 1824/3982/3948 1819/3984/3950
f 1992/3985/3951 1993/3986/3952 1868/3987/3953
f 1868/3987/3953 1993/3986/3952 1869/3988/3954
f 1869/3988/3954 1993/3986/3952 1994/3989/3955
f 1869/3988/3954 1994/3989/3955 1870/3990/3956
f 1870/3990/3956 1994/3989/3955 1995/3991/3957
f 1870/3990/3956 1995/3991/3957 1871/3992/3958
f 1996/3993/3959 1997/3994/3960 1875/3995/3961
f 1875/3995/3961 1997/3994/3960 1876/3996/3962
f 1876/3996/3962 1997/3994/3960 1877/3997/3963
f 1877/3997/3963 1997/3994/3960 1998/3998/3964
f 1877/3997/3963 1998/3998/3964 1992/3999/3951
f 1992/3999/3951 1868/4000/3953 1877/3997/3963
f 1999/4001/3965 2000/4002/3966 1872/4003/3967
f 1872/4003/3967 2000/4002/3966 1873/4004/3968
f 1873/4004/3968 2000/4002/3966 2001/4005/3969
f 1873/4004/3968 2001/4005/3969 1874/4006/3970
f 1874/4006/3970 2001/4005/3969 1996/4007/3959
f 1874/4006/3970 1996/4007/3959 1875/4008/3961
f 1999/4009/3965 1872/4010/3967 1831/4011/2889
f 1831/4011/2889 1872/4010/3967 1832/4012/2890
f 1828/4013/2883 1835/4014/2885 1995/4015/3957
f 1995/4015/3957 1835/4014/2885 1871/4016/3958
f 1837/4017/2891 1836/4018/2893 2002/4019/3971
f 2002/4019/3971 1836/4018/2893 1887/4020/3972
f 2003/4021/3973 2004/4022/3974 1884/4023/3975
f 1884/4023/3975 2004/4022/3974 1885/4024/3976
f 1885/4024/3976 2004/4022/3974 2005/4025/3977
f 1885/4024/3976 2005/4025/3977 1886/4026/3978
f 1886/4026/3978 2005/4025/3977 1887/4027/3972
f 1887/4027/3972 2005/4025/3977 2002/4028/3971
f 2006/4029/3979 2007/4030/3980 1881/4031/3981
f 1881/4031/3981 2007/4030/3980 1882/4032/3982
f 1882/4032/3982 2007/4030/3980 2008/4033/3983
f 1882/4032/3982 2008/4033/3983 1883/4034/3984
f 1883/4034/3984 2008/4033/3983 1884/4035/3975
f 1884/4035/3975 2008/4033/3983 2003/4036/3973
f 2009/4037/3985 2010/4038/3986 1878/4039/3987
f 1878/4039/3987 2010/4038/3986 1879/4040/3988
f 1879/4040/3988 2010/4038/3986 2011/4041/3989
f 1879/4040/3988 2011/4041/3989 1880/4042/3990
f 1880/4043/3990 2011/4044/3989 2006/4045/3979
f 1880/4043/3990 2006/4045/3979 1881/4046/3981
f 2009/4047/3985 1878/4048/3987 1840/4049/2897
f 1840/4049/2897 1878/4048/3987 1841/4050/2898
f 2012/4051/3991 2013/4052/3992 1888/4053/3993
f 1888/4053/3993 2013/4052/3992 1889/4054/3994
f 1889/4054/3994 2013/4052/3992 2014/4055/3995
f 1889/4054/3994 2014/4055/3995 1890/4056/3996
f 1890/4057/3996 2014/4058/3995 2015/4059/3997
f 1890/4057/3996 2015/4059/3997 1891/4060/3998
f 1895/4061/3999 2016/4062/4000 1896/4063/4001
f 1896/4063/4001 2016/4062/4000 2017/4064/4002
f 1896/4063/4001 2017/4064/4002 2018/4065/4003
f 1896/4063/4001 2018/4065/4003 1897/4066/4004
f 1897/4066/4004 2018/4065/4003 2012/4067/3991
f 1897/4066/4004 2012/4067/3991 1888/4068/3993
f 1892/4069/4005 2019/4070/4006 1893/4071/4007
f 1893/4071/4007 2019/4070/4006 2020/4072/4008
f 1893/4071/4007 2020/4072/4008 2021/4073/4009
f 1893/4071/4007 2021/4073/4009 1894/4074/4010
f 1894/4074/4010 2021/4073/4009 2016/4075/4000
f 1894/4074/4010 2016/4075/4000 1895/4076/3999
f 2019/4077/4006 1892/4078/4005 1847/4079/2905
f 1847/4079/2905 1892/4078/4005 1848/4080/2906
f 1844/4081/2899 1851/4082/2901 2015/4083/3997
f 2015/4083/3997 1851/4082/2901 1891/4084/3998
f 1853/4085/2907 1852/4086/2909 2022/4087/4011
f 2022/4087/4011 1852/4086/2909 1907/4088/4012
f 2023/4089/4013 2024/4090/4014 1904/4091/4015
f 1904/4091/4015 2024/4090/4014 1905/4092/4016
f 1905/4093/4016 2024/4094/4014 2025/4095/4017
f 1905/4093/4016 2025/4095/4017 1906/4096/4018
f 1906/4096/4018 2025/4095/4017 2022/4097/4011
f 1906/4096/4018 2022/4097/4011 1907/4098/4012
f 2026/4099/4019 2027/4100/4020 1901/4101/4021
f 1901/4101/4021 2027/4100/4020 1902/4102/4022
f 1902/4102/4022 2027/4100/4020 1903/4103/4023
f 1903/4103/4023 2027/4100/4020 2028/4104/4024
f 1903/4103/4023 2028/4104/4024 2023/4105/4013
f 2023/4105/4013 1904/4106/4015 1903/4103/4023
f 2029/4107/4025 2030/4108/4026 1898/4109/4027
f 1898/4109/4027 2030/4108/4026 1899/4110/4028
f 1899/4110/4028 2030/4108/4026 2031/4111/4029
f 1899/4110/4028 2031/4111/4029 1900/4112/4030
f 1900/4112/4030 2031/4111/4029 2026/4113/4019
f 1900/4112/4030 2026/4113/4019 1901/4114/4021
f 2029/4115/4025 1898/4116/4027 1856/4117/2913
f 1856/4117/2913 1898/4116/4027 1857/4118/2914
f 2032/4119/4031 2033/4120/4032 1908/4121/4033
f 1908/4121/4033 2033/4120/4032 1909/4122/4034
f 1909/4122/4034 2033/4120/4032 2034/4123/4035
f 1909/4122/4034 2034/4123/4035 1910/4124/4036
f 1910/4124/4036 2034/4123/4035 2035/4125/4037
f 1910/4124/4036 2035/4125/4037 1911/4126/4038
f 2036/4127/4039 2037/4128/4040 1915/4129/4041
f 1915/4129/4041 2037/4128/4040 1916/4130/4042
f 1916/4130/4042 2037/4128/4040 2038/4131/4043
f 1916/4130/4042 2038/4131/4043 1917/4132/4044
f 1917/4132/4044 2038/4131/4043 2032/4133/4031
f 1917/4132/4044 2032/4133/4031 1908/4134/4033
f 2039/4135/4045 2040/4136/4046 1912/4137/4047
f 1912/4137/4047 2040/4136/4046 1913/4138/4048
f 1913/4138/4048 2040/4136/4046 2041/4139/4049
f 1913/4138/4048 2041/4139/4049 1914/4140/4050
f 1914/4140/4050 2041/4139/4049 2036/4141/4039
f 1914/4140/4050 2036/4141/4039 1915/4142/4041
f 2039/4143/4045 1912/4144/4047 1863/4145/2921
f 1863/4145/2921 1912/4144/4047 1864/4146/2922
f 1860/4147/2916 1867/4148/2915 2035/4149/4037
f 2035/4149/4037 1867/4148/2915 1911/4150/4038
f 1952/4151/3874 1918/4152/3873 2042/4153/4051
f 2042/4153/4051 1918/4152/3873 1931/4154/4052
f 2043/4155/4053 2044/4156/4054 1928/4157/4055
f 1928/4157/4055 2044/4156/4054 1929/4158/4056
f 1929/4158/4056 2044/4156/4054 2045/4159/4057
f 1929/4158/4056 2045/4159/4057 1930/4160/4058
f 1930/4160/4058 2045/4159/4057 1931/4161/4052
f 1931/4161/4052 2045/4159/4057 2042/4162/4051
f 1925/4163/4059 2046/4164/4060 1926/4165/4061
f 1926/4165/4061 2046/4164/4060 2047/4166/4062
f 1926/4165/4061 2047/4166/4062 2048/4167/4063
f 1926/4165/4061 2048/4167/4063 1927/4168/4064
f 1927/4168/4064 2048/4167/4063 2043/4169/4053
f 1927/4168/4064 2043/4169/4053 1928/4170/4055
f 2049/4171/4065 2050/4172/4066 1922/4173/4067
f 1922/4173/4067 2050/4172/4066 1923/4174/4068
f 1923/4174/4068 2050/4172/4066 2051/4175/4069
f 1923/4174/4068 2051/4175/4069 1924/4176/4070
f 1924/4176/4070 2051/4175/4069 2046/4177/4060
f 1924/4176/4070 2046/4177/4060 1925/4178/4059
f 2049/4179/4065 1922/4180/4067 1955/4181/3879
f 1955/4181/3879 1922/4180/4067 1921/4182/3880
f 2053/4183/4071 1957/4184/4072 2052/4185/4073
f 2052/4185/4073 1957/4184/4072 1956/4186/4074
f 2052/4185/4073 1956/4186/4074 2067/4187/4075
f 2067/4187/4075 1956/4186/4074 1971/4188/4076
f 2067/4187/4075 1971/4188/4076 2066/4189/4077
f 2066/4189/4077 1971/4188/4076 1970/4190/4078
f 2066/4189/4077 1970/4190/4078 2065/4191/4079
f 2065/4191/4079 1970/4190/4078 1969/4192/4080
f 2065/4191/4079 1969/4192/4080 2064/4193/4081
f 2064/4193/4081 1969/4192/4080 1968/4194/4082
f 2064/4193/4081 1968/4194/4082 2063/4195/4083
f 2063/4195/4083 1968/4194/4082 1967/4196/4084
f 2063/4195/4083 1967/4196/4084 2062/4197/4085
f 2062/4197/4085 1967/4196/4084 1966/4198/4086
f 2062/4197/4085 1966/4198/4086 2061/4199/4087
f 2061/4199/4087 1966/4198/4086 1965/4200/4088
f 2061/4199/4087 1965/4200/4088 2060/4201/4089
f 2060/4201/4089 1965/4200/4088 1964/4202/4090
f 2060/4203/4089 1964/4204/4090 2059/4205/4091
f 2059/4205/4091 1964/4204/4090 1963/4206/4092
f 2059/4205/4091 1963/4206/4092 2058/4207/4093
f 2058/4207/4093 1963/4206/4092 1962/4208/4094
f 2058/4207/4093 1962/4208/4094 2057/4209/4095
f 2057/4209/4095 1962/4208/4094 1961/4210/4096
f 2057/4209/4095 1961/4210/4096 2056/4211/4097
f 2056/4211/4097 1961/4210/4096 1960/4212/4098
f 2056/4211/4097 1960/4212/4098 2055/4213/4099
f 2055/4213/4099 1960/4212/4098 1959/4214/4100
f 2055/4213/4099 1959/4214/4100 2054/4215/4101
f 2054/4215/4101 1959/4214/4100 1958/4216/4102
f 2054/4215/4101 1958/4216/4102 2053/4183/4071
f 2053/4183/4071 1958/4216/4102 1957/4184/4072
f 1751/4217/4103 1827/4218/4104 1595/4219/4105
f 1595/4219/4105 1827/4218/4104 1826/4220/4106
f 1595/4219/4105 1826/4220/4106 1818/4221/4107
f 1818/4221/4107 1826/4220/4106 1825/4222/4108
f 1817/4223/4109 1990/4224/4110 1818/4221/4107
f 1818/4221/4107 1990/4224/4110 2005/4225/4111
f 1818/4221/4107 2005/4225/4111 1595/4219/4105
f 1595/4219/4105 2005/4225/4111 1596/4226/4112
f 1596/4226/4112 2005/4225/4111 1597/4227/4113
f 1597/4227/4113 2005/4225/4111 1580/4228/4114
f 1580/4228/4114 2005/4225/4111 1547/4229/4115
f 1580/4228/4114 1547/4229/4115 1568/4230/4116
f 1568/4230/4116 1547/4229/4115 1556/4231/4117
f 1817/4223/4109 1816/4232/4118 1990/4224/4110
f 1990/4224/4110 1816/4232/4118 1748/4233/4119
f 1990/4224/4110 1748/4233/4119 1559/4234/4120
f 1559/4234/4120 1748/4233/4119 1592/4235/4121
f 1559/4234/4120 1592/4235/4121 1577/4236/4122
f 1594/4237/4123 1593/4238/4124 1748/4233/4119
f 1748/4233/4119 1593/4238/4124 1592/4235/4121
f 1559/4234/4120 1558/4239/4125 1990/4224/4110
f 1990/4224/4110 1558/4239/4125 1557/4240/4126
f 1990/4224/4110 1557/4240/4126 1553/4241/4127
f 1546/4242/4128 1545/4243/4129 1553/4241/4127
f 1553/4241/4127 1545/4243/4129 1544/4244/4130
f 1553/4241/4127 1544/4244/4130 1527/4245/4131
f 1527/4245/4131 1544/4244/4130 1537/4246/4132
f 1553/4241/4127 1527/4245/4131 1991/4247/4133
f 1991/4247/4133 1527/4245/4131 1526/4248/4134
f 1991/4247/4133 1526/4248/4134 1525/4249/4135
f 1525/4249/4135 1521/4250/4136 1991/4247/4133
f 1991/4247/4133 1521/4250/4136 1495/4251/4137
f 1991/4247/4133 1495/4251/4137 1986/4252/4138
f 1986/4252/4138 1495/4251/4137 1494/4253/4139
f 1986/4252/4138 1494/4253/4139 1493/4254/4140
f 1514/4255/4141 1513/4256/4142 1521/4250/4136
f 1521/4250/4136 1513/4256/4142 1512/4257/4143
f 1521/4250/4136 1512/4257/4143 1495/4251/4137
f 1495/4251/4137 1512/4257/4143 1505/4258/4144
f 1493/4254/4140 1489/4259/4145 1986/4252/4138
f 1986/4252/4138 1489/4259/4145 1463/4260/4146
f 1986/4252/4138 1463/4260/4146 1462/4261/4147
f 1482/4262/4148 1481/4263/4149 1489/4259/4145
f 1489/4259/4145 1481/4263/4149 1480/4264/4150
f 1489/4259/4145 1480/4264/4150 1463/4260/4146
f 1463/4260/4146 1480/4264/4150 1473/4265/4151
f 1462/4261/4147 1461/4266/4152 1986/4252/4138
f 1986/4252/4138 1461/4266/4152 1457/4267/4153
f 1986/4252/4138 1457/4267/4153 1987/4268/4154
f 1987/4268/4154 1457/4267/4153 1431/4269/4155
f 1987/4268/4154 1431/4269/4155 1430/4270/4156
f 1450/4271/4157 1449/4272/4158 1457/4267/4153
f 1457/4267/4153 1449/4272/4158 1448/4273/4159
f 1457/4267/4153 1448/4273/4159 1431/4269/4155
f 1431/4269/4155 1448/4273/4159 1441/4274/4160
f 1430/4270/4156 1429/4275/4161 1987/4268/4154
f 1987/4268/4154 1429/4275/4161 1425/4276/4162
f 1987/4268/4154 1425/4276/4162 1399/4277/4163
f 1399/4277/4163 1425/4276/4162 1416/4278/4164
f 1399/4277/4163 1416/4278/4164 1409/4279/4165
f 1418/4280/4166 1417/4281/4167 1425/4276/4162
f 1425/4276/4162 1417/4281/4167 1416/4278/4164
f 1399/4277/4163 1398/4282/4168 1987/4268/4154
f 1987/4268/4154 1398/4282/4168 1397/4283/4169
f 1987/4268/4154 1397/4283/4169 1393/4284/4170
f 1386/4285/4171 1385/4286/4172 1393/4284/4170
f 1393/4284/4170 1385/4286/4172 1384/4287/4173
f 1393/4284/4170 1384/4287/4173 1367/4288/4174
f 1367/4288/4174 1384/4287/4173 1377/4289/4175
f 1393/4284/4170 1367/4288/4174 1988/4290/4176
f 1988/4290/4176 1367/4288/4174 1366/4291/4177
f 1988/4290/4176 1366/4291/4177 1365/4292/4178
f 1365/4292/4178 1361/4293/4179 1988/4290/4176
f 1988/4290/4176 1361/4293/4179 1335/4294/4180
f 1988/4290/4176 1335/4294/4180 1334/4295/4181
f 1354/4296/4182 1353/4297/4183 1361/4293/4179
f 1361/4293/4179 1353/4297/4183 1352/4298/4184
f 1361/4293/4179 1352/4298/4184 1335/4294/4180
f 1335/4294/4180 1352/4298/4184 1345/4299/4185
f 1334/4295/4181 1333/4300/4186 1988/4290/4176
f 1988/4290/4176 1333/4300/4186 1329/4301/4187
f 1988/4290/4176 1329/4301/4187 1982/4302/4188
f 1982/4302/4188 1329/4301/4187 1303/4303/4189
f 1982/4302/4188 1303/4303/4189 1302/4304/4190
f 1322/4305/4191 1321/4306/4192 1329/4301/4187
f 1329/4301/4187 1321/4306/4192 1320/4307/4193
f 1329/4301/4187 1320/4307/4193 1303/4303/4189
f 1303/4303/4189 1320/4307/4193 1313/4308/4194
f 1302/4304/4190 1301/4309/4195 1982/4302/4188
f 1982/4302/4188 1301/4309/4195 1297/4310/4196
f 1982/4302/4188 1297/4310/4196 1271/4311/4197
f 1271/4311/4197 1297/4310/4196 1288/4312/4198
f 1271/4311/4197 1288/4312/4198 1281/4313/4199
f 1290/4314/4200 1289/4315/4201 1297/4310/4196
f 1297/4310/4196 1289/4315/4201 1288/4312/4198
f 1271/4311/4197 1270/4316/4202 1982/4302/4188
f 1982/4302/4188 1270/4316/4202 1269/4317/4203
f 1982/4302/4188 1269/4317/4203 1983/4318/4204
f 1983/4318/4204 1269/4317/4203 1265/4319/4205
f 1983/4318/4204 1265/4319/4205 1239/4320/4206
f 1239/4320/4206 1265/4319/4205 1256/4321/4207
f 1239/4320/4206 1256/4321/4207 1249/4322/4208
f 1258/4323/4209 1257/4324/4210 1265/4319/4205
f 1265/4319/4205 1257/4324/4210 1256/4321/4207
f 1239/4320/4206 1238/4325/4211 1983/4318/4204
f 1983/4318/4204 1238/4325/4211 1237/4326/4212
f 1983/4318/4204 1237/4326/4212 1233/4327/4213
f 1226/4328/4214 1225/4329/4215 1233/4327/4213
f 1233/4327/4213 1225/4329/4215 1224/4330/4216
f 1233/4327/4213 1224/4330/4216 1207/4331/4217
f 1207/4331/4217 1224/4330/4216 1217/4332/4218
f 1206/4333/4219 1984/4334/4220 1207/4331/4217
f 1207/4331/4217 1984/4334/4220 1983/4318/4204
f 1207/4331/4217 1983/4318/4204 1233/4327/4213
f 1206/4333/4219 1205/4335/4221 1984/4334/4220
f 1984/4334/4220 1205/4335/4221 1980/4336/4222
f 1984/4334/4220 1980/4336/4222 1985/4337/4223
f 1985/4337/4223 1980/4336/4222 1979/4338/4224
f 1985/4337/4223 1979/4338/4224 1808/4339/4225
f 1808/4339/4225 1979/4338/4224 1804/4340/4226
f 1808/4339/4225 1804/4340/4226 1809/4341/4227
f 1809/4341/4227 1804/4340/4226 1803/4342/4228
f 1809/4341/4227 1803/4342/4228 2058/4343/4229
f 2058/4343/4229 1803/4342/4228 2059/4344/4230
f 2059/4344/4230 1803/4342/4228 1802/4345/4231
f 2059/4344/4230 1802/4345/4231 2060/4346/4232
f 2060/4346/4232 1802/4345/4231 1801/4347/4233
f 2060/4346/4232 1801/4347/4233 1863/4348/4234
f 1863/4348/4234 1801/4347/4233 1972/4349/4235
f 1863/4348/4234 1972/4349/4235 2039/4350/4236
f 2039/4350/4236 1972/4349/4235 2040/4351/4237
f 2040/4351/4237 1972/4349/4235 1975/4352/4238
f 2040/4351/4237 1975/4352/4238 817/4353/4239
f 817/4353/4239 1975/4352/4238 821/4354/4240
f 821/4354/4240 1975/4352/4238 822/4355/4241
f 822/4355/4241 1975/4352/4238 823/4356/4242
f 823/4356/4242 1975/4352/4238 849/4357/4243
f 823/4356/4242 849/4357/4243 840/4358/4244
f 840/4358/4244 849/4357/4243 841/4359/4245
f 841/4359/4245 849/4357/4243 842/4360/4246
f 1205/4335/4221 1201/4361/4247 1980/4336/4222
f 1980/4336/4222 1201/4361/4247 1981/4362/4248
f 1981/4362/4248 1201/4361/4247 1175/4363/4249
f 1981/4362/4248 1175/4363/4249 1174/4364/4250
f 1194/4365/4251 1193/4366/4252 1201/4361/4247
f 1201/4361/4247 1193/4366/4252 1192/4367/4253
f 1201/4361/4247 1192/4367/4253 1175/4363/4249
f 1175/4363/4249 1192/4367/4253 1185/4368/4254
f 1174/4364/4250 1173/4369/4255 1981/4362/4248
f 1981/4362/4248 1173/4369/4255 1169/4370/4256
f 1981/4362/4248 1169/4370/4256 1143/4371/4257
f 1143/4371/4257 1169/4370/4256 1160/4372/4258
f 1143/4371/4257 1160/4372/4258 1153/4373/4259
f 1162/4374/4260 1161/4375/4261 1169/4370/4256
f 1169/4370/4256 1161/4375/4261 1160/4372/4258
f 1143/4371/4257 1142/4376/4262 1981/4362/4248
f 1981/4362/4248 1142/4376/4262 1976/4377/4263
f 1976/4377/4263 1142/4376/4262 1141/4378/4264
f 1976/4377/4263 1141/4378/4264 1137/4379/4265
f 1130/4380/4266 1129/4381/4267 1137/4379/4265
f 1137/4379/4265 1129/4381/4267 1128/4382/4268
f 1137/4379/4265 1128/4382/4268 1111/4383/4269
f 1111/4383/4269 1128/4382/4268 1121/4384/4270
f 1137/4379/4265 1111/4383/4269 1976/4377/4263
f 1976/4377/4263 1111/4383/4269 1110/4385/4271
f 1976/4377/4263 1110/4385/4271 1109/4386/4272
f 1109/4386/4272 1105/4387/4273 1976/4377/4263
f 1976/4377/4263 1105/4387/4273 1079/4388/4274
f 1976/4377/4263 1079/4388/4274 1977/4389/4275
f 1977/4389/4275 1079/4388/4274 1078/4390/4276
f 1977/4389/4275 1078/4390/4276 1077/4391/4277
f 1098/4392/4278 1097/4393/4279 1105/4387/4273
f 1105/4387/4273 1097/4393/4279 1096/4394/4280
f 1105/4387/4273 1096/4394/4280 1079/4388/4274
f 1079/4388/4274 1096/4394/4280 1089/4395/4281
f 1077/4391/4277 1073/4396/4282 1977/4389/4275
f 1977/4389/4275 1073/4396/4282 1047/4397/4283
f 1977/4389/4275 1047/4397/4283 1046/4398/4284
f 1066/4399/4285 1065/4400/4286 1073/4396/4282
f 1073/4396/4282 1065/4400/4286 1064/4401/4287
f 1073/4396/4282 1064/4401/4287 1047/4397/4283
f 1047/4397/4283 1064/4401/4287 1057/4402/4288
f 1046/4398/4284 1045/4403/4289 1977/4389/4275
f 1977/4389/4275 1045/4403/4289 1041/4404/4290
f 1977/4389/4275 1041/4404/4290 1015/4405/4291
f 1015/4405/4291 1041/4404/4290 1032/4406/4292
f 1015/4405/4291 1032/4406/4292 1025/4407/4293
f 1034/4408/4294 1033/4409/4295 1041/4404/4290
f 1041/4404/4290 1033/4409/4295 1032/4406/4292
f 1977/4389/4275 1015/4405/4291 1978/4410/4296
f 1978/4410/4296 1015/4405/4291 1014/4411/4297
f 1978/4410/4296 1014/4411/4297 1013/4412/4298
f 1013/4412/4298 1009/4413/4299 1978/4410/4296
f 1978/4410/4296 1009/4413/4299 983/4414/4300
f 1978/4410/4296 983/4414/4300 982/4415/4301
f 1002/4416/4302 1001/4417/4303 1009/4413/4299
f 1009/4413/4299 1001/4417/4303 1000/4418/4304
f 1009/4413/4299 1000/4418/4304 983/4414/4300
f 983/4414/4300 1000/4418/4304 993/4419/4305
f 982/4415/4301 981/4420/4306 1978/4410/4296
f 1978/4410/4296 981/4420/4306 977/4421/4307
f 1978/4410/4296 977/4421/4307 951/4422/4308
f 951/4422/4308 977/4421/4307 968/4423/4309
f 951/4422/4308 968/4423/4309 961/4424/4310
f 970/4425/4311 969/4426/4312 977/4421/4307
f 977/4421/4307 969/4426/4312 968/4423/4309
f 1978/4410/4296 951/4422/4308 1973/4427/4313
f 1973/4427/4313 951/4422/4308 950/4428/4314
f 1973/4427/4313 950/4428/4314 949/4429/4315
f 949/4429/4315 945/4430/4316 1973/4427/4313
f 1973/4427/4313 945/4430/4316 919/4431/4317
f 1973/4427/4313 919/4431/4317 918/4432/4318
f 938/4433/4319 937/4434/4320 945/4430/4316
f 945/4430/4316 937/4434/4320 936/4435/4321
f 945/4430/4316 936/4435/4321 919/4431/4317
f 919/4431/4317 936/4435/4321 929/4436/4322
f 918/4432/4318 917/4437/4323 1973/4427/4313
f 1973/4427/4313 917/4437/4323 913/4438/4324
f 1973/4427/4313 913/4438/4324 1974/4439/4325
f 1974/4439/4325 913/4438/4324 887/4440/4326
f 1974/4439/4325 887/4440/4326 886/4441/4327
f 906/4442/4328 905/4443/4329 913/4438/4324
f 913/4438/4324 905/4443/4329 904/4444/4330
f 913/4438/4324 904/4444/4330 887/4440/4326
f 887/4440/4326 904/4444/4330 897/4445/4331
f 886/4441/4327 885/4446/4332 1974/4439/4325
f 1974/4439/4325 885/4446/4332 881/4447/4333
f 1974/4439/4325 881/4447/4333 855/4448/4334
f 855/4448/4334 881/4447/4333 872/4449/4335
f 855/4448/4334 872/4449/4335 865/4450/4336
f 874/4451/4337 873/4452/4338 881/4447/4333
f 881/4447/4333 873/4452/4338 872/4449/4335
f 1974/4439/4325 855/4448/4334 1975/4352/4238
f 1975/4352/4238 855/4448/4334 854/4453/4339
f 1975/4352/4238 854/4453/4339 853/4454/4340
f 853/4454/4340 849/4357/4243 1975/4352/4238
f 840/4358/4244 833/4455/4341 823/4356/4242
f 810/4456/4342 809/4457/4343 817/4353/4239
f 817/4353/4239 809/4457/4343 808/4458/4344
f 817/4353/4239 808/4458/4344 791/4459/4345
f 791/4459/4345 808/4458/4344 801/4460/4346
f 817/4353/4239 791/4459/4345 2040/4351/4237
f 2040/4351/4237 791/4459/4345 790/4461/4347
f 2040/4351/4237 790/4461/4347 789/4462/4348
f 789/4462/4348 785/4463/4349 2040/4351/4237
f 2040/4351/4237 785/4463/4349 759/4464/4350
f 2040/4351/4237 759/4464/4350 758/4465/4351
f 778/4466/4352 777/4467/4353 785/4463/4349
f 785/4463/4349 777/4467/4353 776/4468/4354
f 785/4463/4349 776/4468/4354 759/4464/4350
f 759/4464/4350 776/4468/4354 769/4469/4355
f 758/4465/4351 757/4470/4356 2040/4351/4237
f 2040/4351/4237 757/4470/4356 753/4471/4357
f 2040/4351/4237 753/4471/4357 2041/4472/4358
f 2041/4472/4358 753/4471/4357 727/4473/4359
f 2041/4472/4358 727/4473/4359 726/4474/4360
f 746/4475/4361 745/4476/4362 753/4471/4357
f 753/4471/4357 745/4476/4362 727/4473/4359
f 745/4476/4362 744/4477/4363 727/4473/4359
f 727/4473/4359 744/4477/4363 737/4478/4364
f 726/4474/4360 725/4479/4365 2041/4472/4358
f 2041/4472/4358 725/4479/4365 721/4480/4366
f 2041/4472/4358 721/4480/4366 695/4481/4367
f 695/4481/4367 721/4480/4366 712/4482/4368
f 695/4481/4367 712/4482/4368 705/4483/4369
f 714/4484/4370 713/4485/4371 721/4480/4366
f 721/4480/4366 713/4485/4371 712/4482/4368
f 2041/4472/4358 695/4481/4367 2036/4486/4372
f 2036/4486/4372 695/4481/4367 694/4487/4373
f 2036/4486/4372 694/4487/4373 693/4488/4374
f 693/4488/4374 689/4489/4375 2036/4486/4372
f 2036/4486/4372 689/4489/4375 663/4490/4376
f 2036/4486/4372 663/4490/4376 662/4491/4377
f 682/4492/4378 681/4493/4379 689/4489/4375
f 689/4489/4375 681/4493/4379 663/4490/4376
f 681/4493/4379 680/4494/4380 663/4490/4376
f 663/4490/4376 680/4494/4380 673/4495/4381
f 662/4491/4377 661/4496/4382 2036/4486/4372
f 2036/4486/4372 661/4496/4382 657/4497/4383
f 2036/4486/4372 657/4497/4383 2037/4498/4384
f 2037/4498/4384 657/4497/4383 631/4499/4385
f 2037/4498/4384 631/4499/4385 630/4500/4386
f 650/4501/4387 649/4502/4388 657/4497/4383
f 657/4497/4383 649/4502/4388 631/4499/4385
f 649/4502/4388 648/4503/4389 631/4499/4385
f 631/4499/4385 648/4503/4389 641/4504/4390
f 630/4500/4386 629/4505/4391 2037/4498/4384
f 2037/4498/4384 629/4505/4391 625/4506/4392
f 2037/4498/4384 625/4506/4392 599/4507/4393
f 599/4507/4393 625/4506/4392 617/4508/4394
f 599/4507/4393 617/4508/4394 616/4509/4395
f 625/4506/4392 618/4510/4396 617/4508/4394
f 616/4509/4395 609/4511/4397 599/4507/4393
f 599/4507/4393 598/4512/4398 2037/4498/4384
f 2037/4498/4384 598/4512/4398 597/4513/4399
f 2037/4498/4384 597/4513/4399 593/4514/4400
f 586/4515/4401 585/4516/4402 593/4514/4400
f 593/4514/4400 585/4516/4402 567/4517/4403
f 593/4514/4400 567/4517/4403 2038/4518/4404
f 2038/4518/4404 567/4517/4403 566/4519/4405
f 2038/4518/4404 566/4519/4405 565/4520/4406
f 585/4516/4402 584/4521/4407 567/4517/4403
f 567/4517/4403 584/4521/4407 577/4522/4408
f 565/4520/4406 561/4523/4409 2038/4518/4404
f 2038/4518/4404 561/4523/4409 535/4524/4410
f 2038/4518/4404 535/4524/4410 534/4525/4411
f 554/4526/4412 553/4527/4413 561/4523/4409
f 561/4523/4409 553/4527/4413 535/4524/4410
f 553/4527/4413 552/4528/4414 535/4524/4410
f 535/4524/4410 552/4528/4414 545/4529/4415
f 534/4525/4411 533/4530/4416 2038/4518/4404
f 2038/4518/4404 533/4530/4416 529/4531/4417
f 2038/4518/4404 529/4531/4417 2032/4532/4418
f 2032/4532/4418 529/4531/4417 503/4533/4419
f 2032/4532/4418 503/4533/4419 502/4534/4420
f 522/4535/4421 521/4536/4422 529/4531/4417
f 529/4531/4417 521/4536/4422 503/4533/4419
f 521/4536/4422 520/4537/4423 503/4533/4419
f 503/4533/4419 520/4537/4423 513/4538/4424
f 502/4534/4420 501/4539/4425 2032/4532/4418
f 2032/4532/4418 501/4539/4425 497/4540/4426
f 2032/4532/4418 497/4540/4426 471/4541/4427
f 471/4541/4427 497/4540/4426 489/4542/4428
f 471/4541/4427 489/4542/4428 488/4543/4429
f 497/4540/4426 490/4544/4430 489/4542/4428
f 488/4543/4429 481/4545/4431 471/4541/4427
f 471/4541/4427 470/4546/4432 2032/4532/4418
f 2032/4532/4418 470/4546/4432 469/4547/4433
f 2032/4532/4418 469/4547/4433 2033/4548/4434
f 2033/4548/4434 469/4547/4433 465/4549/4435
f 2033/4548/4434 465/4549/4435 439/4550/4436
f 439/4550/4436 465/4549/4435 457/4551/4437
f 439/4550/4436 457/4551/4437 456/4552/4438
f 465/4549/4435 458/4553/4439 457/4551/4437
f 456/4552/4438 449/4554/4440 439/4550/4436
f 439/4550/4436 438/4555/4441 2033/4548/4434
f 2033/4548/4434 438/4555/4441 437/4556/4442
f 2033/4548/4434 437/4556/4442 433/4557/4443
f 426/4558/4444 425/4559/4445 433/4557/4443
f 433/4557/4443 425/4559/4445 407/4560/4446
f 433/4557/4443 407/4560/4446 2033/4548/4434
f 2033/4548/4434 407/4560/4446 2034/4561/4447
f 2034/4561/4447 407/4560/4446 406/4562/4448
f 2034/4561/4447 406/4562/4448 2050/4563/4449
f 2050/4563/4449 406/4562/4448 405/4564/4450
f 2050/4563/4449 405/4564/4450 401/4565/4451
f 425/4559/4445 424/4566/4452 407/4560/4446
f 407/4560/4446 424/4566/4452 417/4567/4453
f 394/4568/4454 393/4569/4455 401/4565/4451
f 401/4565/4451 393/4569/4455 375/4570/4456
f 401/4565/4451 375/4570/4456 2051/4571/4457
f 2051/4571/4457 375/4570/4456 374/4572/4458
f 2051/4571/4457 374/4572/4458 373/4573/4459
f 393/4569/4455 392/4574/4460 375/4570/4456
f 375/4570/4456 392/4574/4460 385/4575/4461
f 373/4573/4459 369/4576/4462 2051/4571/4457
f 2051/4571/4457 369/4576/4462 343/4577/4463
f 2051/4571/4457 343/4577/4463 342/4578/4464
f 362/4579/4465 361/4580/4466 369/4576/4462
f 369/4576/4462 361/4580/4466 343/4577/4463
f 361/4580/4466 360/4581/4467 343/4577/4463
f 343/4577/4463 360/4581/4467 353/4582/4468
f 2051/4571/4457 342/4578/4464 2046/4583/4469
f 2046/4583/4469 342/4578/4464 341/4584/4470
f 2046/4583/4469 341/4584/4470 337/4585/4471
f 330/4586/4472 329/4587/4473 337/4585/4471
f 337/4585/4471 329/4587/4473 311/4588/4474
f 337/4585/4471 311/4588/4474 2046/4583/4469
f 2046/4583/4469 311/4588/4474 310/4589/4475
f 2046/4583/4469 310/4589/4475 309/4590/4476
f 329/4587/4473 328/4591/4477 311/4588/4474
f 311/4588/4474 328/4591/4477 321/4592/4478
f 309/4590/4476 305/4593/4479 2046/4583/4469
f 2046/4583/4469 305/4593/4479 279/4594/4480
f 2046/4583/4469 279/4594/4480 2047/4595/4481
f 2047/4595/4481 279/4594/4480 278/4596/4482
f 2047/4595/4481 278/4596/4482 277/4597/4483
f 298/4598/4484 297/4599/4485 305/4593/4479
f 305/4593/4479 297/4599/4485 279/4594/4480
f 297/4599/4485 296/4600/4486 279/4594/4480
f 279/4594/4480 296/4600/4486 289/4601/4487
f 277/4597/4483 273/4602/4488 2047/4595/4481
f 2047/4595/4481 273/4602/4488 247/4603/4489
f 2047/4595/4481 247/4603/4489 246/4604/4490
f 266/4605/4491 265/4606/4492 273/4602/4488
f 273/4602/4488 265/4606/4492 247/4603/4489
f 265/4606/4492 264/4607/4493 247/4603/4489
f 247/4603/4489 264/4607/4493 257/4608/4494
f 246/4604/4490 245/4609/4495 2047/4595/4481
f 2047/4595/4481 245/4609/4495 241/4610/4496
f 2047/4595/4481 241/4610/4496 215/4611/4497
f 215/4611/4497 241/4610/4496 233/4612/4498
f 215/4611/4497 233/4612/4498 232/4613/4499
f 241/4610/4496 234/4614/4500 233/4612/4498
f 232/4613/4499 225/4615/4501 215/4611/4497
f 2047/4595/4481 215/4611/4497 2048/4616/4502
f 2048/4616/4502 215/4611/4497 214/4617/4503
f 2048/4616/4502 214/4617/4503 213/4618/4504
f 213/4618/4504 209/4619/4505 2048/4616/4502
f 2048/4616/4502 209/4619/4505 183/4620/4506
f 2048/4616/4502 183/4620/4506 182/4621/4507
f 202/4622/4508 201/4623/4509 209/4619/4505
f 209/4619/4505 201/4623/4509 183/4620/4506
f 201/4623/4509 200/4624/4510 183/4620/4506
f 183/4620/4506 200/4624/4510 193/4625/4511
f 182/4621/4507 181/4626/4512 2048/4616/4502
f 2048/4616/4502 181/4626/4512 177/4627/4513
f 2048/4616/4502 177/4627/4513 151/4628/4514
f 151/4628/4514 177/4627/4513 169/4629/4515
f 151/4628/4514 169/4629/4515 168/4630/4516
f 177/4627/4513 170/4631/4517 169/4629/4515
f 168/4630/4516 161/4632/4518 151/4628/4514
f 2048/4616/4502 151/4628/4514 2043/4633/4519
f 2043/4633/4519 151/4628/4514 150/4634/4520
f 2043/4633/4519 150/4634/4520 149/4635/4521
f 149/4635/4521 145/4636/4522 2043/4633/4519
f 2043/4633/4519 145/4636/4522 119/4637/4523
f 2043/4633/4519 119/4637/4523 118/4638/4524
f 138/4639/4525 137/4640/4526 145/4636/4522
f 145/4636/4522 137/4640/4526 119/4637/4523
f 137/4640/4526 136/4641/4527 119/4637/4523
f 119/4637/4523 136/4641/4527 129/4642/4528
f 118/4638/4524 117/4643/4529 2043/4633/4519
f 2043/4633/4519 117/4643/4529 113/4644/4530
f 2043/4633/4519 113/4644/4530 2044/4645/4531
f 2044/4645/4531 113/4644/4530 87/4646/4532
f 2044/4645/4531 87/4646/4532 86/4647/4533
f 106/4648/4534 105/4649/4535 113/4644/4530
f 113/4644/4530 105/4649/4535 87/4646/4532
f 105/4649/4535 104/4650/4536 87/4646/4532
f 87/4646/4532 104/4650/4536 97/4651/4537
f 86/4647/4533 85/4652/4538 2044/4645/4531
f 2044/4645/4531 85/4652/4538 81/4653/4539
f 2044/4645/4531 81/4653/4539 55/4654/4540
f 55/4654/4540 81/4653/4539 73/4655/4541
f 55/4654/4540 73/4655/4541 72/4656/4542
f 81/4653/4539 74/4657/4543 73/4655/4541
f 72/4656/4542 65/4658/4544 55/4654/4540
f 2044/4645/4531 55/4654/4540 2045/4659/4545
f 2045/4659/4545 55/4654/4540 54/4660/4546
f 2045/4659/4545 54/4660/4546 53/4661/4547
f 53/4661/4547 49/4662/4548 2045/4659/4545
f 2045/4659/4545 49/4662/4548 23/4663/4549
f 2045/4659/4545 23/4663/4549 22/4664/4550
f 42/4665/4551 41/4666/4552 49/4662/4548
f 49/4662/4548 41/4666/4552 23/4663/4549
f 41/4666/4552 40/4667/4553 23/4663/4549
f 23/4663/4549 40/4667/4553 33/4668/4554
f 22/4664/4550 21/4669/4555 2045/4659/4545
f 2045/4659/4545 21/4669/4555 17/4670/4556
f 2045/4659/4545 17/4670/4556 4/4671/4557
f 4/4671/4557 17/4670/4556 8/4672/4558
f 4/4671/4557 8/4672/4558 1/4673/4559
f 10/4674/4560 9/4675/4561 17/4670/4556
f 17/4670/4556 9/4675/4561 8/4672/4558
f 2045/4659/4545 4/4671/4557 2020/4676/4562
f 2020/4676/4562 4/4671/4557 13/4677/4563
f 2020/4676/4562 13/4677/4563 12/4678/4564
f 12/4678/4564 11/4679/4565 2020/4676/4562
f 2020/4676/4562 11/4679/4565 36/4680/4566
f 2020/4676/4562 36/4680/4566 45/4681/4567
f 20/4682/4568 32/4683/4569 11/4679/4565
f 11/4679/4565 32/4683/4569 31/4684/4570
f 11/4679/4565 31/4684/4570 36/4680/4566
f 36/4680/4566 31/4684/4570 30/4685/4571
f 45/4681/4567 44/4686/4572 2020/4676/4562
f 2020/4676/4562 44/4686/4572 43/4687/4573
f 2020/4676/4562 43/4687/4573 2021/4688/4574
f 2021/4688/4574 43/4687/4573 68/4689/4575
f 2021/4688/4574 68/4689/4575 77/4690/4576
f 52/4691/4577 64/4692/4578 43/4687/4573
f 43/4687/4573 64/4692/4578 63/4693/4579
f 43/4687/4573 63/4693/4579 68/4689/4575
f 68/4689/4575 63/4693/4579 62/4694/4580
f 77/4690/4576 76/4695/4581 2021/4688/4574
f 2021/4688/4574 76/4695/4581 75/4696/4582
f 2021/4688/4574 75/4696/4582 100/4697/4583
f 100/4697/4583 75/4696/4582 95/4698/4584
f 100/4697/4583 95/4698/4584 94/4699/4585
f 84/4700/4586 96/4701/4587 75/4696/4582
f 75/4696/4582 96/4701/4587 95/4698/4584
f 2021/4688/4574 100/4697/4583 2016/4702/4588
f 2016/4702/4588 100/4697/4583 109/4703/4589
f 2016/4702/4588 109/4703/4589 108/4704/4590
f 108/4704/4590 107/4705/4591 2016/4702/4588
f 2016/4702/4588 107/4705/4591 132/4706/4592
f 2016/4702/4588 132/4706/4592 141/4707/4593
f 116/4708/4594 128/4709/4595 107/4705/4591
f 107/4705/4591 128/4709/4595 127/4710/4596
f 107/4705/4591 127/4710/4596 132/4706/4592
f 132/4706/4592 127/4710/4596 126/4711/4597
f 141/4707/4593 140/4712/4598 2016/4702/4588
f 2016/4702/4588 140/4712/4598 139/4713/4599
f 2016/4702/4588 139/4713/4599 2017/4714/4600
f 2017/4714/4600 139/4713/4599 164/4715/4601
f 2017/4714/4600 164/4715/4601 173/4716/4602
f 148/4717/4603 160/4718/4604 139/4713/4599
f 139/4713/4599 160/4718/4604 159/4719/4605
f 139/4713/4599 159/4719/4605 164/4715/4601
f 164/4715/4601 159/4719/4605 158/4720/4606
f 173/4716/4602 172/4721/4607 2017/4714/4600
f 2017/4714/4600 172/4721/4607 171/4722/4608
f 2017/4714/4600 171/4722/4608 196/4723/4609
f 196/4723/4609 171/4722/4608 191/4724/4610
f 196/4723/4609 191/4724/4610 190/4725/4611
f 180/4726/4612 192/4727/4613 171/4722/4608
f 171/4722/4608 192/4727/4613 191/4724/4610
f 196/4723/4609 205/4728/4614 2017/4714/4600
f 2017/4714/4600 205/4728/4614 204/4729/4615
f 2017/4714/4600 204/4729/4615 203/4730/4616
f 212/4731/4617 224/4732/4618 203/4730/4616
f 203/4730/4616 224/4732/4618 223/4733/4619
f 203/4730/4616 223/4733/4619 228/4734/4620
f 228/4734/4620 223/4733/4619 222/4735/4621
f 203/4730/4616 228/4734/4620 2018/4736/4622
f 2018/4736/4622 228/4734/4620 237/4737/4623
f 2018/4736/4622 237/4737/4623 236/4738/4624
f 236/4738/4624 235/4739/4625 2018/4736/4622
f 2018/4736/4622 235/4739/4625 260/4740/4626
f 2018/4736/4622 260/4740/4626 269/4741/4627
f 244/4742/4628 256/4743/4629 235/4739/4625
f 235/4739/4625 256/4743/4629 255/4744/4630
f 235/4739/4625 255/4744/4630 260/4740/4626
f 260/4740/4626 255/4744/4630 254/4745/4631
f 269/4741/4627 268/4746/4632 2018/4736/4622
f 2018/4736/4622 268/4746/4632 267/4747/4633
f 2018/4736/4622 267/4747/4633 2012/4748/4634
f 2012/4748/4634 267/4747/4633 292/4749/4635
f 2012/4748/4634 292/4749/4635 301/4750/4636
f 276/4751/4637 288/4752/4638 267/4747/4633
f 267/4747/4633 288/4752/4638 287/4753/4639
f 267/4747/4633 287/4753/4639 292/4749/4635
f 292/4749/4635 287/4753/4639 286/4754/4640
f 301/4750/4636 300/4755/4641 2012/4748/4634
f 2012/4748/4634 300/4755/4641 299/4756/4642
f 2012/4748/4634 299/4756/4642 324/4757/4643
f 324/4757/4643 299/4756/4642 319/4758/4644
f 324/4757/4643 319/4758/4644 318/4759/4645
f 308/4760/4646 320/4761/4647 299/4756/4642
f 299/4756/4642 320/4761/4647 319/4758/4644
f 324/4757/4643 333/4762/4648 2012/4748/4634
f 2012/4748/4634 333/4762/4648 332/4763/4649
f 2012/4748/4634 332/4763/4649 2013/4764/4650
f 2013/4764/4650 332/4763/4649 331/4765/4651
f 2013/4764/4650 331/4765/4651 356/4766/4652
f 356/4766/4652 331/4765/4651 351/4767/4653
f 356/4766/4652 351/4767/4653 350/4768/4654
f 340/4769/4655 352/4770/4656 331/4765/4651
f 331/4765/4651 352/4770/4656 351/4767/4653
f 356/4766/4652 365/4771/4657 2013/4764/4650
f 2013/4764/4650 365/4771/4657 364/4772/4658
f 2013/4764/4650 364/4772/4658 363/4773/4659
f 372/4774/4660 384/4775/4661 363/4773/4659
f 363/4773/4659 384/4775/4661 383/4776/4662
f 363/4773/4659 383/4776/4662 388/4777/4663
f 388/4777/4663 383/4776/4662 382/4778/4664
f 397/4779/4665 2014/4780/4666 388/4777/4663
f 388/4777/4663 2014/4780/4666 2013/4764/4650
f 388/4777/4663 2013/4764/4650 363/4773/4659
f 397/4779/4665 396/4781/4667 2014/4780/4666
f 2014/4780/4666 396/4781/4667 2030/4782/4668
f 2014/4780/4666 2030/4782/4668 2015/4783/4669
f 2015/4783/4669 2030/4782/4668 2029/4784/4670
f 2015/4783/4669 2029/4784/4670 1844/4785/4671
f 1844/4785/4671 2029/4784/4670 1856/4786/4672
f 1844/4785/4671 1856/4786/4672 1845/4787/4673
f 1845/4787/4673 1856/4786/4672 1855/4788/4674
f 1845/4787/4673 1855/4788/4674 2066/4789/4675
f 2066/4789/4675 1855/4788/4674 2067/4790/4676
f 2067/4790/4676 1855/4788/4674 1854/4791/4677
f 2067/4790/4676 1854/4791/4677 2052/4792/4678
f 2052/4792/4678 1854/4791/4677 1853/4793/4679
f 2052/4792/4678 1853/4793/4679 1831/4794/4680
f 1831/4794/4680 1853/4793/4679 2022/4795/4681
f 1831/4794/4680 2022/4795/4681 1999/4796/4682
f 1999/4796/4682 2022/4795/4681 2025/4797/4683
f 1999/4796/4682 2025/4797/4683 2000/4798/4684
f 2000/4798/4684 2025/4797/4683 804/4799/4685
f 2000/4798/4684 804/4799/4685 813/4800/4686
f 396/4781/4667 395/4801/4687 2030/4782/4668
f 2030/4782/4668 395/4801/4687 2031/4802/4688
f 2031/4802/4688 395/4801/4687 420/4803/4689
f 2031/4802/4688 420/4803/4689 429/4804/4690
f 404/4805/4691 416/4806/4692 395/4801/4687
f 395/4801/4687 416/4806/4692 415/4807/4693
f 395/4801/4687 415/4807/4693 420/4803/4689
f 420/4803/4689 415/4807/4693 414/4808/4694
f 429/4804/4690 428/4809/4695 2031/4802/4688
f 2031/4802/4688 428/4809/4695 427/4810/4696
f 2031/4802/4688 427/4810/4696 452/4811/4697
f 452/4811/4697 427/4810/4696 447/4812/4698
f 452/4811/4697 447/4812/4698 446/4813/4699
f 436/4814/4700 448/4815/4701 427/4810/4696
f 427/4810/4696 448/4815/4701 447/4812/4698
f 452/4811/4697 461/4816/4702 2031/4802/4688
f 2031/4802/4688 461/4816/4702 2026/4817/4703
f 2026/4817/4703 461/4816/4702 460/4818/4704
f 2026/4817/4703 460/4818/4704 459/4819/4705
f 468/4820/4706 480/4821/4707 459/4819/4705
f 459/4819/4705 480/4821/4707 479/4822/4708
f 459/4819/4705 479/4822/4708 484/4823/4709
f 484/4823/4709 479/4822/4708 478/4824/4710
f 459/4819/4705 484/4823/4709 2026/4817/4703
f 2026/4817/4703 484/4823/4709 493/4825/4711
f 2026/4817/4703 493/4825/4711 492/4826/4712
f 492/4826/4712 491/4827/4713 2026/4817/4703
f 2026/4817/4703 491/4827/4713 516/4828/4714
f 2026/4817/4703 516/4828/4714 2027/4829/4715
f 2027/4829/4715 516/4828/4714 525/4830/4716
f 2027/4829/4715 525/4830/4716 524/4831/4717
f 500/4832/4718 512/4833/4719 491/4827/4713
f 491/4827/4713 512/4833/4719 511/4834/4720
f 491/4827/4713 511/4834/4720 516/4828/4714
f 516/4828/4714 511/4834/4720 510/4835/4721
f 524/4831/4717 523/4836/4722 2027/4829/4715
f 2027/4829/4715 523/4836/4722 548/4837/4723
f 2027/4829/4715 548/4837/4723 557/4838/4724
f 532/4839/4725 544/4840/4726 523/4836/4722
f 523/4836/4722 544/4840/4726 543/4841/4727
f 523/4836/4722 543/4841/4727 548/4837/4723
f 548/4837/4723 543/4841/4727 542/4842/4728
f 557/4838/4724 556/4843/4729 2027/4829/4715
f 2027/4829/4715 556/4843/4729 555/4844/4730
f 2027/4829/4715 555/4844/4730 580/4845/4731
f 580/4845/4731 555/4844/4730 575/4846/4732
f 580/4845/4731 575/4846/4732 574/4847/4733
f 564/4848/4734 576/4849/4735 555/4844/4730
f 555/4844/4730 576/4849/4735 575/4846/4732
f 2027/4829/4715 580/4845/4731 2028/4850/4736
f 2028/4850/4736 580/4845/4731 589/4851/4737
f 2028/4850/4736 589/4851/4737 588/4852/4738
f 588/4852/4738 587/4853/4739 2028/4850/4736
f 2028/4850/4736 587/4853/4739 612/4854/4740
f 2028/4850/4736 612/4854/4740 621/4855/4741
f 596/4856/4742 608/4857/4743 587/4853/4739
f 587/4853/4739 608/4857/4743 607/4858/4744
f 587/4853/4739 607/4858/4744 612/4854/4740
f 612/4854/4740 607/4858/4744 606/4859/4745
f 621/4855/4741 620/4860/4746 2028/4850/4736
f 2028/4850/4736 620/4860/4746 619/4861/4747
f 2028/4850/4736 619/4861/4747 644/4862/4748
f 644/4862/4748 619/4861/4747 639/4863/4749
f 644/4862/4748 639/4863/4749 638/4864/4750
f 628/4865/4751 640/4866/4752 619/4861/4747
f 619/4861/4747 640/4866/4752 639/4863/4749
f 2028/4850/4736 644/4862/4748 2023/4867/4753
f 2023/4867/4753 644/4862/4748 653/4868/4754
f 2023/4867/4753 653/4868/4754 652/4869/4755
f 652/4869/4755 651/4870/4756 2023/4867/4753
f 2023/4867/4753 651/4870/4756 676/4871/4757
f 2023/4867/4753 676/4871/4757 685/4872/4758
f 660/4873/4759 672/4874/4760 651/4870/4756
f 651/4870/4756 672/4874/4760 671/4875/4761
f 651/4870/4756 671/4875/4761 676/4871/4757
f 676/4871/4757 671/4875/4761 670/4876/4762
f 685/4872/4758 684/4877/4763 2023/4867/4753
f 2023/4867/4753 684/4877/4763 683/4878/4764
f 2023/4867/4753 683/4878/4764 2024/4879/4765
f 2024/4879/4765 683/4878/4764 708/4880/4766
f 2024/4879/4765 708/4880/4766 717/4881/4767
f 692/4882/4768 704/4883/4769 683/4878/4764
f 683/4878/4764 704/4883/4769 708/4880/4766
f 704/4883/4769 703/4884/4770 708/4880/4766
f 708/4880/4766 703/4884/4770 702/4885/4771
f 717/4881/4767 716/4886/4772 2024/4879/4765
f 2024/4879/4765 716/4886/4772 715/4887/4773
f 2024/4879/4765 715/4887/4773 740/4888/4774
f 740/4888/4774 715/4887/4773 735/4889/4775
f 740/4888/4774 735/4889/4775 734/4890/4776
f 724/4891/4777 736/4892/4778 715/4887/4773
f 715/4887/4773 736/4892/4778 735/4889/4775
f 2024/4879/4765 740/4888/4774 2025/4797/4683
f 2025/4797/4683 740/4888/4774 749/4893/4779
f 2025/4797/4683 749/4893/4779 748/4894/4780
f 748/4894/4780 747/4895/4781 2025/4797/4683
f 2025/4797/4683 747/4895/4781 772/4896/4782
f 2025/4797/4683 772/4896/4782 781/4897/4783
f 756/4898/4784 768/4899/4785 747/4895/4781
f 747/4895/4781 768/4899/4785 772/4896/4782
f 768/4899/4785 767/4900/4786 772/4896/4782
f 772/4896/4782 767/4900/4786 766/4901/4787
f 781/4897/4783 780/4902/4788 2025/4797/4683
f 2025/4797/4683 780/4902/4788 779/4903/4789
f 2025/4797/4683 779/4903/4789 804/4799/4685
f 804/4799/4685 779/4903/4789 800/4904/4790
f 804/4799/4685 800/4904/4790 799/4905/4791
f 779/4903/4789 788/4906/4792 800/4904/4790
f 799/4905/4791 798/4907/4793 804/4799/4685
f 813/4800/4686 812/4908/4794 2000/4798/4684
f 2000/4798/4684 812/4908/4794 811/4909/4795
f 2000/4798/4684 811/4909/4795 836/4910/4796
f 836/4910/4796 811/4909/4795 832/4911/4797
f 836/4910/4796 832/4911/4797 831/4912/4798
f 811/4909/4795 820/4913/4799 832/4911/4797
f 831/4912/4798 830/4914/4800 836/4910/4796
f 836/4910/4796 845/4915/4801 2000/4798/4684
f 2000/4798/4684 845/4915/4801 844/4916/4802
f 2000/4798/4684 844/4916/4802 843/4917/4803
f 852/4918/4804 864/4919/4805 843/4917/4803
f 843/4917/4803 864/4919/4805 868/4920/4806
f 843/4917/4803 868/4920/4806 2001/4921/4807
f 2001/4921/4807 868/4920/4806 877/4922/4808
f 2001/4921/4807 877/4922/4808 876/4923/4809
f 864/4919/4805 863/4924/4810 868/4920/4806
f 868/4920/4806 863/4924/4810 862/4925/4811
f 876/4923/4809 875/4926/4812 2001/4921/4807
f 2001/4921/4807 875/4926/4812 900/4927/4813
f 2001/4921/4807 900/4927/4813 1996/4928/4814
f 1996/4928/4814 900/4927/4813 909/4929/4815
f 1996/4928/4814 909/4929/4815 908/4930/4816
f 884/4931/4817 896/4932/4818 875/4926/4812
f 875/4926/4812 896/4932/4818 900/4927/4813
f 896/4932/4818 895/4933/4819 900/4927/4813
f 900/4927/4813 895/4933/4819 894/4934/4820
f 908/4930/4816 907/4935/4821 1996/4928/4814
f 1996/4928/4814 907/4935/4821 932/4936/4822
f 1996/4928/4814 932/4936/4822 941/4937/4823
f 916/4938/4824 928/4939/4825 907/4935/4821
f 907/4935/4821 928/4939/4825 932/4936/4822
f 928/4939/4825 927/4940/4826 932/4936/4822
f 932/4936/4822 927/4940/4826 926/4941/4827
f 941/4937/4823 940/4942/4828 1996/4928/4814
f 1996/4928/4814 940/4942/4828 939/4943/4829
f 1996/4928/4814 939/4943/4829 1997/4944/4830
f 1997/4944/4830 939/4943/4829 964/4945/4831
f 1997/4944/4830 964/4945/4831 973/4946/4832
f 948/4947/4833 960/4948/4834 939/4943/4829
f 939/4943/4829 960/4948/4834 964/4945/4831
f 960/4948/4834 959/4949/4835 964/4945/4831
f 964/4945/4831 959/4949/4835 958/4950/4836
f 973/4946/4832 972/4951/4837 1997/4944/4830
f 1997/4944/4830 972/4951/4837 971/4952/4838
f 1997/4944/4830 971/4952/4838 996/4953/4839
f 996/4953/4839 971/4952/4838 992/4954/4840
f 996/4953/4839 992/4954/4840 991/4955/4841
f 971/4952/4838 980/4956/4842 992/4954/4840
f 991/4955/4841 990/4957/4843 996/4953/4839
f 996/4953/4839 1005/4958/4844 1997/4944/4830
f 1997/4944/4830 1005/4958/4844 1004/4959/4845
f 1997/4944/4830 1004/4959/4845 1003/4960/4846
f 1012/4961/4847 1024/4962/4848 1003/4960/4846
f 1003/4960/4846 1024/4962/4848 1028/4963/4849
f 1003/4960/4846 1028/4963/4849 1998/4964/4850
f 1998/4964/4850 1028/4963/4849 1037/4965/4851
f 1998/4964/4850 1037/4965/4851 1036/4966/4852
f 1024/4962/4848 1023/4967/4853 1028/4963/4849
f 1028/4963/4849 1023/4967/4853 1022/4968/4854
f 1036/4966/4852 1035/4969/4855 1998/4964/4850
f 1998/4964/4850 1035/4969/4855 1060/4970/4856
f 1998/4964/4850 1060/4970/4856 1069/4971/4857
f 1044/4972/4858 1056/4973/4859 1035/4969/4855
f 1035/4969/4855 1056/4973/4859 1060/4970/4856
f 1056/4973/4859 1055/4974/4860 1060/4970/4856
f 1060/4970/4856 1055/4974/4860 1054/4975/4861
f 1069/4971/4857 1068/4976/4862 1998/4964/4850
f 1998/4964/4850 1068/4976/4862 1067/4977/4863
f 1998/4964/4850 1067/4977/4863 1992/4978/4864
f 1992/4978/4864 1067/4977/4863 1092/4979/4865
f 1992/4978/4864 1092/4979/4865 1101/4980/4866
f 1076/4981/4867 1088/4982/4868 1067/4977/4863
f 1067/4977/4863 1088/4982/4868 1092/4979/4865
f 1088/4982/4868 1087/4983/4869 1092/4979/4865
f 1092/4979/4865 1087/4983/4869 1086/4984/4870
f 1101/4980/4866 1100/4985/4871 1992/4978/4864
f 1992/4978/4864 1100/4985/4871 1099/4986/4872
f 1992/4978/4864 1099/4986/4872 1124/4987/4873
f 1124/4987/4873 1099/4986/4872 1120/4988/4874
f 1124/4987/4873 1120/4988/4874 1119/4989/4875
f 1099/4986/4872 1108/4990/4876 1120/4988/4874
f 1119/4989/4875 1118/4991/4877 1124/4987/4873
f 1124/4987/4873 1133/4992/4878 1992/4978/4864
f 1992/4978/4864 1133/4992/4878 1132/4993/4879
f 1992/4978/4864 1132/4993/4879 1993/4994/4880
f 1993/4994/4880 1132/4993/4879 1131/4995/4881
f 1993/4994/4880 1131/4995/4881 1156/4996/4882
f 1156/4996/4882 1131/4995/4881 1152/4997/4883
f 1156/4996/4882 1152/4997/4883 1151/4998/4884
f 1131/4995/4881 1140/4999/4885 1152/4997/4883
f 1151/4998/4884 1150/5000/4886 1156/4996/4882
f 1156/4996/4882 1165/5001/4887 1993/4994/4880
f 1993/4994/4880 1165/5001/4887 1164/5002/4888
f 1993/4994/4880 1164/5002/4888 1163/5003/4889
f 1172/5004/4890 1184/5005/4891 1163/5003/4889
f 1163/5003/4889 1184/5005/4891 1188/5006/4892
f 1163/5003/4889 1188/5006/4892 1993/4994/4880
f 1993/4994/4880 1188/5006/4892 1994/5007/4893
f 1994/5007/4893 1188/5006/4892 1197/5008/4894
f 1994/5007/4893 1197/5008/4894 2010/5009/4895
f 2010/5009/4895 1197/5008/4894 1196/5010/4896
f 2010/5009/4895 1196/5010/4896 1195/5011/4897
f 1184/5005/4891 1183/5012/4898 1188/5006/4892
f 1188/5006/4892 1183/5012/4898 1182/5013/4899
f 1204/5014/4900 1216/5015/4901 1195/5011/4897
f 1195/5011/4897 1216/5015/4901 1220/5016/4902
f 1195/5011/4897 1220/5016/4902 2011/5017/4903
f 2011/5017/4903 1220/5016/4902 1229/5018/4904
f 2011/5017/4903 1229/5018/4904 1228/5019/4905
f 1216/5015/4901 1215/5020/4906 1220/5016/4902
f 1220/5016/4902 1215/5020/4906 1214/5021/4907
f 1228/5019/4905 1227/5022/4908 2011/5017/4903
f 2011/5017/4903 1227/5022/4908 1252/5023/4909
f 2011/5017/4903 1252/5023/4909 1261/5024/4910
f 1236/5025/4911 1248/5026/4912 1227/5022/4908
f 1227/5022/4908 1248/5026/4912 1252/5023/4909
f 1248/5026/4912 1247/5027/4913 1252/5023/4909
f 1252/5023/4909 1247/5027/4913 1246/5028/4914
f 2011/5017/4903 1261/5024/4910 2006/5029/4915
f 2006/5029/4915 1261/5024/4910 1260/5030/4916
f 2006/5029/4915 1260/5030/4916 1259/5031/4917
f 1268/5032/4918 1280/5033/4919 1259/5031/4917
f 1259/5031/4917 1280/5033/4919 1284/5034/4920
f 1259/5031/4917 1284/5034/4920 2006/5029/4915
f 2006/5029/4915 1284/5034/4920 1293/5035/4921
f 2006/5029/4915 1293/5035/4921 1292/5036/4922
f 1280/5033/4919 1279/5037/4923 1284/5034/4920
f 1284/5034/4920 1279/5037/4923 1278/5038/4924
f 1292/5036/4922 1291/5039/4925 2006/5029/4915
f 2006/5029/4915 1291/5039/4925 1316/5040/4926
f 2006/5029/4915 1316/5040/4926 2007/5041/4927
f 2007/5041/4927 1316/5040/4926 1325/5042/4928
f 2007/5041/4927 1325/5042/4928 1324/5043/4929
f 1300/5044/4930 1312/5045/4931 1291/5039/4925
f 1291/5039/4925 1312/5045/4931 1316/5040/4926
f 1312/5045/4931 1311/5046/4932 1316/5040/4926
f 1316/5040/4926 1311/5046/4932 1310/5047/4933
f 1324/5043/4929 1323/5048/4934 2007/5041/4927
f 2007/5041/4927 1323/5048/4934 1348/5049/4935
f 2007/5041/4927 1348/5049/4935 1357/5050/4936
f 1332/5051/4937 1344/5052/4938 1323/5048/4934
f 1323/5048/4934 1344/5052/4938 1348/5049/4935
f 1344/5052/4938 1343/5053/4939 1348/5049/4935
f 1348/5049/4935 1343/5053/4939 1342/5054/4940
f 1357/5050/4936 1356/5055/4941 2007/5041/4927
f 2007/5041/4927 1356/5055/4941 1355/5056/4942
f 2007/5041/4927 1355/5056/4942 1380/5057/4943
f 1380/5057/4943 1355/5056/4942 1376/5058/4944
f 1380/5057/4943 1376/5058/4944 1375/5059/4945
f 1355/5056/4942 1364/5060/4946 1376/5058/4944
f 1375/5059/4945 1374/5061/4947 1380/5057/4943
f 2007/5041/4927 1380/5057/4943 2008/5062/4948
f 2008/5062/4948 1380/5057/4943 1389/5063/4949
f 2008/5062/4948 1389/5063/4949 1388/5064/4950
f 1388/5064/4950 1387/5065/4951 2008/5062/4948
f 2008/5062/4948 1387/5065/4951 1412/5066/4952
f 2008/5062/4948 1412/5066/4952 1421/5067/4953
f 1396/5068/4954 1408/5069/4955 1387/5065/4951
f 1387/5065/4951 1408/5069/4955 1412/5066/4952
f 1408/5069/4955 1407/5070/4956 1412/5066/4952
f 1412/5066/4952 1407/5070/4956 1406/5071/4957
f 1421/5067/4953 1420/5072/4958 2008/5062/4948
f 2008/5062/4948 1420/5072/4958 1419/5073/4959
f 2008/5062/4948 1419/5073/4959 1444/5074/4960
f 1444/5074/4960 1419/5073/4959 1440/5075/4961
f 1444/5074/4960 1440/5075/4961 1439/5076/4962
f 1419/5073/4959 1428/5077/4963 1440/5075/4961
f 1439/5076/4962 1438/5078/4964 1444/5074/4960
f 2008/5062/4948 1444/5074/4960 2003/5079/4965
f 2003/5079/4965 1444/5074/4960 1453/5080/4966
f 2003/5079/4965 1453/5080/4966 1452/5081/4967
f 1452/5081/4967 1451/5082/4968 2003/5079/4965
f 2003/5079/4965 1451/5082/4968 1476/5083/4969
f 2003/5079/4965 1476/5083/4969 1485/5084/4970
f 1460/5085/4971 1472/5086/4972 1451/5082/4968
f 1451/5082/4968 1472/5086/4972 1476/5083/4969
f 1472/5086/4972 1471/5087/4973 1476/5083/4969
f 1476/5083/4969 1471/5087/4973 1470/5088/4974
f 1485/5084/4970 1484/5089/4975 2003/5079/4965
f 2003/5079/4965 1484/5089/4975 1483/5090/4976
f 2003/5079/4965 1483/5090/4976 2004/5091/4977
f 2004/5091/4977 1483/5090/4976 1508/5092/4978
f 2004/5091/4977 1508/5092/4978 1517/5093/4979
f 1492/5094/4980 1504/5095/4981 1483/5090/4976
f 1483/5090/4976 1504/5095/4981 1508/5092/4978
f 1504/5095/4981 1503/5096/4982 1508/5092/4978
f 1508/5092/4978 1503/5096/4982 1502/5097/4983
f 1517/5093/4979 1516/5098/4984 2004/5091/4977
f 2004/5091/4977 1516/5098/4984 1515/5099/4985
f 2004/5091/4977 1515/5099/4985 1540/5100/4986
f 1540/5100/4986 1515/5099/4985 1536/5101/4987
f 1540/5100/4986 1536/5101/4987 1535/5102/4988
f 1515/5099/4985 1524/5103/4989 1536/5101/4987
f 1535/5102/4988 1534/5104/4990 1540/5100/4986
f 2004/5091/4977 1540/5100/4986 2005/4225/4111
f 2005/4225/4111 1540/5100/4986 1549/5105/4991
f 2005/4225/4111 1549/5105/4991 1548/5106/4992
f 1548/5106/4992 1547/4229/4115 2005/4225/4111
f 1568/4230/4116 1567/5107/4993 1580/4228/4114
f 1580/4228/4114 1567/5107/4993 1566/5108/4994
f 1810/5109/4995 2056/5110/4996 1811/5111/4997
f 1811/5111/4997 2056/5110/4996 1837/5112/4998
f 1811/5111/4997 1837/5112/4998 1989/5113/4999
f 1989/5113/4999 1837/5112/4998 2002/5114/5000
f 1989/5113/4999 2002/5114/5000 1990/4224/4110
f 1990/4224/4110 2002/5114/5000 2005/4225/4111
f 2056/5110/4996 1810/5109/4995 2057/5115/5001
f 2057/5115/5001 1810/5109/4995 1809/4341/4227
f 2057/5115/5001 1809/4341/4227 2058/4343/4229
f 1988/4290/4176 1987/4268/4154 1393/4284/4170
f 1991/4247/4133 1990/4224/4110 1553/4241/4127
f 2066/4789/4675 2065/5116/5002 1845/4787/4673
f 1845/4787/4673 2065/5116/5002 1846/5117/5003
f 1846/5117/5003 2065/5116/5002 2064/5118/5004
f 1846/5117/5003 2064/5118/5004 1847/5119/5005
f 1847/5119/5005 2064/5118/5004 1952/5120/5006
f 1847/5119/5005 1952/5120/5006 2019/5121/5007
f 2019/5121/5007 1952/5120/5006 2042/5122/5008
f 2019/5121/5007 2042/5122/5008 2020/4676/4562
f 2020/4676/4562 2042/5122/5008 2045/4659/4545
f 1952/5120/5006 2064/5118/5004 1953/5123/5009
f 1953/5123/5009 2064/5118/5004 2063/5124/5010
f 1953/5123/5009 2063/5124/5010 1954/5125/5011
f 1954/5125/5011 2063/5124/5010 2062/5126/5012
f 1954/5125/5011 2062/5126/5012 1861/5127/5013
f 1861/5127/5013 2062/5126/5012 2061/5128/5014
f 1861/5127/5013 2061/5128/5014 1862/5129/5015
f 1862/5129/5015 2061/5128/5014 2060/4346/4232
f 1862/5129/5015 2060/4346/4232 1863/4348/4234
f 1837/5112/4998 2056/5110/4996 1838/5130/5016
f 1838/5130/5016 2056/5110/4996 2055/5131/5017
f 1838/5130/5016 2055/5131/5017 1839/5132/5018
f 1839/5132/5018 2055/5131/5017 2054/5133/5019
f 1839/5132/5018 2054/5133/5019 1829/5134/5020
f 1829/5134/5020 2054/5133/5019 2053/5135/5021
f 1829/5134/5020 2053/5135/5021 1830/5136/5022
f 1830/5136/5022 2053/5135/5021 2052/4792/4678
f 1830/5136/5022 2052/4792/4678 1831/4794/4680
f 2051/4571/4457 2050/4563/4449 401/4565/4451
f 2050/4563/4449 2049/5137/5023 2034/4561/4447
f 2034/4561/4447 2049/5137/5023 2035/5138/5024
f 2035/5138/5024 2049/5137/5023 1955/5139/5025
f 2035/5138/5024 1955/5139/5025 1860/5140/5026
f 1860/5140/5026 1955/5139/5025 1954/5125/5011
f 1860/5140/5026 1954/5125/5011 1861/5127/5013
f 2038/4518/4404 2037/4498/4384 593/4514/4400
f 2018/4736/4622 2017/4714/4600 203/4730/4616
f 2011/5017/4903 2010/5009/4895 1195/5011/4897
f 2010/5009/4895 2009/5141/5027 1994/5007/4893
f 1994/5007/4893 2009/5141/5027 1995/5142/5028
f 1995/5142/5028 2009/5141/5027 1840/5143/5029
f 1995/5142/5028 1840/5143/5029 1828/5144/5030
f 1828/5144/5030 1840/5143/5029 1839/5132/5018
f 1828/5144/5030 1839/5132/5018 1829/5134/5020
f 1998/4964/4850 1997/4944/4830 1003/4960/4846
f 2001/4921/4807 2000/4798/4684 843/4917/4803

g Solid1:1

v 33.963539 -6.492741 32.901163
v 34.757207 -6.048047 32.954667
v 35.668074 -6.062208 32.971373
v 36.449616 -6.533520 32.954590
v 36.887162 -7.332495 32.893489
v 36.865715 -8.236872 32.776098
v 36.399715 -9.005682 32.613992
v 35.613000 -9.441808 32.460515
v 34.705561 -9.427266 32.395796
v 33.794167 -8.804912 32.498716
v 33.436600 -7.772556 32.707602
v 36.133303 -6.272929 19.000000
v 36.927379 -7.567367 19.000000
v 36.410445 -8.995269 19.000000
v 34.971764 -9.481396 19.000000
v 33.694691 -8.659685 19.000000
v 33.540888 -7.148900 19.000000
v 34.626173 -6.086694 19.000000
v 22.560753 -0.807953 34.164620
v 23.304637 -0.987897 34.166600
v 23.957893 -0.589205 34.169326
v 24.137897 0.154637 34.167926
v 23.739204 0.807894 34.165808
v 22.995362 0.987897 34.167488
v 22.342105 0.589203 34.169395
v 22.162103 -0.154638 34.167135
v 23.691100 0.840958 21.700000
v 23.691100 0.840958 19.000000
v 24.148841 -0.048128 19.000000
v 23.607741 -0.889086 19.000000
v 22.608900 -0.840958 19.000000
v 22.608900 -0.840958 21.700000
v 22.151159 0.048128 21.700000
v 22.692259 0.889086 21.700000
v 36.539129 -5.642211 19.000000
v 37.629535 -7.214527 19.000000
v 37.288773 -9.097357 19.000000
v 35.716456 -10.187763 19.000000
v 33.833627 -9.847001 19.000000
v 32.743221 -8.274684 19.000000
v 33.083983 -6.391855 19.000000
v 34.656299 -5.301449 19.000000
v 9.921923 9.026149 32.636156
v 10.828893 9.471288 32.474112
v 11.840093 9.336702 32.433625
v 12.504729 8.806360 32.525490
v 12.839745 8.032706 32.679447
v 12.759400 7.149693 32.828637
v 12.251674 6.415193 32.923408
v 11.444256 6.026124 32.969683
v 10.549374 6.088067 32.982902
v 9.801389 6.586788 32.964907
v 9.400146 7.388935 32.904852
v 9.447169 8.278866 32.791358
v 21.797249 -2.102395 21.700000
v 20.706843 -0.530078 21.700000
v 21.047605 1.352751 21.700000
v 22.619922 2.443157 21.700000
v 24.502751 2.102395 21.700000
v 21.797249 -2.102395 19.000000
v 24.502751 2.102395 19.000000
v 25.593157 0.530078 19.000000
v 25.252395 -1.352751 19.000000
v 23.680078 -2.443157 19.000000
v 37.140269 -9.304192 32.624196
v 36.340654 -9.962184 32.412878
v 35.336775 -10.240080 32.244824
v 34.138019 -10.014186 32.209558
v 33.194843 -9.255827 32.380952
v 32.720435 -8.155867 32.647769
v 32.814599 -6.954243 32.863427
v 34.080014 -5.502743 33.002650
v 36.006447 -5.382937 33.027402
v 36.905015 -5.929038 33.015694
v 37.499420 -6.796009 32.974248
v 37.660183 -8.105576 32.848118
v 12.060548 9.216282 19.000000
v 12.854624 7.921845 19.000000
v 12.337690 6.493943 19.000000
v 10.899008 6.007815 19.000000
v 9.621935 6.829527 19.000000
v 9.468133 8.340311 19.000000
v 10.553418 9.402517 19.000000
v 21.134393 1.478962 33.169368
v 22.770563 2.470837 33.155728
v 24.628853 2.015442 33.144652
v 25.620839 0.379429 33.158815
v 25.165436 -1.478861 33.169178
v 23.529430 -2.470839 33.153482
v 21.671147 -2.015442 33.141659
v 20.679163 -0.379438 33.156829
v 106.687895 -49.911014 33.489486
v 103.092637 -55.498497 33.598221
v 102.242006 -56.377523 33.467686
v 101.114258 -56.848622 33.317565
v 99.890223 -56.821098 33.188517
v 98.777728 -56.300524 33.132964
v 90.183317 -50.239662 32.792296
v 81.136229 -44.882334 31.555820
v 76.377151 -42.569729 30.471482
v 71.425967 -40.555686 29.006985
v 66.256390 -38.881063 27.110315
v 60.894888 -37.504722 24.849499
v 55.532595 -36.129610 22.667254
v 50.392685 -34.408880 21.079194
v 47.975865 -33.310517 20.669114
v 45.696347 -31.998765 20.596266
v 41.541762 -28.746679 21.439669
v 37.834085 -24.800025 23.375951
v 34.461588 -20.332447 26.131892
v 28.275229 -10.529080 33.009871
v 30.494178 -7.080471 33.151668
v 32.714454 -3.629802 33.151668
v 34.933404 -0.181193 33.009871
v 105.747581 -45.786692 32.979659
v 106.602943 -46.594405 33.031492
v 107.083693 -47.660034 33.164278
v 107.113750 -48.824281 33.330528
v 93.122876 -39.488412 33.480392
v 76.546527 -29.447485 33.495725
v 88.130423 -47.247497 33.119751
v 62.358920 -21.444914 33.268601
v 48.984694 -12.834301 33.095415
v 96.231784 -52.558299 33.462107
v 97.071078 -51.253899 33.734054
v 97.921363 -49.932418 33.891042
v 98.775186 -48.605438 33.932438
v 99.625166 -47.284431 33.858900
v 100.464234 -45.980382 33.673544
v 101.285572 -44.703889 33.380657
v 88.936716 -45.994386 33.576416
v 89.769342 -44.700350 33.877187
v 90.616289 -43.384056 34.017916
v 91.465455 -42.064315 33.996687
v 92.304886 -40.759702 33.815972
v 84.885787 -34.388554 33.525543
v 79.602028 -42.600376 32.047031
v 80.403928 -41.354092 32.830497
v 81.261122 -40.021874 33.410803
v 82.156121 -38.630900 33.775904
v 83.070905 -37.209177 33.917197
v 83.986954 -35.785486 33.833089
v 68.092102 -24.685403 33.376519
v 89.015367 -36.921332 33.511065
v 88.169444 -38.236034 33.843119
v 87.303015 -39.582606 33.989172
v 86.430895 -40.938022 33.945489
v 85.568070 -42.278994 33.711122
v 84.729424 -43.582385 33.290721
v 83.929571 -44.825488 32.691732
v 75.127862 -40.603140 31.151558
v 75.941632 -39.338409 32.168287
v 76.831872 -37.954831 32.955108
v 77.777904 -36.484543 33.493874
v 78.758161 -34.961064 33.770618
v 79.750015 -33.419562 33.780033
v 80.730665 -31.895472 33.521279
v 70.487141 -38.864757 29.971223
v 71.323939 -37.564237 31.276631
v 72.263696 -36.103703 32.322915
v 73.282184 -34.520806 33.084115
v 74.353825 -32.855302 33.539296
v 75.451224 -31.149766 33.678103
v 55.559448 -17.314233 33.156576
v 65.661404 -37.413921 28.474667
v 66.533642 -36.058321 30.130177
v 67.541217 -34.492386 31.494637
v 68.655959 -32.759895 32.532377
v 69.847762 -30.907640 33.213713
v 71.083740 -28.986728 33.521762
v 72.330173 -27.049569 33.446443
v 60.706773 -36.163405 26.769069
v 61.624026 -34.737846 28.810467
v 62.712539 -33.046120 30.528655
v 63.940098 -31.138293 31.877060
v 65.271889 -29.068473 32.816098
v 66.669215 -26.896801 33.321342
v 41.484046 -7.245980 33.073688
v 54.070859 -34.325910 24.674775
v 55.048713 -32.806167 27.168293
v 56.240397 -30.954094 29.306160
v 57.609433 -28.826390 31.028667
v 59.115929 -26.485050 32.284189
v 60.714748 -24.000225 33.038886
v 50.271605 -32.881485 23.839033
v 51.277058 -31.318847 26.494600
v 52.512065 -29.399446 28.787559
v 53.939013 -27.181735 30.653166
v 55.516565 -24.729963 32.035088
v 57.197581 -22.117391 32.895609
v 58.932857 -19.420490 33.207199
v 46.749533 -31.006274 23.544860
v 47.769574 -29.420964 26.228226
v 49.022707 -27.473391 28.556081
v 50.471822 -25.221231 30.462231
v 52.075976 -22.728114 31.888841
v 53.788223 -20.067005 32.796645
v 43.544746 -28.637950 23.866217
v 44.564120 -27.053677 26.426447
v 45.806395 -25.122979 28.653696
v 47.236763 -22.899955 30.484387
v 48.816722 -20.444442 31.862814
v 50.501954 -17.825317 32.750817
v 52.246027 -15.114743 33.119895
v 40.615543 -25.841324 24.721954
v 41.620979 -24.278713 27.028103
v 42.827213 -22.404030 29.037176
v 44.203298 -20.265369 30.691732
v 45.714945 -17.916024 31.941348
v 47.322579 -15.417499 32.751277
v 37.464756 -22.115385 26.280741
v 38.440061 -20.599602 28.152843
v 39.577864 -18.831271 29.783875
v 40.853370 -16.848927 31.127256
v 42.239068 -14.695327 32.142038
v 43.703144 -12.419915 32.799870
v 45.212203 -10.074592 33.079359
v 34.548529 -18.024901 28.294360
v 35.482409 -16.573500 29.620964
v 36.530346 -14.944835 30.773885
v 37.675027 -13.165815 31.720402
v 38.897227 -11.266317 32.431724
v 40.174690 -9.280931 32.887862
v 40.807124 -6.724005 33.073502
v 38.903221 -8.108961 32.927224
v 12.466373 9.847001 19.000000
v 13.556779 8.274684 19.000000
v 13.216017 6.391855 19.000000
v 11.643701 5.301449 19.000000
v 9.760871 5.642211 19.000000
v 8.670465 7.214527 19.000000
v 9.011227 9.097357 19.000000
v 10.583544 10.187763 19.000000
v 34.961445 -0.137612 34.008527
v 105.881644 -45.617944 33.951769
v 69.567891 -22.391787 33.464924
v 50.684880 -10.191935 33.464306
v 100.606662 -42.377053 33.470882
v 98.647508 -56.596990 34.038206
v 89.961135 -50.667291 33.615906
v 80.825955 -45.435113 32.282955
v 76.024675 -43.182214 31.142314
v 71.032731 -41.225641 29.614805
v 65.823987 -39.606009 27.647406
v 60.426101 -38.280334 25.309471
v 55.037374 -36.940425 23.058579
v 49.889866 -35.225623 21.429108
v 47.479088 -34.114931 21.014399
v 45.213623 -32.778398 20.950730
v 43.095674 -31.212601 21.242225
v 41.110770 -29.440032 21.854021
v 37.480960 -25.366478 23.896157
v 34.205934 -20.741534 26.792428
v 28.247187 -10.572661 34.008527
v 98.734223 -56.399501 33.434646
v 98.690816 -56.498323 33.736394
v 93.718496 -52.887637 33.448761
v 84.548578 -47.094030 32.547753
v 79.746481 -44.534695 31.662131
v 74.761183 -42.260084 30.409396
v 69.563851 -40.315007 28.731772
v 64.129216 -38.738739 26.579587
v 53.074173 -35.874922 22.079915
v 49.265085 -34.445781 21.071040
v 45.741291 -32.573246 20.762046
v 42.544087 -30.193137 21.245885
v 39.630550 -27.372165 22.417879
v 36.506533 -23.604619 24.507371
v 33.623958 -19.461835 27.182581
v 102.910764 -55.781217 34.557459
v 102.211983 -56.546912 34.434197
v 100.960848 -57.117003 34.246648
v 99.752575 -57.097778 34.104391
v 106.805332 -49.728362 34.474110
v 104.818926 -52.815575 34.726084
v 106.626944 -46.291697 33.991930
v 107.202449 -47.489381 34.141421
v 107.229475 -48.649140 34.311371
v 11.456068 0.292927 33.009871
v 13.675018 3.741536 33.151668
v 15.895294 7.192205 33.151668
v 18.114243 10.640814 33.009871
v 9.176093 9.324472 32.647128
v 10.047949 10.006098 32.428127
v 11.136394 10.244503 32.264645
v 12.239364 9.976816 32.250902
v 13.104448 9.256761 32.409639
v 13.564008 8.240194 32.649725
v 13.534229 7.119553 32.853183
v 12.428964 5.618606 33.003528
v 10.586850 5.300734 33.034833
v 9.394800 5.929213 33.024774
v 8.702419 7.084228 32.967774
v 8.668814 8.267039 32.845939
v 32.723805 -3.615269 34.151519
v 30.484827 -7.095004 34.151519
v 91.834347 -38.453299 34.480964
v 77.268279 -29.682343 34.490714
v 58.929392 -19.425875 34.206024
v 45.197711 -10.097115 34.080591
v 101.374644 -44.565458 34.371252
v 100.509078 -45.910688 34.678763
v 99.624991 -47.284704 34.868025
v 98.730077 -48.675544 34.934667
v 97.832284 -50.070861 34.875658
v 96.939849 -51.457850 34.690756
v 96.061050 -52.823648 34.381175
v 34.331770 -18.361781 29.061644
v 35.290124 -16.872342 30.450759
v 36.368040 -15.197085 31.658628
v 37.547400 -13.364168 32.650936
v 38.808078 -11.404869 33.397483
v 40.126772 -9.355404 33.877291
v 41.479005 -7.253814 34.074472
v 37.161055 -22.587386 26.947448
v 38.169058 -21.020784 28.909460
v 39.347474 -19.189335 30.619423
v 40.670336 -17.133392 32.028472
v 42.108828 -14.897741 33.093644
v 43.629617 -12.534188 33.785174
v 52.226473 -15.145134 34.120841
v 40.238007 -26.428077 25.306571
v 41.283753 -24.802817 27.725648
v 42.540212 -22.850075 29.833599
v 43.974946 -20.620266 31.570130
v 45.552001 -18.169265 32.882311
v 47.229880 -15.561568 33.733647
v 48.965054 -12.864825 34.096709
v 43.117904 -29.301332 24.400085
v 44.183441 -27.645314 27.088309
v 45.483075 -25.625472 29.427240
v 46.980273 -23.298582 31.350094
v 48.634624 -20.727452 32.798355
v 50.399606 -17.984383 33.731923
v 67.335249 -24.180556 34.356236
v 46.288783 -31.722355 24.049697
v 47.360122 -30.057320 26.870980
v 48.676547 -28.011380 29.318576
v 50.199047 -25.645168 31.322883
v 51.884579 -23.025577 32.823084
v 53.683787 -20.229315 33.777888
v 55.545036 -17.336631 34.156721
v 49.794746 -33.622602 24.339899
v 50.855793 -31.973561 27.137360
v 52.158632 -29.948737 29.552644
v 53.663631 -27.609725 31.517560
v 55.327229 -25.024222 32.972781
v 57.099763 -22.269416 33.878597
v 82.166453 -32.539449 34.513396
v 53.594392 -35.066417 25.194284
v 54.631245 -33.454979 27.828202
v 55.893903 -31.492603 30.085971
v 57.343804 -29.239220 31.904556
v 58.938786 -26.760360 33.229464
v 60.631148 -24.130154 34.024996
v 62.371259 -21.425738 34.265681
v 59.320106 -36.637393 27.022693
v 60.308469 -35.101315 29.266272
v 61.485692 -33.271719 31.159995
v 62.816762 -31.203020 32.652290
v 64.263777 -28.954123 33.699205
v 65.784498 -26.590674 34.273344
v 65.153855 -38.040462 29.085216
v 66.090573 -36.584650 30.865505
v 67.172874 -34.902579 32.333196
v 68.370494 -33.041282 33.449903
v 69.651084 -31.051036 34.183674
v 70.979302 -28.986770 34.516311
v 72.318904 -26.904811 34.436931
v 70.824336 -39.697279 30.875212
v 71.720168 -38.305010 32.236529
v 72.722792 -36.746769 33.323138
v 73.806643 -35.062288 34.108296
v 74.944772 -33.293450 34.570546
v 76.108395 -31.484990 34.699533
v 76.245787 -41.741127 32.230195
v 77.115720 -40.389110 33.255822
v 78.061703 -38.918898 34.041505
v 79.062377 -37.363688 34.569531
v 80.095533 -35.757995 34.826481
v 81.137992 -34.137845 34.807778
v 81.448314 -44.125219 33.202586
v 82.305510 -42.792997 33.965873
v 83.215101 -41.379344 34.521195
v 84.159497 -39.911600 34.857573
v 85.120643 -38.417822 34.967462
v 86.080126 -36.926630 34.850249
v 87.019625 -35.466495 34.508824
v 86.463786 -46.800025 33.848083
v 87.319492 -45.470119 34.411700
v 88.209994 -44.086135 34.796953
v 89.121093 -42.670138 34.997634
v 90.038395 -41.244501 35.010223
v 90.947530 -39.831558 34.836519
v 18.142284 10.684395 34.008527
v 11.428027 0.249346 34.008527
v -60.298423 50.022748 33.489486
v -56.703165 55.610231 33.598221
v -55.852534 56.489257 33.467686
v -54.724786 56.960356 33.317565
v -53.500751 56.932832 33.188517
v -52.388256 56.412258 33.132964
v -43.793845 50.351396 32.792296
v -34.746757 44.994068 31.555820
v -29.987679 42.681463 30.471482
v -25.036495 40.667420 29.006985
v -19.866918 38.992797 27.110315
v -14.505416 37.616456 24.849499
v -9.143123 36.241344 22.667254
v -4.003213 34.520614 21.079194
v -1.586393 33.422251 20.669114
v 0.693124 32.110499 20.596266
v 4.847710 28.858413 21.439669
v 8.555387 24.911759 23.375951
v 11.927884 20.444181 26.131892
v -59.358110 45.898426 32.979659
v -59.360596 45.900001 32.979654
v -60.214855 46.708079 33.031693
v -60.694573 47.773303 33.164490
v -60.724142 48.936787 33.330641
v -46.999412 39.186727 33.335562
v -30.516895 28.999971 33.364499
v -41.740951 47.359231 33.119751
v -16.519190 20.702260 33.227531
v -3.153859 12.077823 33.104990
v -49.842312 52.670033 33.462107
v -50.681606 51.365633 33.734054
v -51.531891 50.044152 33.891042
v -52.385715 48.717171 33.932438
v -53.235694 47.396165 33.858900
v -54.074762 46.092116 33.673544
v -55.164867 44.397916 33.260212
v -42.547244 46.106120 33.576416
v -43.379870 44.812084 33.877187
v -44.226818 43.495790 34.017916
v -45.075983 42.176049 33.996687
v -45.915414 40.871436 33.815972
v -38.789015 34.045385 33.374817
v -33.212556 42.712110 32.047031
v -34.014456 41.465826 32.830497
v -34.871650 40.133608 33.410803
v -35.766649 38.742634 33.775904
v -36.681433 37.320911 33.917197
v -37.597482 35.897220 33.833089
v -22.175544 24.062152 33.294751
v -42.900880 36.605695 33.360544
v -41.779972 38.347768 33.843119
v -40.913543 39.694340 33.989172
v -40.041423 41.049756 33.945489
v -39.178598 42.390728 33.711122
v -38.339952 43.694119 33.290721
v -37.540099 44.937222 32.691732
v -28.738390 40.714874 31.151558
v -29.552160 39.450143 32.168287
v -30.442400 38.066565 32.955108
v -31.388433 36.596277 33.493874
v -32.368690 35.072798 33.770618
v -33.360543 33.531296 33.780033
v -34.661719 31.509056 33.376697
v -24.097670 38.976491 29.971223
v -24.934468 37.675971 31.276631
v -25.874224 36.215437 32.322915
v -26.892712 34.632540 33.084115
v -27.964353 32.967036 33.539296
v -29.061752 31.261500 33.678103
v -9.764641 16.501761 33.153169
v -19.271932 37.525655 28.474667
v -20.144170 36.170055 30.130177
v -21.151745 34.604120 31.494637
v -22.266487 32.871629 32.532377
v -23.458290 31.019373 33.213713
v -24.694268 29.098462 33.521762
v -26.352613 26.521124 33.336603
v -14.317302 36.275139 26.769069
v -15.234554 34.849580 28.810467
v -16.323067 33.157854 30.528655
v -17.550626 31.250027 31.877060
v -18.882417 29.180207 32.816098
v -20.279743 27.008535 33.321342
v 4.466124 6.674966 33.074572
v -7.681387 34.437644 24.674775
v -8.659241 32.917901 27.168293
v -9.850926 31.065828 29.306160
v -11.219961 28.938124 31.028667
v -12.726457 26.596784 32.284189
v -14.325276 24.111959 33.038886
v -3.882133 32.993219 23.839033
v -4.887586 31.430581 26.494600
v -6.122593 29.511180 28.787559
v -7.549542 27.293469 30.653166
v -9.127093 24.841697 32.035088
v -10.808109 22.229125 32.895609
v -13.125032 18.628250 33.187697
v -0.360061 31.118008 23.544860
v -1.380102 29.532698 26.228226
v -2.633235 27.585125 28.556081
v -4.082350 25.332965 30.462231
v -5.686504 22.839848 31.888841
v -7.398751 20.178739 32.796645
v 2.844726 28.749684 23.866217
v 1.825351 27.165411 26.426447
v 0.583076 25.234713 28.653696
v -0.847291 23.011689 30.484387
v -2.427250 20.556176 31.862814
v -4.112482 17.937051 32.750817
v -6.442603 14.315665 33.125896
v 5.773929 25.953058 24.721954
v 4.768493 24.390447 27.028103
v 3.562259 22.515764 29.037176
v 2.186174 20.377103 30.691732
v 0.674527 18.027758 31.941348
v -0.933107 15.529233 32.751277
v 8.924716 22.227119 26.280741
v 7.949411 20.711336 28.152843
v 6.811608 18.943005 29.783875
v 5.536102 16.960661 31.127256
v 4.150404 14.807061 32.142038
v 2.686328 12.531649 32.799870
v 0.670302 9.398416 33.087071
v 11.840943 18.136635 28.294360
v 10.907063 16.685234 29.620964
v 9.859126 15.056569 30.773885
v 8.714445 13.277549 31.720402
v 7.492245 11.378051 32.431724
v 6.214782 9.392665 32.887862
v 4.933239 6.336406 33.073316
v 7.504601 8.203653 32.927816
v -59.492172 45.729678 33.951769
v -23.178419 22.503521 33.464924
v -4.295409 10.303669 33.464306
v -54.217190 42.488787 33.470882
v 15.904644 7.206738 34.151519
v 13.665667 3.727003 34.151519
v -52.258036 56.708724 34.038206
v -43.571663 50.779025 33.615906
v -34.436483 45.546847 32.282955
v -29.635204 43.293948 31.142314
v -24.643259 41.337375 29.614805
v -19.434515 39.717743 27.647406
v -14.036629 38.392068 25.309471
v -8.647902 37.052159 23.058579
v -3.500394 35.337357 21.429108
v -1.089616 34.226665 21.014399
v 1.175849 32.890132 20.950730
v 3.293797 31.324335 21.242225
v 5.278702 29.551766 21.854021
v 8.908512 25.478212 23.896157
v 12.183538 20.853268 26.792428
v -52.344751 56.511235 33.434646
v -52.301344 56.610057 33.736394
v -47.329024 52.999371 33.448761
v -38.159106 47.205764 32.547753
v -33.357009 44.646429 31.662131
v -28.371711 42.371818 30.409396
v -23.174379 40.426741 28.731772
v -17.739744 38.850472 26.579587
v -6.684701 35.986656 22.079915
v -2.875613 34.557515 21.071040
v 0.648181 32.684980 20.762046
v 3.845385 30.304871 21.245885
v 6.758922 27.483898 22.417879
v 9.882938 23.716353 24.507371
v 12.765514 19.573569 27.182581
v -56.521270 55.892937 34.557459
v -55.688948 56.756626 34.412530
v -54.590031 57.225210 34.249163
v -53.393123 57.216362 34.107223
v -52.290236 56.732015 34.038612
v -60.415854 49.840092 34.474110
v -60.246523 50.103287 34.512599
v -58.429454 52.927309 34.726084
v -56.600968 55.769074 34.572651
v -59.511548 45.742137 33.951766
v -60.348816 46.552889 34.007294
v -60.815467 47.612148 34.142976
v -60.839271 48.764916 34.311974
v -34.783045 31.320497 34.354940
v -13.153176 18.584510 34.185185
v 0.664891 9.390006 34.089589
v -55.268358 44.237074 34.243618
v -54.119606 46.022422 34.678763
v -53.235519 47.396438 34.868025
v -52.340605 48.787278 34.934667
v -51.442813 50.182595 34.875658
v -50.550377 51.569584 34.690756
v -49.383079 53.383755 34.250950
v 12.348202 18.924998 28.565326
v 11.099348 16.984076 30.450759
v 10.021432 15.308819 31.658628
v 8.842072 13.475902 32.650936
v 7.581394 11.516603 33.397483
v 6.262700 9.467138 33.877291
v 4.456707 6.660331 34.076350
v 9.523128 23.157148 26.247412
v 8.220414 21.132518 28.909460
v 7.041998 19.301069 30.619423
v 5.719136 17.245126 32.028472
v 4.280644 15.009475 33.093644
v 2.759855 12.645921 33.785174
v -6.450904 14.302762 34.127648
v 6.448931 27.002122 24.443410
v 5.105719 24.914551 27.725648
v 3.849259 22.961809 29.833599
v 2.414526 20.732000 31.570130
v 0.837471 18.280999 32.882311
v -0.840408 15.673302 33.733647
v -3.158830 12.070097 34.107509
v 3.569869 29.876675 23.440092
v 2.206031 27.757048 27.088309
v 0.906397 25.737206 29.427240
v -0.590801 23.410316 31.350094
v -2.245152 20.839186 32.798355
v -4.010134 18.096117 33.731923
v -22.250268 23.946018 34.282443
v 0.398115 32.296338 23.040565
v -0.970650 30.169053 26.870980
v -2.287075 28.123114 29.318576
v -3.809575 25.756902 31.322883
v -5.495107 23.137311 32.823084
v -7.294315 20.341049 33.777888
v -9.780463 16.477171 34.153287
v -3.110684 34.192176 23.336615
v -4.466321 32.085295 27.137360
v -5.769161 30.060471 29.552644
v -7.274159 27.721459 31.517560
v -8.937757 25.135956 32.972781
v -10.710291 22.381150 33.878597
v -38.914903 33.849734 34.352314
v -6.914771 35.629091 24.245901
v -8.241773 33.566713 27.828202
v -9.504431 31.604337 30.085971
v -10.954333 29.350954 31.904556
v -12.549314 26.872094 33.229464
v -14.241676 24.241888 34.024996
v -16.563567 20.633292 34.221586
v -13.586256 37.411303 26.562555
v -14.847488 35.451144 29.522975
v -16.009423 33.645307 31.349511
v -17.319101 31.609854 32.782239
v -18.739464 29.402380 33.779117
v -20.229331 27.086883 34.314229
v -23.443283 39.993514 30.142813
v -24.614969 38.172523 32.079488
v -25.626567 36.600335 33.210787
v -26.723368 34.895729 34.034549
v -27.877760 33.101615 34.528102
v -29.060166 31.263964 34.680197
v -30.628314 28.826808 34.344657
v -28.120676 41.674902 31.477899
v -29.266158 39.894636 33.008588
v -30.225556 38.403577 33.869455
v -31.246229 36.817285 34.461175
v -32.304729 35.172204 34.768349
v -33.376425 33.506613 34.785007
v -32.629541 43.618210 32.503434
v -33.760942 41.859828 33.702625
v -34.683531 40.425975 34.346698
v -35.648523 38.926221 34.756151
v -36.636187 37.391230 34.921215
v -37.626202 35.852586 34.839819
v -41.222358 48.165210 33.774026
v -42.356165 46.403088 34.498033
v -43.243945 45.023334 34.843758
v -44.149126 43.616535 35.014178
v -45.058293 42.203542 35.006637
v -45.958132 40.805046 34.823386
v -47.120952 38.997834 34.314515
vt 0.628367 9.804251 0.000000
vt 0.528678 9.759518 0.000000
vt 0.768480 9.778115 0.000000
vt 0.768480 9.572430 0.000000
vt 0.807300 9.688053 0.000000
vt 0.461393 9.498944 0.000000
vt 0.459088 9.678432 0.000000
vt 0.436493 9.582820 0.000000
vt 0.694792 9.491625 0.000000
vt 0.523155 9.449546 0.000000
vt 0.606571 9.447019 0.000000
vt -19.804631 -0.431969 0.000000
vt -18.409172 -0.315967 0.000000
vt -19.804631 -0.274889 0.000000
vt -18.407493 -0.223634 0.000000
vt -19.804631 -0.117810 0.000000
vt -18.409164 -0.131475 0.000000
vt -18.414514 -0.039442 0.000000
vt -19.804631 0.510509 0.000000
vt -18.427021 0.599934 0.000000
vt -19.804631 0.667588 0.000000
vt -18.427021 -0.499623 0.000000
vt -18.415282 -0.408121 0.000000
vt -19.804631 0.353429 0.000000
vt -18.458579 0.418041 0.000000
vt -18.443231 0.509014 0.000000
vt -18.465051 0.326237 0.000000
vt -19.804631 0.196350 0.000000
vt -18.454759 0.213960 0.000000
vt -18.433870 0.102851 0.000000
vt -19.804631 0.039270 0.000000
vt 0.653778 0.241458 0.000000
vt 0.654030 0.162918 0.000000
vt 1.900492 0.157080 0.000000
vt 0.653832 0.084378 0.000000
vt 2.170492 0.157080 0.000000
vt 2.170492 0.052360 0.000000
vt 0.653559 0.005838 0.000000
vt 2.170492 -0.052360 0.000000
vt 0.653699 -0.072702 0.000000
vt 2.170492 -0.157080 0.000000
vt 0.653911 -0.151241 0.000000
vt 1.900492 -0.157080 0.000000
vt 0.653743 -0.229781 0.000000
vt 1.900492 -0.261799 0.000000
vt 0.653552 -0.308321 0.000000
vt 1.900492 -0.366519 0.000000
vt 0.653778 -0.386861 0.000000
vt 1.900492 0.261799 0.000000
vt 0.054493 -0.176777 0.000000
vt 0.231270 -0.250000 0.000000
vt 0.231270 -0.175000 0.000000
vt 0.408046 -0.176777 0.000000
vt 0.368090 -0.109111 0.000000
vt 0.481270 0.000000 0.000000
vt 0.401882 0.038941 0.000000
vt 0.408046 0.176777 0.000000
vt 0.307199 0.157670 0.000000
vt 0.231270 0.250000 0.000000
vt 0.155340 0.157670 0.000000
vt 0.054493 0.176777 0.000000
vt 0.060657 0.038941 0.000000
vt -0.018730 0.000000 0.000000
vt 0.094449 -0.109111 0.000000
vt 0.514191 9.426132 0.000000
vt 0.596784 9.425598 0.000000
vt 0.504604 9.729245 0.000000
vt 0.694863 9.480174 0.000000
vt 0.769877 9.738425 0.000000
vt 0.769877 9.576721 0.000000
vt 0.792948 9.665183 0.000000
vt 0.699268 9.781327 0.000000
vt 0.600340 9.778238 0.000000
vt 0.451506 9.472356 0.000000
vt 0.440927 9.647039 0.000000
vt 0.423507 9.553035 0.000000
vt 0.000000 0.250000 0.000000
vt -0.176777 0.176777 0.000000
vt 0.000000 0.100000 0.000000
vt -0.086603 0.050000 0.000000
vt -0.250000 0.000000 0.000000
vt -0.086603 -0.050000 0.000000
vt -0.176777 -0.176777 0.000000
vt 0.000000 -0.100000 0.000000
vt 0.000000 -0.250000 0.000000
vt -0.250000 -0.150000 0.000000
vt 0.020000 -0.150000 0.000000
vt -0.250000 0.000000 0.000000
vt 0.020000 0.000000 0.000000
vt 0.000000 0.250000 0.000000
vt 0.000000 0.100000 0.000000
vt 0.176777 0.176777 0.000000
vt 0.086603 0.050000 0.000000
vt 0.250000 0.000000 0.000000
vt 0.086603 -0.050000 0.000000
vt 0.176777 -0.176777 0.000000
vt 0.000000 -0.100000 0.000000
vt 0.000000 -0.250000 0.000000
vt -0.250000 -0.150000 0.000000
vt 0.020000 -0.150000 0.000000
vt -0.250000 0.000000 0.000000
vt 0.020000 0.000000 0.000000
vt 18.419819 0.892111 0.000000
vt 18.442211 0.759925 0.000000
vt 19.804631 0.785398 0.000000
vt 18.463343 0.655616 0.000000
vt 19.804631 0.589049 0.000000
vt 18.480148 0.550684 0.000000
vt 19.804631 0.392699 0.000000
vt 18.483675 0.427455 0.000000
vt 18.466535 0.305217 0.000000
vt 19.804631 0.196350 0.000000
vt 18.439854 0.184250 0.000000
vt 18.418288 0.062520 0.000000
vt 19.804631 0.000000 0.000000
vt 18.404366 -0.135154 0.000000
vt 19.804631 -0.196350 0.000000
vt 18.401890 -0.333317 0.000000
vt 19.804631 -0.392699 0.000000
vt 18.403061 -0.439257 0.000000
vt 19.804631 -0.589049 0.000000
vt 18.407206 -0.545165 0.000000
vt 18.419819 -0.678685 0.000000
vt 19.804631 -0.785398 0.000000
vt -19.804631 -0.431969 0.000000
vt -18.452082 -0.335637 0.000000
vt -19.804631 -0.274889 0.000000
vt -18.461268 -0.249748 0.000000
vt -18.457219 -0.146234 0.000000
vt -19.804631 0.510509 0.000000
vt -18.421767 0.589133 0.000000
vt -19.804631 0.667588 0.000000
vt -18.421767 -0.510424 0.000000
vt -18.436686 -0.420782 0.000000
vt -19.804631 0.353429 0.000000
vt -18.407662 0.408208 0.000000
vt -18.412290 0.498845 0.000000
vt -18.406340 0.317493 0.000000
vt -19.804631 0.196350 0.000000
vt -18.408140 0.226574 0.000000
vt -18.414145 0.135872 0.000000
vt -19.804631 0.039270 0.000000
vt -18.425495 0.045763 0.000000
vt -18.441015 -0.043744 0.000000
vt -19.804631 -0.117810 0.000000
vt 1.145573 -0.573729 0.000000
vt -0.000000 -0.589049 0.000000
vt 1.146937 -0.770079 0.000000
vt -0.000000 -0.785398 0.000000
vt 1.145683 -0.966428 0.000000
vt 1.145683 0.604368 0.000000
vt -0.000000 0.785398 0.000000
vt -0.000000 0.589049 0.000000
vt 1.144166 0.408020 0.000000
vt -0.000000 0.392699 0.000000
vt 1.145348 0.211670 0.000000
vt -0.270000 0.392699 0.000000
vt -0.270000 0.196350 0.000000
vt -0.000000 -0.392699 0.000000
vt 1.144465 -0.377379 0.000000
vt -0.270000 -0.392699 0.000000
vt -0.270000 -0.196350 0.000000
vt 1.145882 -0.181029 0.000000
vt -0.270000 0.000000 0.000000
vt 1.146918 0.015322 0.000000
vt 1.475805 0.924138 0.000000
vt 0.986731 1.688949 0.000000
vt 0.466865 0.924130 0.000000
vt 0.740049 1.688949 0.000000
vt 0.493366 1.688949 0.000000
vt 0.493366 2.695440 0.000000
vt 0.246683 2.695440 0.000000
vt 0.246683 3.198685 0.000000
vt 0.000000 1.238178 0.000000
vt 0.246683 3.701930 0.000000
vt 0.246683 4.205176 0.000000
vt 0.493366 3.701930 0.000000
vt 0.493366 4.205176 0.000000
vt 0.740049 3.701930 0.000000
vt 0.740049 4.205176 0.000000
vt 0.986731 3.701930 0.000000
vt 0.986731 4.205176 0.000000
vt 1.233414 3.701930 0.000000
vt 1.233414 4.205176 0.000000
vt 1.480097 3.701930 0.000000
vt 1.480097 4.205176 0.000000
vt 1.726780 3.701930 0.000000
vt 1.726780 4.205176 0.000000
vt 1.973463 3.985444 0.000000
vt 1.973463 4.531316 0.000000
vt 1.660554 0.949044 0.000000
vt 1.480097 1.688949 0.000000
vt 1.233414 1.688949 0.000000
vt 0.986731 2.695440 0.000000
vt 0.740049 2.695440 0.000000
vt 0.740049 3.198685 0.000000
vt 0.493366 3.198685 0.000000
vt 1.822471 1.021100 0.000000
vt 1.726780 1.688949 0.000000
vt 1.480097 2.695440 0.000000
vt 1.726780 2.695440 0.000000
vt 1.480097 3.198685 0.000000
vt 1.726780 3.198685 0.000000
vt 1.933765 1.129604 0.000000
vt 1.973463 1.256083 0.000000
vt 1.973463 2.347827 0.000000
vt 1.973463 3.439572 0.000000
vt 1.726780 4.708421 0.000000
vt 1.973463 5.077189 0.000000
vt 1.726780 5.211666 0.000000
vt 1.973463 5.623061 0.000000
vt 1.726780 5.714912 0.000000
vt 1.973463 6.168933 0.000000
vt 1.726780 6.398070 0.000000
vt 1.973463 6.714805 0.000000
vt 1.726780 6.811261 0.000000
vt 1.973463 6.987741 0.000000
vt 1.726780 7.224451 0.000000
vt 1.973463 7.260678 0.000000
vt 1.726780 7.637642 0.000000
vt 1.973463 7.806550 0.000000
vt 1.726780 8.050832 0.000000
vt 1.973463 8.352422 0.000000
vt 1.726780 8.535634 0.000000
vt 1.973463 8.898294 0.000000
vt 1.726780 9.020435 0.000000
vt 1.973463 9.990039 0.000000
vt 1.315642 9.990039 0.000000
vt 0.657821 9.990039 0.000000
vt 0.986732 9.794377 0.000000
vt 1.110005 9.735045 0.000000
vt 1.148535 9.631748 0.000000
vt 0.000000 9.990039 0.000000
vt 0.493366 9.603816 0.000000
vt 0.697977 9.765413 0.000000
vt 0.246683 5.714912 0.000000
vt 0.246683 6.398070 0.000000
vt 0.246683 6.811261 0.000000
vt 0.493366 6.398070 0.000000
vt 0.493366 6.811261 0.000000
vt 0.740049 6.398070 0.000000
vt 0.740049 6.811261 0.000000
vt 0.986731 6.398070 0.000000
vt 0.986731 6.811261 0.000000
vt 1.233414 6.398070 0.000000
vt 1.233414 6.811261 0.000000
vt 1.480097 6.398070 0.000000
vt 1.480097 6.811261 0.000000
vt 0.246683 1.688949 0.000000
vt 0.036482 1.118024 0.000000
vt 0.138811 1.016103 0.000000
vt 0.289878 0.948019 0.000000
vt 0.592000 9.306236 0.000000
vt 0.493366 9.197429 0.000000
vt 0.735451 9.284276 0.000000
vt 0.740049 9.020435 0.000000
vt 0.862895 9.317152 0.000000
vt 0.986731 9.020435 0.000000
vt 0.986732 9.389247 0.000000
vt 1.233414 9.020435 0.000000
vt 1.100575 9.506696 0.000000
vt 1.480097 9.020435 0.000000
vt 0.493366 9.393912 0.000000
vt 0.246683 9.108932 0.000000
vt 0.493366 9.020435 0.000000
vt 0.246683 9.020435 0.000000
vt 0.493366 8.535634 0.000000
vt 0.246683 8.535634 0.000000
vt 0.493366 8.050832 0.000000
vt 0.246683 8.050832 0.000000
vt 0.493366 7.637642 0.000000
vt 0.246683 7.637642 0.000000
vt 0.493366 7.224451 0.000000
vt 0.246683 7.224451 0.000000
vt 0.465361 9.494595 0.000000
vt 0.246683 4.708421 0.000000
vt 0.493366 4.708421 0.000000
vt 0.740049 4.708421 0.000000
vt 0.986731 4.708421 0.000000
vt 1.233414 4.708421 0.000000
vt 1.480097 4.708421 0.000000
vt 1.233414 2.695440 0.000000
vt 1.233414 3.198685 0.000000
vt 0.986731 3.198685 0.000000
vt 0.246683 5.211666 0.000000
vt 1.480097 5.211666 0.000000
vt 1.480097 5.714912 0.000000
vt 1.233414 5.211666 0.000000
vt 1.233414 5.714912 0.000000
vt 0.986731 5.211666 0.000000
vt 0.986731 5.714912 0.000000
vt 0.740049 5.211666 0.000000
vt 0.740049 5.714912 0.000000
vt 0.493366 5.211666 0.000000
vt 0.493366 5.714912 0.000000
vt 1.480097 7.224451 0.000000
vt 1.480097 7.637642 0.000000
vt 1.480097 8.050832 0.000000
vt 1.480097 8.535634 0.000000
vt 1.233414 7.224451 0.000000
vt 1.233414 7.637642 0.000000
vt 1.233414 8.050832 0.000000
vt 1.233414 8.535634 0.000000
vt 0.986731 7.224451 0.000000
vt 0.986731 7.637642 0.000000
vt 0.986731 8.050832 0.000000
vt 0.986731 8.535634 0.000000
vt 0.740049 7.224451 0.000000
vt 0.740049 7.637642 0.000000
vt 0.740049 8.050832 0.000000
vt 0.740049 8.535634 0.000000
vt -0.408046 -0.176777 0.000000
vt -0.231270 -0.250000 0.000000
vt -0.231270 -0.175000 0.000000
vt -0.054493 -0.176777 0.000000
vt -0.094449 -0.109111 0.000000
vt 0.018730 0.000000 0.000000
vt -0.060657 0.038941 0.000000
vt -0.054493 0.176777 0.000000
vt -0.155340 0.157670 0.000000
vt -0.231270 0.250000 0.000000
vt -0.307199 0.157670 0.000000
vt -0.408046 0.176777 0.000000
vt -0.401882 0.038941 0.000000
vt -0.481270 0.000000 0.000000
vt -0.368090 -0.109111 0.000000
vt 0.099839 9.614624 0.000000
vt 0.049920 5.500151 0.000000
vt 0.099839 1.191649 0.000000
vt 0.049920 1.808481 0.000000
vt 0.000000 1.189506 0.000000
vt 0.049920 7.748290 0.000000
vt 0.000000 9.614624 0.000000
vt 0.067927 1.386008 0.000000
vt 0.101887 1.384057 0.000000
vt 0.050943 2.091416 0.000000
vt 0.101887 2.592852 0.000000
vt 0.050943 3.338498 0.000000
vt 0.101887 3.801646 0.000000
vt 0.050943 3.962039 0.000000
vt 0.101887 4.406043 0.000000
vt 0.050943 4.585580 0.000000
vt 0.101887 5.010441 0.000000
vt 0.050943 5.209121 0.000000
vt 0.101887 5.614838 0.000000
vt 0.050943 5.832661 0.000000
vt 0.101887 6.219235 0.000000
vt 0.101887 6.823632 0.000000
vt 0.050943 7.079743 0.000000
vt 0.101887 7.428029 0.000000
vt 0.050943 7.536956 0.000000
vt 0.101887 7.730228 0.000000
vt 0.050943 7.994170 0.000000
vt 0.101887 8.032427 0.000000
vt 0.101887 8.334625 0.000000
vt 0.050943 8.451383 0.000000
vt 0.101887 8.636824 0.000000
vt 0.050943 8.908596 0.000000
vt 0.101887 9.241221 0.000000
vt 0.050943 9.445050 0.000000
vt 0.101887 9.845618 0.000000
vt 0.050943 9.981504 0.000000
vt 0.101887 11.054413 0.000000
vt 0.000000 11.054413 0.000000
vt 0.000000 9.846350 0.000000
vt 0.000000 9.242319 0.000000
vt 0.000000 8.638287 0.000000
vt 0.000000 8.034256 0.000000
vt 0.000000 7.732240 0.000000
vt 0.000000 7.430224 0.000000
vt 0.000000 6.826193 0.000000
vt 0.000000 6.222162 0.000000
vt 0.000000 5.618130 0.000000
vt 0.000000 5.014099 0.000000
vt 0.000000 4.410067 0.000000
vt 0.000000 3.806036 0.000000
vt 0.000000 2.597973 0.000000
vt 0.000000 1.389911 0.000000
vt 0.033964 1.387959 0.000000
vt -0.071723 -0.471332 0.000000
vt -0.093849 -0.573852 0.000000
vt 0.029920 -0.471292 0.000000
vt 0.002619 -0.592053 0.000000
vt -0.114336 -0.712322 0.000000
vt -0.016445 -0.714555 0.000000
vt -0.121954 -0.834613 0.000000
vt -0.025360 -0.838219 0.000000
vt -0.025360 1.046987 0.000000
vt -0.121954 1.050594 0.000000
vt -0.089522 0.926541 0.000000
vt -0.057520 0.924848 0.000000
vt -0.121525 0.928234 0.000000
vt -0.025518 0.923153 0.000000
vt 5.598336 -0.403913 0.000000
vt 5.623534 -0.036807 0.000000
vt 5.499874 -0.382198 0.000000
vt 5.510747 0.282225 0.000000
vt 5.606671 0.315842 0.000000
vt -0.078394 -0.471250 0.000000
vt 0.022435 -0.471243 0.000000
vt -0.087000 -0.353723 0.000000
vt 0.013303 -0.353037 0.000000
vt 0.008790 -0.234714 0.000000
vt -0.091105 -0.235791 0.000000
vt 0.008048 -0.116292 0.000000
vt -0.091506 -0.100943 0.000000
vt 0.008438 0.002236 0.000000
vt -0.091110 0.000085 0.000000
vt -1.000000 37.092036 0.000000
vt -1.000000 36.681690 0.000000
vt 0.016049 37.040560 0.000000
vt 1.000000 36.681690 0.000000
vt 1.000000 37.092036 0.000000
vt 1.000000 37.502383 0.000000
vt 0.250270 37.305401 0.000000
vt 0.187995 37.124478 0.000000
vt 1.000000 -36.681690 0.000000
vt -0.014571 -37.054801 0.000000
vt 1.000000 -37.092036 0.000000
vt 0.166345 -37.117066 0.000000
vt 0.250270 -37.289018 0.000000
vt -1.000000 -36.681690 0.000000
vt -1.000000 -37.092036 0.000000
vt -0.186517 -37.138718 0.000000
vt -0.186517 37.455701 0.000000
vt -1.000000 37.502383 0.000000
vt -0.248772 37.274780 0.000000
vt -0.164867 37.102826 0.000000
vt 18.420037 0.090305 0.000000
vt 18.439918 -0.028079 0.000000
vt 19.804631 0.000000 0.000000
vt 18.461818 -0.139672 0.000000
vt 19.804631 -0.196350 0.000000
vt 18.478166 -0.252040 0.000000
vt 19.804631 -0.392699 0.000000
vt 18.479540 -0.366537 0.000000
vt 18.463667 -0.480064 0.000000
vt 19.804631 -0.589049 0.000000
vt 18.439658 -0.592573 0.000000
vt 18.419312 -0.705637 0.000000
vt 19.804631 -0.785398 0.000000
vt 19.804631 0.785398 0.000000
vt 18.419312 0.865159 0.000000
vt 18.404278 0.674148 0.000000
vt 19.804631 0.589049 0.000000
vt 18.401147 0.482560 0.000000
vt 19.804631 0.392699 0.000000
vt 18.402153 0.346115 0.000000
vt 19.804631 0.196350 0.000000
vt 18.407853 0.209767 0.000000
vt 1.054899 0.927367 0.000000
vt 0.791174 1.694852 0.000000
vt 0.504364 0.927364 0.000000
vt 0.527450 1.694852 0.000000
vt 0.342235 0.945437 0.000000
vt 0.263725 1.694852 0.000000
vt 0.152046 1.022979 0.000000
vt 0.039841 1.130012 0.000000
vt 0.000000 1.255165 0.000000
vt 0.000000 2.351389 0.000000
vt 0.263725 2.876247 0.000000
vt 0.000000 3.447613 0.000000
vt 0.263725 3.466945 0.000000
vt 0.000000 3.995725 0.000000
vt 0.263725 4.057643 0.000000
vt 0.000000 4.543837 0.000000
vt 0.263725 4.648340 0.000000
vt 0.000000 5.091949 0.000000
vt 0.263725 5.239038 0.000000
vt 0.000000 5.640061 0.000000
vt 0.263725 5.829735 0.000000
vt 0.000000 6.188173 0.000000
vt 0.263725 6.420433 0.000000
vt 0.000000 6.736285 0.000000
vt 0.263725 6.835068 0.000000
vt 0.000000 7.010341 0.000000
vt 0.263725 7.249702 0.000000
vt 0.000000 7.284397 0.000000
vt 0.000000 7.558453 0.000000
vt 0.263725 7.664337 0.000000
vt 0.000000 7.832509 0.000000
vt 0.263725 8.078972 0.000000
vt 0.000000 8.380621 0.000000
vt 0.263725 8.565468 0.000000
vt 0.000000 8.928732 0.000000
vt 0.263725 9.051964 0.000000
vt 0.000000 10.024956 0.000000
vt 0.703266 10.024956 0.000000
vt 0.527450 9.051964 0.000000
vt 0.791174 9.051964 0.000000
vt 0.791174 8.565468 0.000000
vt 1.054899 8.565468 0.000000
vt 1.054899 8.078972 0.000000
vt 1.318624 8.078972 0.000000
vt 1.318624 7.664337 0.000000
vt 1.582349 7.664337 0.000000
vt 1.582349 7.249702 0.000000
vt 1.846074 7.249702 0.000000
vt 1.846074 6.835068 0.000000
vt 2.109799 10.024956 0.000000
vt 1.846074 6.420433 0.000000
vt 1.846074 5.829735 0.000000
vt 1.582349 6.420433 0.000000
vt 1.582349 5.829735 0.000000
vt 1.318624 6.420433 0.000000
vt 1.318624 5.829735 0.000000
vt 1.054899 6.420433 0.000000
vt 1.054899 5.829735 0.000000
vt 0.791174 6.420433 0.000000
vt 0.791174 5.829735 0.000000
vt 0.527450 6.420433 0.000000
vt 0.527450 5.829735 0.000000
vt 1.632061 0.927368 0.000000
vt 1.318624 1.694852 0.000000
vt 1.054899 1.694852 0.000000
vt 0.791174 2.876247 0.000000
vt 0.527450 2.876247 0.000000
vt 0.527450 3.466945 0.000000
vt 1.582349 1.694852 0.000000
vt 1.813397 0.951066 0.000000
vt 1.846074 1.694852 0.000000
vt 1.968271 1.018870 0.000000
vt 2.109799 1.240272 0.000000
vt 2.082486 1.136906 0.000000
vt 1.846074 4.057643 0.000000
vt 1.846074 3.466945 0.000000
vt 1.846074 2.876247 0.000000
vt 1.582349 3.466945 0.000000
vt 1.582349 2.876247 0.000000
vt 1.318624 3.466945 0.000000
vt 1.318624 2.876247 0.000000
vt 1.054899 3.466945 0.000000
vt 1.054899 2.876247 0.000000
vt 0.791174 3.466945 0.000000
vt 1.406532 10.024956 0.000000
vt 1.846074 9.051964 0.000000
vt 1.846074 8.565468 0.000000
vt 1.846074 8.078972 0.000000
vt 1.582349 8.565468 0.000000
vt 1.582349 8.078972 0.000000
vt 1.318624 8.565468 0.000000
vt 1.054899 9.051964 0.000000
vt 1.318624 9.051964 0.000000
vt 1.582349 9.051964 0.000000
vt 1.846074 4.648340 0.000000
vt 1.846074 5.239038 0.000000
vt 1.846074 7.664337 0.000000
vt 0.527450 8.565468 0.000000
vt 0.527450 8.078972 0.000000
vt 0.527450 7.664337 0.000000
vt 0.527450 7.249702 0.000000
vt 0.527450 6.835068 0.000000
vt 0.791174 8.078972 0.000000
vt 1.054899 7.664337 0.000000
vt 1.318624 7.249702 0.000000
vt 1.582349 6.835068 0.000000
vt 0.791174 7.664337 0.000000
vt 0.791174 7.249702 0.000000
vt 0.791174 6.835068 0.000000
vt 1.054899 7.249702 0.000000
vt 1.318624 6.835068 0.000000
vt 1.054899 6.835068 0.000000
vt 1.582349 4.648340 0.000000
vt 1.582349 4.057643 0.000000
vt 1.318624 4.648340 0.000000
vt 1.318624 4.057643 0.000000
vt 1.054899 4.648340 0.000000
vt 1.054899 4.057643 0.000000
vt 0.791174 4.648340 0.000000
vt 0.791174 4.057643 0.000000
vt 0.527450 4.648340 0.000000
vt 0.527450 4.057643 0.000000
vt 0.527450 5.239038 0.000000
vt 0.791174 5.239038 0.000000
vt 1.054899 5.239038 0.000000
vt 1.318624 5.239038 0.000000
vt 1.582349 5.239038 0.000000
vt -0.100000 -1.000000 0.000000
vt -0.000000 -1.000000 0.000000
vt -0.100000 1.000000 0.000000
vt -0.000000 1.000000 0.000000
vt -0.100000 -1.000000 0.000000
vt 0.000000 -1.000000 0.000000
vt -0.100000 1.000000 0.000000
vt -0.000000 1.000000 0.000000
vt 1.475805 0.924138 0.000000
vt 0.986731 1.688949 0.000000
vt 0.466865 0.924130 0.000000
vt 0.740049 1.688949 0.000000
vt 0.493366 1.688949 0.000000
vt 0.493366 2.695440 0.000000
vt 0.164455 2.695440 0.000000
vt 0.164455 3.198685 0.000000
vt -0.000000 1.238178 0.000000
vt 0.164455 3.701930 0.000000
vt 0.164455 4.205176 0.000000
vt 0.493366 3.701930 0.000000
vt 0.493366 4.205176 0.000000
vt 0.740049 3.701930 0.000000
vt 0.740049 4.205176 0.000000
vt 0.986731 3.701930 0.000000
vt 0.986731 4.205176 0.000000
vt 1.233414 3.701930 0.000000
vt 1.233414 4.205176 0.000000
vt 1.480097 3.701930 0.000000
vt 1.480097 4.205176 0.000000
vt 1.726780 3.701930 0.000000
vt 1.726780 4.205176 0.000000
vt 1.973463 3.985444 0.000000
vt 1.973463 4.531316 0.000000
vt 1.660554 0.949044 0.000000
vt 1.480097 1.688949 0.000000
vt 1.233414 1.688949 0.000000
vt 0.986731 2.695440 0.000000
vt 0.740049 2.695440 0.000000
vt 0.740049 3.198685 0.000000
vt 0.493366 3.198685 0.000000
vt 1.822471 1.021100 0.000000
vt 1.726780 1.688949 0.000000
vt 1.480097 2.695440 0.000000
vt 1.726780 2.695440 0.000000
vt 1.480097 3.198685 0.000000
vt 1.726780 3.198685 0.000000
vt 1.933765 1.129604 0.000000
vt 1.973463 1.256083 0.000000
vt 1.973463 2.347827 0.000000
vt 1.973463 3.439572 0.000000
vt 1.726780 4.708421 0.000000
vt 1.973463 5.077189 0.000000
vt 1.726780 5.211666 0.000000
vt 1.973463 5.623061 0.000000
vt 1.726780 5.714912 0.000000
vt 1.973463 6.168933 0.000000
vt 1.726780 6.398070 0.000000
vt 1.973463 6.714805 0.000000
vt 1.726780 6.811261 0.000000
vt 1.973463 6.987741 0.000000
vt 1.726780 7.224451 0.000000
vt 1.973463 7.260678 0.000000
vt 1.726780 7.637642 0.000000
vt 1.973463 7.806550 0.000000
vt 1.726780 8.050832 0.000000
vt 1.973463 8.352422 0.000000
vt 1.726780 8.535634 0.000000
vt 1.973463 8.898294 0.000000
vt 1.726780 9.020435 0.000000
vt 1.973463 9.990039 0.000000
vt 1.315642 9.990039 0.000000
vt 0.657821 9.990039 0.000000
vt 0.986732 9.787813 0.000000
vt 1.094199 9.727409 0.000000
vt 1.127666 9.630097 0.000000
vt 0.000000 9.990039 0.000000
vt 0.493366 9.632530 0.000000
vt 0.711544 9.775623 0.000000
vt 0.164455 5.714912 0.000000
vt 0.164455 6.398070 0.000000
vt 0.164455 6.811261 0.000000
vt 0.493366 6.398070 0.000000
vt 0.493366 6.811261 0.000000
vt 0.740049 6.398070 0.000000
vt 0.740049 6.811261 0.000000
vt 0.986731 6.398070 0.000000
vt 0.986731 6.811261 0.000000
vt 1.233414 6.398070 0.000000
vt 1.233414 6.811261 0.000000
vt 1.480097 6.398070 0.000000
vt 1.480097 6.811261 0.000000
vt -0.000000 1.237873 0.000000
vt 0.036627 1.117794 0.000000
vt 0.164455 1.688949 0.000000
vt 0.138985 1.015986 0.000000
vt 0.289990 0.947987 0.000000
vt 0.591097 9.298156 0.000000
vt 0.493366 9.199990 0.000000
vt 0.721533 9.283030 0.000000
vt 0.740049 9.020435 0.000000
vt 0.857309 9.320889 0.000000
vt 0.986731 9.020435 0.000000
vt 0.986731 9.402594 0.000000
vt 1.086524 9.514023 0.000000
vt 1.233414 9.020435 0.000000
vt 0.493366 9.367594 0.000000
vt 0.447452 9.493033 0.000000
vt 0.164455 9.080287 0.000000
vt 0.164455 4.708421 0.000000
vt 0.493366 4.708421 0.000000
vt 0.740049 4.708421 0.000000
vt 0.986731 4.708421 0.000000
vt 1.233414 4.708421 0.000000
vt 1.480097 4.708421 0.000000
vt 0.164455 7.224451 0.000000
vt 0.164455 7.637642 0.000000
vt 0.493366 7.224451 0.000000
vt 0.493366 7.637642 0.000000
vt 0.740049 7.224451 0.000000
vt 0.740049 7.637642 0.000000
vt 0.986731 7.224451 0.000000
vt 0.986731 7.637642 0.000000
vt 1.233414 7.224451 0.000000
vt 1.233414 7.637642 0.000000
vt 1.480097 7.224451 0.000000
vt 1.480097 7.637642 0.000000
vt 0.164455 8.050832 0.000000
vt 0.493366 8.050832 0.000000
vt 0.740049 8.050832 0.000000
vt 0.986731 8.050832 0.000000
vt 1.233414 8.050832 0.000000
vt 1.480097 8.050832 0.000000
vt 0.164455 9.020435 0.000000
vt 0.493366 9.020435 0.000000
vt 1.233414 2.695440 0.000000
vt 1.233414 3.198685 0.000000
vt 0.986731 3.198685 0.000000
vt 0.164455 5.211666 0.000000
vt 1.480097 5.211666 0.000000
vt 1.480097 5.714912 0.000000
vt 1.233414 5.211666 0.000000
vt 1.233414 5.714912 0.000000
vt 0.986731 5.211666 0.000000
vt 0.986731 5.714912 0.000000
vt 0.740049 5.211666 0.000000
vt 0.740049 5.714912 0.000000
vt 0.493366 5.211666 0.000000
vt 0.493366 5.714912 0.000000
vt 0.164455 8.535634 0.000000
vt 0.493366 8.535634 0.000000
vt 0.740049 8.535634 0.000000
vt 0.986731 8.535634 0.000000
vt 1.233414 8.535634 0.000000
vt 1.480097 8.535634 0.000000
vt 1.480097 9.020435 0.000000
vt 0.099839 9.614624 0.000000
vt 0.049920 5.500151 0.000000
vt 0.099839 1.191649 0.000000
vt 0.049920 1.808481 0.000000
vt 0.000000 1.189506 0.000000
vt 0.049920 7.748290 0.000000
vt 0.000000 9.614624 0.000000
vt 1.000000 -36.990664 0.000000
vt -1.000000 -36.990664 0.000000
vt 1.000000 -37.404467 0.000000
vt -1.000000 -37.404467 0.000000
vt 0.005095 -37.518664 0.000000
vt 0.005095 37.704073 0.000000
vt -1.000000 37.818270 0.000000
vt -0.067199 37.678961 0.000000
vt -0.100561 37.610084 0.000000
vt -1.000000 37.404467 0.000000
vt -0.075450 37.537790 0.000000
vt -0.006574 37.504419 0.000000
vt 1.000000 37.404467 0.000000
vt 0.065720 37.529539 0.000000
vt 0.099083 37.598415 0.000000
vt 1.000000 37.818270 0.000000
vt 0.073971 37.670710 0.000000
vt 0.073971 -37.552028 0.000000
vt -1.000000 36.990664 0.000000
vt 1.000000 36.990664 0.000000
vt 0.067927 1.386008 0.000000
vt 0.101887 1.384057 0.000000
vt 0.050943 2.091416 0.000000
vt 0.101887 2.592852 0.000000
vt 0.050943 3.338498 0.000000
vt 0.101887 3.801646 0.000000
vt 0.050943 3.962039 0.000000
vt 0.101887 4.406043 0.000000
vt 0.050943 4.585580 0.000000
vt 0.101887 5.010441 0.000000
vt 0.050943 5.209121 0.000000
vt 0.101887 5.614838 0.000000
vt 0.050943 5.832661 0.000000
vt 0.101887 6.219235 0.000000
vt 0.101887 6.823632 0.000000
vt 0.050943 7.079743 0.000000
vt 0.101887 7.428029 0.000000
vt 0.050943 7.536956 0.000000
vt 0.101887 7.730228 0.000000
vt 0.050943 7.994170 0.000000
vt 0.101887 8.032427 0.000000
vt 0.101887 8.334625 0.000000
vt 0.050943 8.451383 0.000000
vt 0.101887 8.636824 0.000000
vt 0.050943 8.908596 0.000000
vt 0.101887 9.241221 0.000000
vt 0.050943 9.445050 0.000000
vt 0.101887 9.845618 0.000000
vt 0.050943 9.981504 0.000000
vt 0.101887 11.054413 0.000000
vt 0.000000 11.054413 0.000000
vt 0.000000 9.846350 0.000000
vt 0.000000 9.242319 0.000000
vt 0.000000 8.638287 0.000000
vt 0.000000 8.034256 0.000000
vt 0.000000 7.732240 0.000000
vt 0.000000 7.430224 0.000000
vt 0.000000 6.826193 0.000000
vt 0.000000 6.222162 0.000000
vt 0.000000 5.618130 0.000000
vt 0.000000 5.014099 0.000000
vt 0.000000 4.410067 0.000000
vt 0.000000 3.806036 0.000000
vt 0.000000 2.597973 0.000000
vt 0.000000 1.389911 0.000000
vt 0.033964 1.387959 0.000000
vt 0.029920 0.471312 0.000000
vt -0.071723 0.471271 0.000000
vt 0.002619 0.350550 0.000000
vt -0.096913 0.352327 0.000000
vt -0.114142 0.232186 0.000000
vt -0.016445 0.228048 0.000000
vt -0.121875 0.111082 0.000000
vt -0.025360 0.104384 0.000000
vt -0.121635 -0.010397 0.000000
vt -0.025518 -0.019450 0.000000
vt -0.057520 -0.017756 0.000000
vt -0.089522 -0.016062 0.000000
vt -0.121525 -0.014370 0.000000
vt -5.598336 0.403913 0.000000
vt -5.602185 0.372617 0.000000
vt -5.499874 0.382198 0.000000
vt -5.623534 0.036807 0.000000
vt -5.510747 -0.282225 0.000000
vt -5.608190 -0.301113 0.000000
vt -5.606671 -0.315842 0.000000
vt 0.022435 0.471256 0.000000
vt 0.013308 0.589382 0.000000
vt -0.078394 0.471249 0.000000
vt -0.086977 0.588362 0.000000
vt -0.091086 0.705567 0.000000
vt 0.008793 0.707626 0.000000
vt -0.091595 0.822853 0.000000
vt 0.008047 0.825967 0.000000
vt -0.091110 0.940280 0.000000
vt 0.008438 0.944440 0.000000
vt -0.091110 0.942584 0.000000
vt -0.091110 -0.942414 0.000000
vt 0.008438 -0.940558 0.000000
vt 0.008438 -0.940263 0.000000
vt 0.504364 0.927367 0.000000
vt 0.527450 0.927367 0.000000
vt 0.317309 0.951621 0.000000
vt 0.527450 1.694852 0.000000
vt 0.175817 1.694852 0.000000
vt 0.175817 2.704861 0.000000
vt -0.000000 2.351389 0.000000
vt -0.000000 3.447613 0.000000
vt 0.175817 3.714870 0.000000
vt -0.000000 3.995725 0.000000
vt 0.175817 4.219874 0.000000
vt -0.000000 4.543837 0.000000
vt 0.175817 4.724878 0.000000
vt -0.000000 5.091949 0.000000
vt 0.175817 5.734887 0.000000
vt -0.000000 5.640061 0.000000
vt -0.000000 6.188173 0.000000
vt 0.175817 6.420433 0.000000
vt -0.000000 6.736285 0.000000
vt 0.175817 6.835068 0.000000
vt -0.000000 7.010341 0.000000
vt 0.175817 7.249702 0.000000
vt -0.000000 7.284397 0.000000
vt -0.000000 7.558453 0.000000
vt 0.175817 7.664337 0.000000
vt -0.000000 7.832509 0.000000
vt 0.175817 8.078972 0.000000
vt -0.000000 8.380621 0.000000
vt 0.175817 8.565468 0.000000
vt -0.000000 8.928733 0.000000
vt 0.175817 9.051964 0.000000
vt -0.000000 10.024957 0.000000
vt 0.527450 9.051964 0.000000
vt 0.703266 10.024957 0.000000
vt 0.791175 9.051964 0.000000
vt 1.054900 9.051964 0.000000
vt 1.054900 8.565468 0.000000
vt 1.318625 8.565468 0.000000
vt 1.318625 8.078972 0.000000
vt 1.582349 8.078972 0.000000
vt 1.582349 7.664337 0.000000
vt 1.933983 7.664337 0.000000
vt 1.933983 7.249702 0.000000
vt 2.109799 10.024957 0.000000
vt 1.933983 6.835068 0.000000
vt 1.933983 6.420433 0.000000
vt 1.582349 6.835068 0.000000
vt 1.582349 6.420433 0.000000
vt 1.318625 6.835068 0.000000
vt 1.318625 6.420433 0.000000
vt 1.054900 6.835068 0.000000
vt 1.054900 6.420433 0.000000
vt 0.791175 6.835068 0.000000
vt 0.791175 6.420433 0.000000
vt 0.527450 6.835068 0.000000
vt 0.527450 6.420433 0.000000
vt 0.791175 1.694852 0.000000
vt 1.054900 0.927367 0.000000
vt 1.054900 1.694852 0.000000
vt 1.318625 1.694852 0.000000
vt 1.054900 2.704861 0.000000
vt 1.318625 2.704861 0.000000
vt 1.054900 3.714870 0.000000
vt 1.318625 3.714870 0.000000
vt 1.054900 4.219874 0.000000
vt 1.318625 4.219874 0.000000
vt 1.054900 4.724878 0.000000
vt 1.318625 4.724878 0.000000
vt 1.054900 5.734887 0.000000
vt 1.318625 5.734887 0.000000
vt 1.582349 0.927367 0.000000
vt 1.582349 1.694852 0.000000
vt 1.582349 2.704861 0.000000
vt 1.582349 3.714870 0.000000
vt 1.582349 4.219874 0.000000
vt 1.582349 4.724878 0.000000
vt 1.582349 5.734887 0.000000
vt 1.632061 0.927369 0.000000
vt 1.812790 0.950902 0.000000
vt 1.966983 1.018029 0.000000
vt 1.933983 1.694852 0.000000
vt 2.071625 1.118711 0.000000
vt 2.109799 1.240272 0.000000
vt 2.109799 1.237870 0.000000
vt 1.933983 4.219874 0.000000
vt 1.933983 3.714870 0.000000
vt 1.933983 2.704861 0.000000
vt 1.406533 10.024957 0.000000
vt 1.933983 9.051964 0.000000
vt 1.933983 8.565468 0.000000
vt 1.933983 8.078972 0.000000
vt 1.582349 8.565468 0.000000
vt 1.318625 9.051964 0.000000
vt 1.582349 9.051964 0.000000
vt -0.000000 1.255165 0.000000
vt 0.041813 1.126993 0.000000
vt 0.154262 1.021542 0.000000
vt 0.000000 1.251028 0.000000
vt 1.933983 4.724878 0.000000
vt 1.933983 5.734887 0.000000
vt 0.791175 2.704861 0.000000
vt 0.791175 3.714870 0.000000
vt 0.791175 4.219874 0.000000
vt 0.791175 4.724878 0.000000
vt 0.791175 5.734887 0.000000
vt 0.527450 2.704861 0.000000
vt 0.527450 3.714870 0.000000
vt 0.527450 4.219874 0.000000
vt 0.527450 4.724878 0.000000
vt 0.527450 5.734887 0.000000
vt 0.527450 8.565468 0.000000
vt 0.527450 8.078972 0.000000
vt 0.527450 7.664337 0.000000
vt 0.527450 7.249702 0.000000
vt 0.791175 8.565468 0.000000
vt 0.791175 8.078972 0.000000
vt 0.791175 7.664337 0.000000
vt 0.791175 7.249702 0.000000
vt 1.054900 8.078972 0.000000
vt 1.318625 7.664337 0.000000
vt 1.582349 7.249702 0.000000
vt 1.054900 7.664337 0.000000
vt 1.054900 7.249702 0.000000
vt 1.318625 7.249702 0.000000
vn -0.000275 0.012235 -0.099248
vn 0.001242 0.009655 -0.099525
vn -0.000716 0.018129 -0.098340
vn 0.006317 0.023018 -0.097110
vn 0.002315 0.022031 -0.097516
vn 0.005194 0.011072 -0.099249
vn 0.002538 0.008537 -0.099603
vn 0.003731 0.009007 -0.099524
vn 0.008110 0.021306 -0.097367
vn 0.006842 0.014356 -0.098727
vn 0.008084 0.018087 -0.098018
vn -0.099486 -0.010128 -0.000000
vn -0.072185 -0.069205 -0.000000
vn -0.054110 -0.084096 -0.000000
vn -0.027526 -0.096137 -0.000000
vn 0.032012 -0.094738 0.000000
vn 0.024524 -0.096946 0.000000
vn 0.069876 -0.071535 0.000000
vn -0.069947 0.071466 -0.000000
vn -0.095962 0.028130 -0.000000
vn -0.097188 -0.023549 -0.000000
vn 0.012264 0.099245 0.000000
vn -0.024378 0.096983 -0.000000
vn -0.069334 0.072061 -0.000000
vn 0.027475 0.096152 0.000000
vn 0.085239 0.052290 0.000000
vn 0.079555 0.060589 0.000000
vn 0.099987 0.001597 0.000000
vn 0.094028 -0.034040 0.000000
vn 0.098797 0.015465 0.000000
vn 0.058925 0.080795 0.000000
vn 0.054110 0.084096 0.000000
vn -0.015465 0.098797 -0.000000
vn 0.054110 0.084096 0.000000
vn -0.045774 0.088909 -0.000000
vn -0.080795 0.058925 -0.000000
vn -0.099884 0.004813 -0.000000
vn -0.098797 -0.015465 -0.000000
vn -0.054110 -0.084096 -0.000000
vn -0.058925 -0.080795 -0.000000
vn -0.054110 -0.084096 -0.000000
vn 0.015465 -0.098797 0.000000
vn 0.045774 -0.088909 0.000000
vn 0.080795 -0.058925 0.000000
vn 0.099884 -0.004813 0.000000
vn 0.000000 -0.000000 -0.100000
vn 0.000000 -0.000000 -0.100000
vn 0.000000 -0.000000 -0.100000
vn 0.000000 -0.000000 -0.100000
vn 0.000000 -0.000000 -0.100000
vn 0.000000 -0.000000 -0.100000
vn 0.000000 -0.000000 -0.100000
vn 0.000000 -0.000000 -0.100000
vn 0.000000 -0.000000 -0.100000
vn 0.000000 -0.000000 -0.100000
vn 0.000000 -0.000000 -0.100000
vn 0.000000 -0.000000 -0.100000
vn 0.000000 -0.000000 -0.100000
vn 0.000000 -0.000000 -0.100000
vn 0.000000 -0.000000 -0.100000
vn -0.006730 -0.013958 -0.098792
vn -0.007952 -0.017613 -0.098115
vn -0.001422 -0.008946 -0.099589
vn -0.007872 -0.021087 -0.097434
vn 0.000030 -0.018614 -0.098252
vn -0.005529 -0.022479 -0.097284
vn -0.002475 -0.021413 -0.097649
vn 0.000840 -0.014802 -0.098895
vn -0.000049 -0.011309 -0.099358
vn -0.005107 -0.010694 -0.099295
vn -0.002559 -0.007995 -0.099647
vn -0.003675 -0.008579 -0.099564
vn 0.000000 -0.000000 -0.100000
vn 0.000000 -0.000000 -0.100000
vn 0.000000 -0.000000 -0.100000
vn 0.000000 -0.000000 -0.100000
vn 0.000000 -0.000000 -0.100000
vn 0.000000 -0.000000 -0.100000
vn 0.000000 -0.000000 -0.100000
vn 0.000000 -0.000000 -0.100000
vn 0.000000 -0.000000 -0.100000
vn -0.084096 0.054110 -0.000000
vn -0.084096 0.054110 -0.000000
vn -0.084096 0.054110 -0.000000
vn -0.084096 0.054110 -0.000000
vn 0.000000 -0.000000 -0.100000
vn 0.000000 -0.000000 -0.100000
vn 0.000000 -0.000000 -0.100000
vn 0.000000 -0.000000 -0.100000
vn 0.000000 -0.000000 -0.100000
vn 0.000000 -0.000000 -0.100000
vn 0.000000 -0.000000 -0.100000
vn 0.000000 -0.000000 -0.100000
vn 0.000000 -0.000000 -0.100000
vn -0.084096 0.054110 -0.000000
vn -0.084096 0.054110 -0.000000
vn -0.084096 0.054110 -0.000000
vn -0.084096 0.054110 -0.000000
vn 0.098952 -0.014439 0.000000
vn 0.078156 -0.062383 0.000000
vn 0.084096 -0.054110 0.000000
vn 0.046171 -0.088703 0.000000
vn 0.021203 -0.097726 0.000000
vn 0.006016 -0.099819 0.000000
vn -0.054110 -0.084096 -0.000000
vn -0.041934 -0.090783 -0.000000
vn -0.079661 -0.060449 -0.000000
vn -0.097726 -0.021203 -0.000000
vn -0.098638 -0.016450 -0.000000
vn -0.094871 0.031614 -0.000000
vn -0.084096 0.054110 -0.000000
vn -0.044255 0.089675 -0.000000
vn -0.021203 0.097726 -0.000000
vn 0.032803 0.094467 0.000000
vn 0.054110 0.084096 0.000000
vn 0.068745 0.072623 0.000000
vn 0.097726 0.021203 0.000000
vn 0.092522 0.037944 0.000000
vn -0.099486 -0.010128 -0.000000
vn -0.079492 -0.060672 -0.000000
vn -0.054110 -0.084096 -0.000000
vn -0.041512 -0.090976 -0.000000
vn 0.016270 -0.098668 0.000000
vn -0.069947 0.071466 -0.000000
vn -0.094044 0.033995 -0.000000
vn -0.098636 -0.016463 -0.000000
vn 0.012264 0.099245 0.000000
vn -0.018893 0.098199 -0.000000
vn -0.065032 0.075966 -0.000000
vn 0.032243 0.094659 0.000000
vn 0.085239 0.052290 0.000000
vn 0.074985 0.066161 0.000000
vn 0.097913 0.020324 0.000000
vn 0.094028 -0.034040 0.000000
vn 0.095226 -0.030529 0.000000
vn 0.068097 -0.073231 0.000000
vn 0.032012 -0.094738 0.000000
vn -0.015179 0.098841 -0.000000
vn -0.021203 0.097726 -0.000000
vn -0.080624 0.059158 -0.000000
vn -0.084096 0.054110 -0.000000
vn -0.098841 -0.015179 -0.000000
vn -0.097726 -0.021203 -0.000000
vn -0.059159 -0.080624 -0.000000
vn -0.054110 -0.084096 -0.000000
vn 0.015178 -0.098841 0.000000
vn -0.054110 -0.084096 -0.000000
vn 0.021203 -0.097726 0.000000
vn 0.054110 0.084096 0.000000
vn 0.059159 0.080624 0.000000
vn 0.054110 0.084096 0.000000
vn 0.097726 0.021203 0.000000
vn 0.098841 0.015178 0.000000
vn 0.084096 -0.054110 0.000000
vn 0.080624 -0.059159 0.000000
vn 0.002961 0.008951 -0.099555
vn -0.002388 0.000301 -0.099971
vn -0.008796 -0.008952 -0.099209
vn -0.006483 -0.005688 -0.099627
vn -0.010090 -0.011859 -0.098780
vn -0.009540 -0.013665 -0.098601
vn -0.014833 -0.022121 -0.096388
vn -0.014348 -0.022294 -0.096421
vn -0.013443 -0.020924 -0.096858
vn -0.012915 -0.021065 -0.096899
vn -0.010642 -0.018525 -0.097691
vn -0.005252 -0.010430 -0.099316
vn -0.001946 -0.006869 -0.099745
vn 0.002671 0.000282 -0.099964
vn 0.006760 0.004951 -0.099648
vn 0.010721 0.010893 -0.098825
vn 0.015292 0.016696 -0.097403
vn 0.018763 0.021230 -0.095902
vn 0.023468 0.028128 -0.093049
vn 0.026641 0.031125 -0.091222
vn 0.031095 0.039026 -0.086661
vn 0.034196 0.040413 -0.084838
vn 0.037983 0.049175 -0.078352
vn 0.043083 0.054226 -0.072134
vn 0.044224 0.064510 -0.062311
vn 0.006016 0.011898 -0.099107
vn 0.007172 0.011569 -0.099069
vn 0.002173 0.006066 -0.099792
vn 0.002469 0.002927 -0.099927
vn -0.003755 -0.005290 -0.099789
vn -0.000945 -0.003196 -0.099944
vn -0.007854 -0.012740 -0.098874
vn 0.009270 0.014652 -0.098486
vn 0.012577 0.016765 -0.097779
vn 0.015986 0.018557 -0.096954
vn 0.023122 0.025802 -0.093806
vn 0.021358 0.024166 -0.094656
vn 0.028956 0.032462 -0.090043
vn 0.012192 0.016932 -0.097799
vn 0.014082 0.018363 -0.097286
vn 0.026026 0.028148 -0.092360
vn 0.038947 0.044238 -0.080784
vn 0.039676 0.058109 -0.071057
vn 0.041989 0.074192 -0.052273
vn 0.039083 0.066567 -0.063571
vn 0.038428 0.081505 -0.043363
vn 0.037749 0.073008 -0.056964
vn 0.037790 0.084722 -0.037338
vn 0.038805 0.076553 -0.051321
vn 0.041866 0.083965 -0.034600
vn 0.041821 0.075823 -0.050019
vn 0.045530 0.082106 -0.034432
vn 0.046017 0.073134 -0.050338
vn 0.049583 0.079435 -0.035094
vn 0.048871 0.069796 -0.052346
vn 0.054486 0.074203 -0.039054
vn 0.048975 0.066617 -0.056245
vn 0.052572 0.070543 -0.047538
vn 0.043881 0.063195 -0.063882
vn 0.038523 0.067893 -0.062502
vn 0.029615 0.058747 -0.075311
vn -0.044125 0.033528 -0.083240
vn -0.023195 0.016894 -0.095794
vn -0.006430 0.002087 -0.099771
vn -0.004708 0.015268 -0.098715
vn -0.003865 0.020704 -0.097757
vn 0.000406 0.024973 -0.096831
vn -0.003027 -0.004215 -0.099865
vn 0.001828 0.005747 -0.099818
vn -0.000891 0.008332 -0.099648
vn -0.001829 -0.006518 -0.099771
vn 0.000792 -0.001874 -0.099979
vn 0.001754 0.000127 -0.099985
vn 0.010724 0.012365 -0.098651
vn 0.011565 0.014257 -0.098300
vn 0.019526 0.026735 -0.094361
vn 0.020406 0.028356 -0.093699
vn 0.026934 0.040794 -0.087238
vn 0.028029 0.041993 -0.086319
vn 0.032729 0.054086 -0.077482
vn 0.034236 0.054731 -0.076370
vn 0.036726 0.066156 -0.065380
vn 0.038867 0.066143 -0.064145
vn -0.013190 -0.018175 -0.097446
vn -0.012583 -0.019106 -0.097348
vn -0.011463 -0.016123 -0.098024
vn -0.010193 -0.012571 -0.098682
vn 0.006603 0.012361 -0.099013
vn 0.005964 0.009872 -0.099333
vn 0.008992 0.017711 -0.098007
vn 0.012800 0.020953 -0.096939
vn 0.009965 0.021828 -0.097078
vn 0.017785 0.030768 -0.093472
vn 0.009295 0.025042 -0.096366
vn 0.022225 0.040465 -0.088705
vn 0.005784 0.026574 -0.096231
vn 0.026155 0.049857 -0.082645
vn 0.004182 0.008106 -0.099583
vn 0.001048 0.001341 -0.099986
vn 0.007284 0.011172 -0.099107
vn 0.001250 0.001568 -0.099980
vn 0.009847 0.013683 -0.098569
vn 0.002050 0.002379 -0.099951
vn 0.011276 0.015062 -0.098214
vn 0.002430 0.002574 -0.099937
vn 0.011842 0.015519 -0.098076
vn 0.002477 0.002283 -0.099943
vn 0.011927 0.015298 -0.098101
vn 0.002274 0.001510 -0.099963
vn 0.002803 0.006205 -0.099768
vn -0.007763 -0.014959 -0.098570
vn 0.001734 -0.002396 -0.099956
vn 0.010893 0.010411 -0.098858
vn 0.019481 0.023157 -0.095311
vn 0.027285 0.035543 -0.089399
vn 0.034083 0.047285 -0.081255
vn 0.009073 0.010903 -0.098989
vn 0.013763 0.015377 -0.097848
vn 0.006291 0.006217 -0.099608
vn -0.004601 -0.010763 -0.099313
vn 0.035275 0.055314 -0.075472
vn 0.035389 0.061841 -0.070167
vn 0.029793 0.042924 -0.085264
vn 0.031069 0.049256 -0.081293
vn 0.022830 0.029762 -0.092698
vn 0.024957 0.035701 -0.090015
vn 0.014617 0.016185 -0.097593
vn 0.017273 0.021606 -0.096098
vn 0.005386 0.002556 -0.099822
vn 0.008252 0.007396 -0.099384
vn 0.041602 0.064362 -0.064240
vn 0.043197 0.061760 -0.065725
vn 0.042601 0.058886 -0.068684
vn 0.037813 0.055123 -0.074375
vn 0.035876 0.053813 -0.076270
vn 0.036563 0.051948 -0.077230
vn 0.035581 0.049512 -0.079263
vn 0.031376 0.045840 -0.083152
vn 0.028925 0.041856 -0.086090
vn 0.029048 0.040722 -0.086591
vn 0.027969 0.038853 -0.087796
vn 0.024561 0.035653 -0.090142
vn 0.020883 0.028883 -0.093433
vn 0.020758 0.028455 -0.093592
vn 0.019831 0.027261 -0.094147
vn 0.017370 0.024852 -0.095293
vn 0.000000 -0.000000 -0.100000
vn 0.000000 -0.000000 -0.100000
vn 0.000000 -0.000000 -0.100000
vn 0.000000 -0.000000 -0.100000
vn 0.000000 -0.000000 -0.100000
vn 0.000000 -0.000000 -0.100000
vn 0.000000 -0.000000 -0.100000
vn 0.000000 -0.000000 -0.100000
vn 0.000000 -0.000000 -0.100000
vn 0.000000 -0.000000 -0.100000
vn 0.000000 -0.000000 -0.100000
vn 0.000000 -0.000000 -0.100000
vn 0.000000 -0.000000 -0.100000
vn 0.000000 -0.000000 -0.100000
vn 0.000000 -0.000000 -0.100000
vn 0.053665 0.084221 -0.005182
vn 0.052740 0.081128 -0.025236
vn 0.052211 0.082523 -0.021541
vn 0.052038 0.081481 -0.025552
vn 0.052815 0.082141 -0.021527
vn 0.053641 0.083804 -0.009977
vn 0.053509 0.084320 -0.005182
vn -0.055510 -0.076368 -0.032963
vn -0.055054 -0.076706 -0.032944
vn -0.049658 -0.075198 -0.043351
vn -0.042982 -0.074917 -0.050399
vn -0.032473 -0.073147 -0.059959
vn -0.023372 -0.072388 -0.064913
vn -0.021066 -0.071577 -0.066581
vn -0.011373 -0.070369 -0.070135
vn -0.008394 -0.069354 -0.071551
vn 0.001297 -0.067647 -0.073635
vn 0.004780 -0.066360 -0.074656
vn 0.013856 -0.064199 -0.075409
vn 0.016730 -0.062351 -0.076370
vn 0.020531 -0.058839 -0.078208
vn 0.017859 -0.051423 -0.083885
vn 0.013281 -0.047457 -0.087014
vn 0.004022 -0.041435 -0.090923
vn 0.000050 -0.039237 -0.091981
vn -0.008283 -0.034937 -0.093331
vn -0.021148 -0.028904 -0.093366
vn -0.023527 -0.027758 -0.093145
vn -0.038072 -0.022068 -0.089797
vn -0.042529 -0.021020 -0.088031
vn -0.051067 -0.018403 -0.083985
vn -0.060380 -0.017805 -0.077700
vn -0.071651 -0.017331 -0.067570
vn -0.076183 -0.019834 -0.061666
vn -0.084888 -0.023412 -0.047391
vn -0.086164 -0.026894 -0.043040
vn -0.088631 -0.046090 -0.004500
vn -0.087024 -0.049049 -0.004584
vn -0.083507 -0.026084 -0.048437
vn -0.070042 -0.019456 -0.068670
vn -0.049461 -0.019863 -0.084611
vn -0.022638 -0.028371 -0.093180
vn -0.007996 -0.035114 -0.093290
vn 0.003798 -0.041314 -0.090987
vn 0.017030 -0.051050 -0.084284
vn 0.019418 -0.058421 -0.078803
vn 0.012596 -0.063756 -0.076004
vn -0.000066 -0.067127 -0.074121
vn -0.012808 -0.069751 -0.070503
vn -0.024839 -0.071665 -0.065170
vn -0.044416 -0.074006 -0.050501
vn -0.056416 -0.075686 -0.032999
vn -0.055964 -0.076028 -0.032982
vn 0.084094 -0.054113 -0.000021
vn 0.062117 -0.077579 -0.011090
vn 0.084101 -0.054102 -0.000017
vn 0.057376 -0.080871 -0.012956
vn 0.021639 -0.094689 -0.023787
vn 0.020925 -0.094806 -0.023956
vn -0.018180 -0.093344 -0.030925
vn -0.019341 -0.093065 -0.031063
vn -0.055499 -0.076366 -0.032987
vn -0.055957 -0.076036 -0.032977
vn -0.055040 -0.076693 -0.032997
vn -0.056413 -0.075703 -0.032965
vn 0.084096 -0.054110 0.000000
vn 0.084096 -0.054110 0.000000
vn 0.084096 -0.054110 0.000000
vn 0.084096 -0.054110 0.000000
vn 0.084096 -0.054110 0.000000
vn 0.084097 -0.054109 0.000008
vn 0.084098 -0.054107 0.000007
vn 0.097900 -0.018655 -0.008218
vn 0.097938 -0.018435 -0.008263
vn 0.096761 0.020100 -0.015274
vn 0.096841 0.019755 -0.015219
vn 0.080708 0.055575 -0.019942
vn 0.077642 0.059652 -0.020332
vn 0.052211 0.082522 -0.021542
vn 0.052816 0.082136 -0.021543
vn 0.000935 0.001453 -0.099985
vn 0.002804 0.004358 -0.099866
vn 0.001170 0.001818 -0.099977
vn 0.002804 0.004358 -0.099866
vn 0.000935 0.001453 -0.099985
vn -0.000935 -0.001453 -0.099985
vn -0.000037 -0.000058 -0.100000
vn 0.000787 0.001223 -0.099989
vn -0.002804 -0.004358 -0.099866
vn -0.001105 -0.001717 -0.099979
vn -0.000821 -0.001276 -0.099988
vn -0.002804 -0.004358 -0.099866
vn -0.000935 -0.001453 -0.099985
vn -0.000722 -0.001123 -0.099991
vn 0.000102 0.000159 -0.100000
vn 0.000886 0.001377 -0.099987
vn -0.097792 0.020897 -0.000000
vn -0.077501 0.063195 -0.000000
vn -0.084096 0.054110 -0.000000
vn -0.042627 0.090460 -0.000000
vn -0.021203 0.097726 -0.000000
vn 0.000911 0.099996 -0.000000
vn 0.054110 0.084096 0.000000
vn 0.045029 0.089288 0.000000
vn 0.079633 0.060486 0.000000
vn 0.097726 0.021203 0.000000
vn 0.098015 0.019824 0.000000
vn 0.096824 -0.025002 0.000000
vn 0.084096 -0.054110 0.000000
vn 0.052614 -0.085040 0.000000
vn 0.021203 -0.097726 0.000000
vn -0.021071 -0.097755 -0.000000
vn -0.054110 -0.084096 -0.000000
vn -0.068753 -0.072616 -0.000000
vn -0.097726 -0.021203 -0.000000
vn -0.096448 -0.026415 -0.000000
vn 0.003405 -0.001072 0.099936
vn -0.002836 -0.006909 0.099721
vn -0.003963 -0.009934 0.099426
vn -0.008041 -0.012592 0.098878
vn -0.006597 -0.012395 0.099009
vn -0.013653 -0.017946 0.097425
vn -0.010346 -0.015513 0.098246
vn -0.013284 -0.017806 0.097501
vn -0.015194 -0.019306 0.096935
vn -0.027181 -0.029707 0.091535
vn -0.026016 -0.029346 0.091989
vn -0.039386 -0.045499 0.079866
vn -0.032290 -0.037566 0.086869
vn -0.043124 -0.055055 0.071479
vn -0.037123 -0.047072 0.080038
vn -0.044027 -0.064906 0.062039
vn -0.039465 -0.057098 0.071988
vn -0.041729 -0.074290 0.052341
vn -0.038859 -0.066754 0.063513
vn -0.038221 -0.081474 0.043603
vn -0.037483 -0.073791 0.056124
vn -0.037767 -0.084625 0.037579
vn -0.038871 -0.076407 0.051487
vn -0.042219 -0.083733 0.034733
vn -0.042155 -0.075581 0.050105
vn -0.046150 -0.081740 0.034478
vn -0.046708 -0.072724 0.050295
vn -0.050503 -0.078884 0.035025
vn -0.053896 -0.075963 0.036399
vn -0.049904 -0.069224 0.052130
vn -0.055930 -0.073316 0.038687
vn -0.050302 -0.065972 0.055834
vn -0.054451 -0.069584 0.046831
vn -0.045479 -0.062679 0.063269
vn -0.040654 -0.067459 0.061616
vn -0.031223 -0.058728 0.074674
vn 0.045634 -0.034426 0.082051
vn 0.024240 -0.017558 0.095416
vn -0.027385 -0.049969 0.082177
vn -0.023134 -0.040659 0.088383
vn -0.032284 -0.045776 0.082839
vn -0.025187 -0.035710 0.089946
vn -0.028469 -0.038809 0.087655
vn -0.020131 -0.027303 0.094071
vn -0.020954 -0.028456 0.093548
vn -0.011924 -0.015564 0.098059
vn -0.011941 -0.015314 0.098096
vn -0.002251 -0.001541 0.099963
vn -0.001702 -0.000130 0.099985
vn 0.003006 0.004228 0.099865
vn -0.000729 0.001909 0.099979
vn 0.001426 0.005857 0.099818
vn -0.010653 -0.012308 0.098666
vn -0.008629 -0.008113 0.099296
vn -0.019459 -0.026653 0.094398
vn -0.017587 -0.022373 0.095865
vn -0.026882 -0.040688 0.087303
vn -0.025173 -0.036508 0.089630
vn -0.032705 -0.053960 0.077580
vn -0.031152 -0.050086 0.080752
vn -0.036741 -0.066016 0.065514
vn -0.035309 -0.062666 0.069471
vn 0.009005 0.009309 0.099158
vn 0.006215 0.005257 0.099668
vn 0.001927 -0.000946 0.099977
vn -0.011323 -0.013321 0.098460
vn -0.018606 -0.021559 0.095859
vn -0.024667 -0.028610 0.092590
vn 0.010006 0.011657 0.098813
vn 0.010393 0.012910 0.098617
vn 0.013277 0.018213 0.097427
vn 0.011666 0.016453 0.097945
vn 0.013664 0.021227 0.096761
vn 0.012941 0.019765 0.097169
vn 0.011294 0.019308 0.097466
vn 0.013572 0.021618 0.096687
vn 0.014673 0.022141 0.096408
vn 0.006340 0.011351 0.099151
vn 0.008799 0.013098 0.098747
vn -0.001217 0.001040 0.099987
vn 0.002462 0.004107 0.099885
vn -0.008988 -0.009159 0.099173
vn -0.004270 -0.004733 0.099797
vn -0.016851 -0.019092 0.096703
vn 0.006688 -0.002253 0.099751
vn -0.001354 -0.001666 0.099977
vn -0.002134 -0.002466 0.099947
vn -0.002480 -0.002643 0.099934
vn -0.010058 -0.013808 0.098530
vn -0.011424 -0.015140 0.098185
vn -0.017762 -0.024970 0.095189
vn -0.018423 -0.030998 0.093272
vn -0.013215 -0.021177 0.096834
vn -0.007521 -0.011351 0.099069
vn 0.008126 0.015507 0.098456
vn 0.004521 0.010740 0.099319
vn -0.002491 -0.002335 0.099942
vn -0.039047 -0.054872 0.073922
vn -0.043624 -0.058503 0.068369
vn -0.043974 -0.061392 0.065554
vn -0.042100 -0.064075 0.064203
vn -0.039084 -0.065950 0.064211
vn -0.036324 -0.049328 0.079040
vn -0.029402 -0.040640 0.086510
vn -0.020969 -0.028858 0.093421
vn -0.011522 -0.014240 0.098308
vn -0.037112 -0.051743 0.077106
vn -0.036206 -0.053635 0.076239
vn -0.034356 -0.054591 0.076417
vn -0.029118 -0.041765 0.086069
vn -0.020395 -0.028308 0.093716
vn -0.028073 -0.041903 0.086349
vn -0.001295 0.003045 0.099945
vn 0.002833 0.007881 0.099649
vn -0.010412 -0.009660 0.098986
vn -0.005704 -0.003695 0.099769
vn -0.019001 -0.022313 0.095609
vn -0.014145 -0.015194 0.097822
vn -0.026847 -0.034619 0.089893
vn -0.022319 -0.026394 0.093836
vn -0.033735 -0.046304 0.081963
vn -0.030039 -0.037087 0.087876
vn -0.035152 -0.055452 0.075428
vn -0.029751 -0.043018 0.085231
vn -0.022850 -0.029821 0.092674
vn -0.014678 -0.016220 0.097578
vn -0.005467 -0.002579 0.099817
vn 0.054037 0.083983 -0.005182
vn 0.054037 0.083983 -0.005182
vn 0.054037 0.083983 -0.005182
vn 0.054037 0.083983 -0.005182
vn -0.054037 -0.083983 -0.005182
vn -0.054037 -0.083983 -0.005182
vn -0.054037 -0.083983 -0.005182
vn -0.054037 -0.083983 -0.005182
vn -0.002961 -0.008951 -0.099555
vn 0.002388 -0.000301 -0.099971
vn 0.008796 0.008952 -0.099209
vn 0.006483 0.005688 -0.099627
vn 0.010090 0.011859 -0.098780
vn 0.009540 0.013665 -0.098601
vn 0.016476 0.024935 -0.095429
vn 0.016403 0.025450 -0.095306
vn 0.013443 0.020924 -0.096858
vn 0.015384 0.024549 -0.095711
vn 0.013501 0.022316 -0.096539
vn 0.005252 0.010430 -0.099316
vn 0.001946 0.006869 -0.099745
vn -0.002671 -0.000282 -0.099964
vn -0.006760 -0.004951 -0.099648
vn -0.010721 -0.010893 -0.098825
vn -0.015292 -0.016696 -0.097403
vn -0.018763 -0.021230 -0.095902
vn -0.023468 -0.028128 -0.093049
vn -0.026641 -0.031125 -0.091222
vn -0.031095 -0.039026 -0.086661
vn -0.034196 -0.040413 -0.084838
vn -0.037983 -0.049175 -0.078352
vn -0.043083 -0.054226 -0.072134
vn -0.044224 -0.064510 -0.062311
vn -0.006016 -0.011898 -0.099107
vn -0.007172 -0.011569 -0.099069
vn -0.002173 -0.006066 -0.099792
vn -0.002469 -0.002927 -0.099927
vn 0.003755 0.005290 -0.099789
vn 0.000945 0.003196 -0.099944
vn 0.007854 0.012740 -0.098874
vn -0.009270 -0.014652 -0.098486
vn -0.012577 -0.016765 -0.097779
vn -0.015986 -0.018557 -0.096954
vn -0.023122 -0.025802 -0.093806
vn -0.021358 -0.024166 -0.094656
vn -0.028956 -0.032462 -0.090043
vn -0.012192 -0.016932 -0.097799
vn -0.014082 -0.018363 -0.097286
vn -0.026026 -0.028148 -0.092360
vn -0.038947 -0.044238 -0.080784
vn -0.039676 -0.058109 -0.071057
vn -0.041989 -0.074192 -0.052273
vn -0.039083 -0.066567 -0.063571
vn -0.038428 -0.081505 -0.043363
vn -0.037749 -0.073008 -0.056964
vn -0.037790 -0.084722 -0.037338
vn -0.038805 -0.076553 -0.051321
vn -0.041866 -0.083965 -0.034600
vn -0.041821 -0.075823 -0.050019
vn -0.045530 -0.082106 -0.034432
vn -0.046017 -0.073134 -0.050338
vn -0.049583 -0.079435 -0.035094
vn -0.048871 -0.069796 -0.052346
vn -0.054486 -0.074203 -0.039054
vn -0.048975 -0.066617 -0.056245
vn -0.052572 -0.070543 -0.047538
vn -0.043881 -0.063195 -0.063882
vn -0.038523 -0.067893 -0.062502
vn -0.029615 -0.058747 -0.075311
vn 0.044125 -0.033528 -0.083240
vn 0.023195 -0.016894 -0.095794
vn 0.006430 -0.002087 -0.099771
vn 0.004436 -0.015465 -0.098697
vn 0.003295 -0.020454 -0.097830
vn -0.000665 -0.024336 -0.096991
vn 0.003027 0.004215 -0.099865
vn -0.001464 -0.005379 -0.099845
vn 0.001226 -0.008447 -0.099635
vn 0.005364 0.010998 -0.099249
vn 0.002708 0.006495 -0.099752
vn 0.001672 0.004494 -0.099885
vn -0.010724 -0.012365 -0.098651
vn -0.011565 -0.014257 -0.098300
vn -0.019526 -0.026735 -0.094361
vn -0.020406 -0.028356 -0.093699
vn -0.026934 -0.040794 -0.087238
vn -0.028029 -0.041993 -0.086319
vn -0.032729 -0.054086 -0.077482
vn -0.034236 -0.054731 -0.076370
vn -0.036726 -0.066156 -0.065380
vn -0.038867 -0.066143 -0.064145
vn 0.013441 0.020921 -0.096859
vn 0.012581 0.019101 -0.097349
vn 0.014105 0.020301 -0.096896
vn 0.011461 0.016119 -0.098025
vn 0.010192 0.012568 -0.098682
vn -0.006685 -0.012418 -0.099001
vn -0.005943 -0.009851 -0.099336
vn -0.008818 -0.017228 -0.098109
vn -0.012800 -0.020953 -0.096939
vn -0.009825 -0.021567 -0.097151
vn -0.017785 -0.030768 -0.093472
vn -0.008919 -0.024788 -0.096468
vn -0.005531 -0.025917 -0.096425
vn -0.022225 -0.040465 -0.088705
vn -0.004442 -0.008365 -0.099550
vn -0.002610 -0.005689 -0.099804
vn 0.000910 0.001617 -0.099983
vn 0.010956 0.019021 -0.097561
vn -0.001734 0.002396 -0.099956
vn -0.010893 -0.010411 -0.098858
vn -0.019481 -0.023157 -0.095311
vn -0.027285 -0.035543 -0.089399
vn -0.034083 -0.047285 -0.081255
vn 0.001042 0.003042 -0.099948
vn 0.000694 0.002115 -0.099975
vn -0.011927 -0.015298 -0.098101
vn -0.011842 -0.015519 -0.098076
vn -0.020883 -0.028883 -0.093433
vn -0.020758 -0.028455 -0.093592
vn -0.028925 -0.041856 -0.086090
vn -0.029048 -0.040722 -0.086591
vn -0.035876 -0.053813 -0.076270
vn -0.036563 -0.051948 -0.077230
vn -0.041602 -0.064362 -0.064240
vn -0.043197 -0.061760 -0.065725
vn 0.000542 0.001585 -0.099986
vn -0.011276 -0.015062 -0.098214
vn -0.019831 -0.027261 -0.094147
vn -0.027969 -0.038853 -0.087796
vn -0.035581 -0.049512 -0.079263
vn -0.042601 -0.058886 -0.068684
vn 0.000857 0.001563 -0.099984
vn -0.007284 -0.011172 -0.099107
vn -0.009073 -0.010903 -0.098989
vn -0.013763 -0.015377 -0.097848
vn -0.006291 -0.006217 -0.099608
vn 0.008041 0.015051 -0.098533
vn -0.035275 -0.055314 -0.075472
vn -0.035389 -0.061841 -0.070167
vn -0.029793 -0.042924 -0.085264
vn -0.031069 -0.049256 -0.081293
vn -0.022830 -0.029762 -0.092698
vn -0.024957 -0.035701 -0.090015
vn -0.014617 -0.016185 -0.097593
vn -0.017273 -0.021606 -0.096098
vn -0.005386 -0.002556 -0.099822
vn -0.008252 -0.007396 -0.099384
vn 0.000580 0.001369 -0.099989
vn -0.009847 -0.013683 -0.098569
vn -0.017370 -0.024852 -0.095293
vn -0.024561 -0.035653 -0.090142
vn -0.031376 -0.045840 -0.083152
vn -0.037813 -0.055123 -0.074375
vn -0.026155 -0.049857 -0.082645
vn -0.053665 -0.084221 -0.005182
vn -0.052740 -0.081128 -0.025236
vn -0.052211 -0.082523 -0.021541
vn -0.052038 -0.081481 -0.025552
vn -0.052815 -0.082141 -0.021527
vn -0.053641 -0.083804 -0.009977
vn -0.053509 -0.084320 -0.005182
vn 0.002804 0.004358 0.099866
vn 0.002804 0.004358 0.099866
vn 0.000935 0.001453 0.099985
vn 0.000935 0.001453 0.099985
vn 0.000419 0.000651 0.099997
vn 0.000305 0.000475 0.099998
vn -0.000006 -0.000009 0.100000
vn -0.000935 -0.001453 0.099985
vn -0.000333 -0.000517 0.099998
vn -0.000483 -0.000751 0.099996
vn -0.000935 -0.001453 0.099985
vn -0.000370 -0.000575 0.099998
vn -0.000059 -0.000091 0.100000
vn 0.000268 0.000417 0.099999
vn -0.002804 -0.004358 0.099866
vn -0.002804 -0.004358 0.099866
vn 0.055510 0.076368 -0.032963
vn 0.055054 0.076706 -0.032944
vn 0.049658 0.075198 -0.043351
vn 0.042982 0.074917 -0.050399
vn 0.032473 0.073147 -0.059959
vn 0.023372 0.072388 -0.064913
vn 0.021066 0.071577 -0.066581
vn 0.011373 0.070369 -0.070135
vn 0.008394 0.069354 -0.071551
vn -0.001297 0.067647 -0.073635
vn -0.004780 0.066360 -0.074656
vn -0.013856 0.064199 -0.075409
vn -0.016730 0.062351 -0.076370
vn -0.020531 0.058839 -0.078208
vn -0.017859 0.051423 -0.083885
vn -0.013281 0.047457 -0.087014
vn -0.004022 0.041435 -0.090923
vn -0.000050 0.039237 -0.091981
vn 0.008283 0.034937 -0.093331
vn 0.021148 0.028904 -0.093366
vn 0.023527 0.027758 -0.093145
vn 0.038072 0.022068 -0.089797
vn 0.042529 0.021020 -0.088031
vn 0.051067 0.018403 -0.083985
vn 0.060380 0.017805 -0.077700
vn 0.071651 0.017331 -0.067570
vn 0.076183 0.019834 -0.061666
vn 0.084888 0.023412 -0.047391
vn 0.086164 0.026894 -0.043040
vn 0.088631 0.046090 -0.004500
vn 0.087024 0.049049 -0.004584
vn 0.083507 0.026084 -0.048437
vn 0.070042 0.019456 -0.068670
vn 0.049461 0.019863 -0.084611
vn 0.022638 0.028371 -0.093180
vn 0.007996 0.035114 -0.093290
vn -0.003798 0.041314 -0.090987
vn -0.017030 0.051050 -0.084284
vn -0.019418 0.058421 -0.078803
vn -0.012596 0.063756 -0.076004
vn 0.000066 0.067127 -0.074121
vn 0.012808 0.069751 -0.070503
vn 0.024839 0.071665 -0.065170
vn 0.044416 0.074006 -0.050501
vn 0.056416 0.075686 -0.032999
vn 0.055964 0.076028 -0.032982
vn -0.084101 0.054102 -0.000017
vn -0.084094 0.054113 -0.000021
vn -0.057376 0.080871 -0.012956
vn -0.057849 0.080563 -0.012776
vn -0.022249 0.094584 -0.023640
vn -0.020925 0.094806 -0.023956
vn 0.017183 0.093573 -0.030804
vn 0.019341 0.093065 -0.031063
vn 0.053955 0.077452 -0.033015
vn 0.056413 0.075703 -0.032965
vn 0.055957 0.076036 -0.032977
vn 0.055499 0.076366 -0.032987
vn 0.055040 0.076693 -0.032997
vn -0.084096 0.054110 -0.000000
vn -0.084096 0.054110 -0.000000
vn -0.084096 0.054110 -0.000000
vn -0.084096 0.054110 -0.000000
vn -0.084096 0.054110 -0.000000
vn -0.084096 0.054110 -0.000000
vn -0.084096 0.054110 -0.000000
vn -0.084098 0.054107 0.000007
vn -0.097934 0.018460 -0.008258
vn -0.084097 0.054109 0.000008
vn -0.097877 0.018789 -0.008190
vn -0.096924 -0.019388 -0.015161
vn -0.096773 -0.020049 -0.015266
vn -0.081350 -0.054665 -0.019849
vn -0.080754 -0.055511 -0.019935
vn -0.053460 -0.081719 -0.021542
vn -0.052294 -0.082470 -0.021543
vn -0.052816 -0.082136 -0.021543
vn -0.052211 -0.082522 -0.021542
vn 0.003963 0.009934 0.099426
vn 0.003614 0.009585 0.099474
vn 0.007040 0.012782 0.098930
vn 0.008041 0.012592 0.098878
vn 0.015601 0.019645 0.096802
vn 0.026533 0.029630 0.091750
vn 0.027181 0.029707 0.091535
vn 0.039386 0.045499 0.079866
vn 0.036946 0.044397 0.081633
vn 0.043124 0.055055 0.071479
vn 0.040103 0.053005 0.074714
vn 0.044027 0.064906 0.062039
vn 0.041075 0.061753 0.067078
vn 0.041729 0.074290 0.052341
vn 0.037907 0.076278 0.052391
vn 0.038221 0.081474 0.043603
vn 0.037767 0.084625 0.037579
vn 0.039147 0.079418 0.046479
vn 0.042219 0.083733 0.034733
vn 0.042800 0.078333 0.045079
vn 0.046150 0.081740 0.034478
vn 0.047944 0.075143 0.045332
vn 0.050503 0.078884 0.035025
vn 0.053896 0.075963 0.036399
vn 0.051655 0.071365 0.047316
vn 0.055930 0.073316 0.038687
vn 0.052371 0.068011 0.051301
vn 0.054451 0.069584 0.046831
vn 0.047540 0.064928 0.059366
vn 0.040654 0.067459 0.061616
vn 0.032412 0.061481 0.071900
vn -0.045634 0.034426 0.082051
vn 0.027385 0.049969 0.082177
vn -0.024240 0.017558 0.095416
vn 0.023134 0.040659 0.088383
vn 0.018423 0.030998 0.093272
vn 0.025187 0.035710 0.089946
vn 0.017762 0.024970 0.095189
vn 0.020131 0.027303 0.094071
vn 0.011424 0.015140 0.098185
vn 0.011924 0.015564 0.098059
vn -0.000692 -0.002068 0.099976
vn -0.001068 -0.003011 0.099949
vn -0.003006 -0.004228 0.099865
vn -0.001722 -0.004488 0.099884
vn -0.002766 -0.006523 0.099749
vn 0.011522 0.014240 0.098308
vn 0.010653 0.012308 0.098666
vn 0.020395 0.028308 0.093716
vn 0.019459 0.026653 0.094398
vn 0.028073 0.041903 0.086349
vn 0.026882 0.040688 0.087303
vn 0.034356 0.054591 0.076417
vn 0.032705 0.053960 0.077580
vn 0.039084 0.065950 0.064211
vn 0.036741 0.066016 0.065514
vn 0.002836 0.006909 0.099721
vn -0.003405 0.001072 0.099936
vn -0.001927 0.000946 0.099977
vn -0.006215 -0.005257 0.099668
vn 0.003071 0.003781 0.099881
vn -0.003318 -0.004664 0.099836
vn 0.011140 0.011519 0.098708
vn 0.003033 0.000761 0.099951
vn 0.015541 0.017070 0.097299
vn 0.007003 0.005236 0.099617
vn 0.019570 0.023278 0.095264
vn 0.011005 0.010490 0.098837
vn 0.024869 0.035578 0.090087
vn 0.017207 0.021488 0.096136
vn -0.008609 -0.008376 0.099276
vn -0.010006 -0.011657 0.098813
vn -0.009280 -0.013271 0.098680
vn -0.004975 -0.010091 0.099365
vn -0.001739 -0.006666 0.099762
vn 0.001847 -0.002348 0.099955
vn 0.008206 0.007295 0.099395
vn -0.009005 -0.009309 0.099158
vn -0.010388 -0.012897 0.098619
vn -0.011654 -0.016420 0.097952
vn -0.014246 -0.020420 0.096851
vn -0.012780 -0.019383 0.097267
vn -0.013664 -0.021227 0.096761
vn -0.013651 -0.021207 0.096767
vn -0.013381 -0.022205 0.096581
vn -0.015258 -0.024380 0.095775
vn -0.016461 -0.024841 0.095457
vn -0.006688 0.002253 0.099751
vn -0.000788 -0.001498 0.099986
vn -0.000525 -0.001304 0.099990
vn -0.000513 -0.001528 0.099987
vn 0.010058 0.013808 0.098530
vn 0.013215 0.021177 0.096834
vn 0.007521 0.011351 0.099069
vn 0.015194 0.019306 0.096935
vn 0.013220 0.017757 0.097519
vn 0.010296 0.015474 0.098258
vn 0.015156 0.019274 0.096947
vn -0.010877 -0.018997 0.097575
vn -0.005393 -0.011065 0.099240
vn 0.009826 0.011977 0.098793
vn 0.019205 0.021999 0.095641
vn 0.023691 0.028593 0.092850
vn 0.027326 0.035713 0.089319
vn 0.030957 0.049142 0.081405
vn 0.016866 0.019838 0.096550
vn 0.027067 0.032028 0.090783
vn 0.031256 0.039579 0.086351
vn 0.034053 0.047510 0.081137
vn 0.035251 0.061748 0.070318
vn 0.039047 0.054872 0.073922
vn 0.043624 0.058503 0.068369
vn 0.043974 0.061392 0.065554
vn 0.042100 0.064075 0.064203
vn 0.032284 0.045776 0.082839
vn 0.036324 0.049328 0.079040
vn 0.037112 0.051743 0.077106
vn 0.036206 0.053635 0.076239
vn 0.028469 0.038809 0.087655
vn 0.020954 0.028456 0.093548
vn 0.011941 0.015314 0.098096
vn 0.029402 0.040640 0.086510
vn 0.029118 0.041765 0.086069
vn 0.020969 0.028858 0.093421
usemtl 16,16,16_1
f 2068/5145/5031 2069/5146/5032 2078/5147/5033
f 2078/5147/5033 2069/5146/5032 2076/5148/5034
f 2078/5147/5033 2076/5148/5034 2077/5149/5035
f 2076/5148/5034 2069/5146/5032 2072/5150/5036
f 2072/5150/5036 2069/5146/5032 2070/5151/5037
f 2072/5150/5036 2070/5151/5037 2071/5152/5038
f 2076/5148/5034 2072/5150/5036 2075/5153/5039
f 2075/5153/5039 2072/5150/5036 2073/5154/5040
f 2075/5153/5039 2073/5154/5040 2074/5155/5041
f 2080/5156/5042 2071/5157/5043 2079/5158/5044
f 2079/5158/5044 2071/5157/5043 2070/5159/5045
f 2079/5158/5044 2070/5159/5045 2085/5160/5046
f 2085/5160/5046 2070/5159/5045 2069/5161/5047
f 2085/5160/5046 2069/5161/5047 2068/5162/5048
f 2081/5163/5049 2073/5164/5050 2080/5165/5042
f 2080/5156/5042 2073/5166/5050 2072/5167/5051
f 2080/5156/5042 2072/5167/5051 2071/5157/5043
f 2082/5168/5052 2075/5169/5053 2081/5163/5049
f 2081/5163/5049 2075/5169/5053 2074/5170/5054
f 2081/5163/5049 2074/5170/5054 2073/5164/5050
f 2075/5169/5053 2082/5168/5052 2076/5171/5055
f 2076/5171/5055 2082/5168/5052 2083/5172/5056
f 2076/5171/5055 2083/5172/5056 2077/5173/5057
f 2077/5173/5057 2083/5172/5056 2078/5174/5058
f 2078/5174/5058 2083/5172/5056 2084/5175/5059
f 2078/5174/5058 2084/5175/5059 2068/5162/5048
f 2068/5162/5048 2084/5175/5059 2085/5160/5046
f 2093/5176/5060 2086/5177/5061 2099/5178/5062
f 2099/5178/5062 2086/5177/5061 2087/5179/5063
f 2099/5178/5062 2087/5179/5063 2098/5180/5064
f 2098/5180/5064 2087/5179/5063 2097/5181/5065
f 2097/5181/5065 2087/5179/5063 2088/5182/5066
f 2097/5181/5065 2088/5182/5066 2096/5183/5067
f 2096/5183/5067 2088/5182/5066 2089/5184/5068
f 2096/5183/5067 2089/5184/5068 2095/5185/5069
f 2095/5185/5069 2089/5184/5068 2090/5186/5070
f 2095/5185/5069 2090/5186/5070 2094/5187/5071
f 2094/5187/5071 2090/5186/5070 2091/5188/5072
f 2094/5187/5071 2091/5188/5072 2101/5189/5073
f 2101/5189/5073 2091/5188/5072 2092/5190/5074
f 2101/5189/5073 2092/5190/5074 2100/5191/5075
f 2100/5191/5075 2092/5190/5074 2093/5192/5060
f 2100/5193/5075 2093/5176/5060 2099/5178/5062
f 2109/5194/5076 2102/5195/5077 2079/5196/5078
f 2079/5196/5078 2102/5195/5077 2103/5197/5079
f 2079/5196/5078 2103/5197/5079 2080/5198/5080
f 2080/5198/5080 2103/5197/5079 2104/5199/5081
f 2080/5198/5080 2104/5199/5081 2081/5200/5082
f 2081/5200/5082 2104/5199/5081 2105/5201/5083
f 2081/5200/5082 2105/5201/5083 2082/5202/5084
f 2082/5202/5084 2105/5201/5083 2106/5203/5085
f 2082/5202/5084 2106/5203/5085 2083/5204/5086
f 2083/5204/5086 2106/5203/5085 2107/5205/5087
f 2083/5204/5086 2107/5205/5087 2084/5206/5088
f 2084/5206/5088 2107/5205/5087 2108/5207/5089
f 2084/5206/5088 2108/5207/5089 2085/5208/5090
f 2085/5208/5090 2108/5207/5089 2109/5194/5076
f 2085/5208/5090 2109/5194/5076 2079/5196/5078
f 2121/5209/5091 2110/5210/5092 2117/5211/5093
f 2117/5211/5093 2110/5210/5092 2111/5212/5094
f 2117/5211/5093 2111/5212/5094 2114/5213/5095
f 2114/5213/5095 2111/5212/5094 2112/5214/5096
f 2114/5213/5095 2112/5214/5096 2113/5215/5097
f 2115/5216/5098 2116/5217/5099 2114/5213/5095
f 2114/5213/5095 2116/5217/5099 2117/5211/5093
f 2121/5209/5091 2117/5211/5093 2120/5218/5100
f 2120/5218/5100 2117/5211/5093 2118/5219/5101
f 2120/5218/5100 2118/5219/5101 2119/5220/5102
f 2122/5221/5103 2123/5222/5104 2099/5223/5105
f 2099/5223/5105 2123/5222/5104 2100/5224/5106
f 2100/5224/5106 2123/5222/5104 2124/5225/5107
f 2100/5224/5106 2124/5225/5107 2101/5226/5108
f 2101/5226/5108 2124/5225/5107 2125/5227/5109
f 2101/5226/5108 2125/5227/5109 2094/5228/5110
f 2094/5228/5110 2125/5227/5109 2126/5229/5111
f 2099/5230/5112 2098/5231/5113 2122/5232/5114
f 2122/5232/5114 2098/5231/5113 2127/5233/5115
f 2127/5234/5116 2098/5235/5117 2131/5236/5118
f 2131/5236/5118 2098/5235/5117 2097/5237/5119
f 2131/5236/5118 2097/5237/5119 2130/5238/5120
f 2130/5238/5120 2097/5237/5119 2096/5239/5121
f 2130/5238/5120 2096/5239/5121 2129/5240/5122
f 2129/5240/5122 2096/5239/5121 2095/5241/5123
f 2129/5240/5122 2095/5241/5123 2128/5242/5124
f 2126/5243/5125 2128/5244/5126 2094/5245/5127
f 2094/5245/5127 2128/5244/5126 2095/5246/5128
f 2143/5247/5129 2132/5248/5130 2104/5249/5131
f 2104/5249/5131 2132/5248/5130 2133/5250/5132
f 2104/5249/5131 2133/5250/5132 2105/5251/5133
f 2105/5251/5133 2133/5250/5132 2134/5252/5134
f 2105/5251/5133 2134/5252/5134 2106/5253/5135
f 2106/5253/5135 2134/5252/5134 2135/5254/5136
f 2106/5253/5135 2135/5254/5136 2136/5255/5137
f 2106/5253/5135 2136/5255/5137 2107/5256/5138
f 2107/5256/5138 2136/5255/5137 2137/5257/5139
f 2107/5256/5138 2137/5257/5139 2138/5258/5140
f 2107/5256/5138 2138/5258/5140 2108/5259/5141
f 2108/5259/5141 2138/5258/5140 2139/5260/5142
f 2108/5259/5141 2139/5260/5142 2109/5261/5143
f 2109/5261/5143 2139/5260/5142 2140/5262/5144
f 2109/5261/5143 2140/5262/5144 2102/5263/5145
f 2102/5263/5145 2140/5262/5144 2141/5264/5146
f 2102/5263/5145 2141/5264/5146 2103/5265/5147
f 2103/5265/5147 2141/5264/5146 2142/5266/5148
f 2103/5265/5147 2142/5266/5148 2143/5267/5129
f 2103/5265/5147 2143/5267/5129 2104/5268/5131
f 2145/5269/5149 2113/5270/5150 2144/5271/5151
f 2144/5271/5151 2113/5270/5150 2112/5272/5152
f 2144/5271/5151 2112/5272/5152 2111/5273/5153
f 2146/5274/5154 2115/5275/5155 2145/5276/5149
f 2145/5269/5149 2115/5277/5155 2114/5278/5156
f 2145/5269/5149 2114/5278/5156 2113/5270/5150
f 2147/5279/5157 2117/5280/5158 2146/5274/5154
f 2146/5274/5154 2117/5280/5158 2116/5281/5159
f 2146/5274/5154 2116/5281/5159 2115/5275/5155
f 2117/5280/5158 2147/5279/5157 2118/5282/5160
f 2118/5282/5160 2147/5279/5157 2148/5283/5161
f 2118/5282/5160 2148/5283/5161 2119/5284/5162
f 2119/5284/5162 2148/5283/5161 2120/5285/5163
f 2120/5285/5163 2148/5283/5161 2149/5286/5164
f 2120/5285/5163 2149/5286/5164 2121/5287/5165
f 2121/5287/5165 2149/5286/5164 2110/5288/5166
f 2110/5288/5166 2149/5286/5164 2150/5289/5167
f 2110/5288/5166 2150/5289/5167 2111/5273/5153
f 2111/5273/5153 2150/5289/5167 2144/5271/5151
f 2152/5290/5168 2125/5291/5169 2151/5292/5170
f 2151/5292/5170 2125/5291/5169 2124/5293/5171
f 2151/5292/5170 2124/5293/5171 2158/5294/5172
f 2158/5295/5172 2124/5296/5171 2123/5297/5173
f 2158/5295/5172 2123/5297/5173 2157/5298/5174
f 2157/5298/5174 2123/5297/5173 2122/5299/5175
f 2157/5298/5174 2122/5299/5175 2156/5300/5176
f 2156/5300/5176 2122/5299/5175 2127/5301/5177
f 2156/5300/5176 2127/5301/5177 2131/5302/5178
f 2125/5291/5169 2152/5290/5168 2126/5303/5179
f 2126/5303/5179 2152/5290/5168 2153/5304/5180
f 2126/5303/5179 2153/5304/5180 2128/5305/5181
f 2128/5305/5181 2153/5304/5180 2129/5306/5182
f 2129/5306/5182 2153/5304/5180 2154/5307/5183
f 2129/5306/5182 2154/5307/5183 2130/5308/5184
f 2130/5308/5184 2154/5307/5183 2155/5309/5185
f 2130/5308/5184 2155/5309/5185 2131/5302/5178
f 2131/5302/5178 2155/5309/5185 2156/5300/5176
f 2160/5310/5186 2194/5311/5187 2159/5312/5188
f 2159/5312/5188 2194/5311/5187 2195/5313/5189
f 2159/5312/5188 2195/5313/5189 2196/5314/5190
f 2196/5314/5190 2195/5313/5189 2202/5315/5191
f 2196/5314/5190 2202/5315/5191 2186/5316/5192
f 2186/5316/5192 2202/5315/5191 2211/5317/5193
f 2186/5316/5192 2211/5317/5193 2182/5318/5194
f 2182/5318/5194 2211/5317/5193 2203/5319/5195
f 2182/5318/5194 2203/5319/5195 2224/5320/5196
f 2224/5320/5196 2203/5319/5195 2209/5321/5197
f 2224/5320/5196 2209/5321/5197 2223/5322/5198
f 2223/5322/5198 2209/5321/5197 2208/5323/5199
f 2223/5322/5198 2208/5323/5199 2222/5324/5200
f 2222/5324/5200 2208/5323/5199 2207/5325/5201
f 2222/5324/5200 2207/5325/5201 2221/5326/5202
f 2221/5326/5202 2207/5325/5201 2206/5327/5203
f 2221/5326/5202 2206/5327/5203 2220/5328/5204
f 2220/5328/5204 2206/5327/5203 2205/5329/5205
f 2220/5328/5204 2205/5329/5205 2219/5330/5206
f 2219/5330/5206 2205/5329/5205 2204/5331/5207
f 2219/5330/5206 2204/5331/5207 2218/5332/5208
f 2218/5332/5208 2204/5331/5207 2167/5333/5209
f 2218/5332/5208 2167/5333/5209 2168/5334/5210
f 2161/5335/5211 2192/5336/5212 2160/5310/5186
f 2160/5310/5186 2192/5336/5212 2193/5337/5213
f 2160/5310/5186 2193/5337/5213 2194/5311/5187
f 2194/5311/5187 2193/5337/5213 2200/5338/5214
f 2194/5311/5187 2200/5338/5214 2201/5339/5215
f 2201/5339/5215 2200/5338/5214 2213/5340/5216
f 2201/5339/5215 2213/5340/5216 2212/5341/5217
f 2212/5341/5217 2213/5340/5216 2209/5321/5197
f 2212/5341/5217 2209/5321/5197 2203/5319/5195
f 2161/5335/5211 2162/5342/5218 2192/5336/5212
f 2192/5336/5212 2162/5342/5218 2191/5343/5219
f 2192/5336/5212 2191/5343/5219 2198/5344/5220
f 2198/5344/5220 2191/5343/5219 2188/5345/5221
f 2198/5344/5220 2188/5345/5221 2216/5346/5222
f 2216/5346/5222 2188/5345/5221 2217/5347/5223
f 2216/5346/5222 2217/5347/5223 2205/5329/5205
f 2205/5329/5205 2217/5347/5223 2204/5331/5207
f 2162/5342/5218 2163/5348/5224 2191/5343/5219
f 2191/5343/5219 2163/5348/5224 2164/5349/5225
f 2191/5343/5219 2164/5349/5225 2165/5350/5226
f 2191/5343/5219 2165/5350/5226 2188/5345/5221
f 2188/5345/5221 2165/5350/5226 2166/5351/5227
f 2188/5345/5221 2166/5351/5227 2217/5347/5223
f 2217/5347/5223 2166/5351/5227 2204/5331/5207
f 2166/5351/5227 2167/5333/5209 2204/5331/5207
f 2218/5332/5208 2168/5334/5210 2225/5352/5228
f 2225/5352/5228 2168/5334/5210 2169/5353/5229
f 2225/5352/5228 2169/5353/5229 2232/5354/5230
f 2232/5354/5230 2169/5353/5229 2170/5355/5231
f 2232/5354/5230 2170/5355/5231 2239/5356/5232
f 2239/5356/5232 2170/5355/5231 2171/5357/5233
f 2239/5356/5232 2171/5357/5233 2246/5358/5234
f 2246/5358/5234 2171/5357/5233 2172/5359/5235
f 2246/5358/5234 2172/5359/5235 2252/5360/5236
f 2252/5360/5236 2172/5359/5235 2173/5361/5237
f 2252/5360/5236 2173/5361/5237 2259/5362/5238
f 2259/5362/5238 2173/5361/5237 2174/5363/5239
f 2259/5362/5238 2174/5363/5239 2265/5364/5240
f 2265/5364/5240 2174/5363/5239 2175/5365/5241
f 2265/5364/5240 2175/5365/5241 2272/5366/5242
f 2272/5366/5242 2175/5365/5241 2176/5367/5243
f 2272/5366/5242 2176/5367/5243 2278/5368/5244
f 2278/5368/5244 2176/5367/5243 2177/5369/5245
f 2278/5368/5244 2177/5369/5245 2285/5370/5246
f 2285/5370/5246 2177/5369/5245 2178/5371/5247
f 2285/5370/5246 2178/5371/5247 2179/5372/5248
f 2180/5373/5249 2138/5374/5250 2179/5372/5248
f 2179/5372/5248 2138/5374/5250 2137/5375/5251
f 2179/5372/5248 2137/5375/5251 2136/5376/5252
f 2181/5377/5253 2140/5378/5254 2180/5373/5249
f 2180/5373/5249 2140/5378/5254 2139/5379/5255
f 2180/5373/5249 2139/5379/5255 2138/5374/5250
f 2182/5318/5194 2210/5380/5256 2181/5377/5253
f 2181/5377/5253 2210/5380/5256 2189/5381/5257
f 2181/5377/5253 2189/5381/5257 2258/5382/5258
f 2258/5382/5258 2189/5381/5257 2251/5383/5259
f 2258/5382/5258 2251/5383/5259 2257/5384/5260
f 2257/5384/5260 2251/5383/5259 2250/5385/5261
f 2257/5384/5260 2250/5385/5261 2256/5386/5262
f 2256/5386/5262 2250/5385/5261 2249/5387/5263
f 2256/5386/5262 2249/5387/5263 2255/5388/5264
f 2255/5388/5264 2249/5387/5263 2248/5389/5265
f 2255/5388/5264 2248/5389/5265 2254/5390/5266
f 2254/5390/5266 2248/5389/5265 2247/5391/5267
f 2254/5390/5266 2247/5391/5267 2253/5392/5268
f 2253/5392/5268 2247/5391/5267 2246/5358/5234
f 2253/5392/5268 2246/5358/5234 2252/5360/5236
f 2186/5316/5192 2182/5318/5194 2197/5393/5269
f 2197/5393/5269 2182/5318/5194 2183/5394/5270
f 2197/5393/5269 2183/5394/5270 2184/5395/5271
f 2184/5395/5271 2185/5396/5272 2197/5393/5269
f 2197/5393/5269 2185/5396/5272 2196/5314/5190
f 2197/5393/5269 2196/5314/5190 2186/5316/5192
f 2185/5396/5272 2159/5312/5188 2196/5314/5190
f 2143/5397/5273 2292/5398/5274 2132/5399/5275
f 2132/5399/5275 2292/5398/5274 2289/5400/5276
f 2132/5399/5275 2289/5400/5276 2133/5401/5277
f 2133/5401/5277 2289/5400/5276 2288/5402/5278
f 2133/5401/5277 2288/5402/5278 2134/5403/5279
f 2134/5403/5279 2288/5402/5278 2287/5404/5280
f 2134/5403/5279 2287/5404/5280 2135/5405/5281
f 2135/5405/5281 2287/5404/5280 2136/5376/5252
f 2136/5376/5252 2287/5404/5280 2286/5406/5282
f 2136/5376/5252 2286/5406/5282 2179/5372/5248
f 2179/5372/5248 2286/5406/5282 2285/5370/5246
f 2143/5397/5273 2142/5407/5283 2292/5398/5274
f 2292/5398/5274 2142/5407/5283 2291/5408/5284
f 2292/5398/5274 2291/5408/5284 2290/5409/5285
f 2290/5409/5285 2291/5408/5284 2245/5410/5286
f 2290/5409/5285 2245/5410/5286 2283/5411/5287
f 2283/5411/5287 2245/5410/5286 2284/5412/5288
f 2283/5411/5287 2284/5412/5288 2277/5413/5289
f 2277/5413/5289 2284/5412/5288 2190/5414/5290
f 2277/5413/5289 2190/5414/5290 2270/5415/5291
f 2270/5415/5291 2190/5414/5290 2271/5416/5292
f 2270/5415/5291 2271/5416/5292 2264/5417/5293
f 2264/5417/5293 2271/5416/5292 2231/5418/5294
f 2264/5417/5293 2231/5418/5294 2257/5384/5260
f 2257/5384/5260 2231/5418/5294 2258/5382/5258
f 2142/5407/5283 2141/5419/5295 2291/5408/5284
f 2291/5408/5284 2141/5419/5295 2140/5378/5254
f 2291/5408/5284 2140/5378/5254 2181/5377/5253
f 2182/5318/5194 2224/5320/5196 2187/5420/5296
f 2187/5420/5296 2224/5320/5196 2223/5322/5198
f 2187/5420/5296 2223/5322/5198 2230/5421/5297
f 2230/5421/5297 2223/5322/5198 2222/5324/5200
f 2230/5421/5297 2222/5324/5200 2229/5422/5298
f 2229/5422/5298 2222/5324/5200 2221/5326/5202
f 2229/5422/5298 2221/5326/5202 2228/5423/5299
f 2228/5423/5299 2221/5326/5202 2220/5328/5204
f 2228/5423/5299 2220/5328/5204 2227/5424/5300
f 2227/5424/5300 2220/5328/5204 2219/5330/5206
f 2227/5424/5300 2219/5330/5206 2226/5425/5301
f 2226/5425/5301 2219/5330/5206 2218/5332/5208
f 2226/5425/5301 2218/5332/5208 2225/5352/5228
f 2231/5418/5294 2271/5416/5292 2181/5377/5253
f 2181/5377/5253 2271/5416/5292 2190/5414/5290
f 2181/5377/5253 2190/5414/5290 2284/5412/5288
f 2284/5412/5288 2245/5410/5286 2181/5377/5253
f 2181/5377/5253 2245/5410/5286 2291/5408/5284
f 2193/5337/5213 2192/5336/5212 2199/5426/5302
f 2199/5426/5302 2192/5336/5212 2198/5344/5220
f 2199/5426/5302 2198/5344/5220 2215/5427/5303
f 2215/5427/5303 2198/5344/5220 2216/5346/5222
f 2215/5427/5303 2216/5346/5222 2206/5327/5203
f 2206/5327/5203 2216/5346/5222 2205/5329/5205
f 2202/5315/5191 2195/5313/5189 2201/5339/5215
f 2201/5339/5215 2195/5313/5189 2194/5311/5187
f 2193/5337/5213 2199/5426/5302 2200/5338/5214
f 2200/5338/5214 2199/5426/5302 2214/5428/5304
f 2200/5338/5214 2214/5428/5304 2213/5340/5216
f 2213/5340/5216 2214/5428/5304 2208/5323/5199
f 2213/5340/5216 2208/5323/5199 2209/5321/5197
f 2214/5428/5304 2199/5426/5302 2215/5427/5303
f 2211/5317/5193 2202/5315/5191 2212/5341/5217
f 2212/5341/5217 2202/5315/5191 2201/5339/5215
f 2212/5341/5217 2203/5319/5195 2211/5317/5193
f 2214/5428/5304 2215/5427/5303 2207/5325/5201
f 2207/5325/5201 2215/5427/5303 2206/5327/5203
f 2207/5325/5201 2208/5323/5199 2214/5428/5304
f 2210/5380/5256 2182/5318/5194 2238/5429/5305
f 2238/5429/5305 2182/5318/5194 2187/5420/5296
f 2238/5429/5305 2187/5420/5296 2230/5421/5297
f 2231/5418/5294 2181/5377/5253 2258/5382/5258
f 2226/5425/5301 2225/5352/5228 2233/5430/5306
f 2233/5430/5306 2225/5352/5228 2232/5354/5230
f 2233/5430/5306 2232/5354/5230 2240/5431/5307
f 2240/5431/5307 2232/5354/5230 2239/5356/5232
f 2240/5431/5307 2239/5356/5232 2247/5391/5267
f 2247/5391/5267 2239/5356/5232 2246/5358/5234
f 2227/5424/5300 2226/5425/5301 2234/5432/5308
f 2234/5432/5308 2226/5425/5301 2233/5430/5306
f 2234/5432/5308 2233/5430/5306 2241/5433/5309
f 2241/5433/5309 2233/5430/5306 2240/5431/5307
f 2241/5433/5309 2240/5431/5307 2248/5389/5265
f 2248/5389/5265 2240/5431/5307 2247/5391/5267
f 2228/5423/5299 2227/5424/5300 2235/5434/5310
f 2235/5434/5310 2227/5424/5300 2234/5432/5308
f 2235/5434/5310 2234/5432/5308 2242/5435/5311
f 2242/5435/5311 2234/5432/5308 2241/5433/5309
f 2242/5435/5311 2241/5433/5309 2249/5387/5263
f 2249/5387/5263 2241/5433/5309 2248/5389/5265
f 2229/5422/5298 2228/5423/5299 2236/5436/5312
f 2236/5436/5312 2228/5423/5299 2235/5434/5310
f 2236/5436/5312 2235/5434/5310 2243/5437/5313
f 2243/5437/5313 2235/5434/5310 2242/5435/5311
f 2243/5437/5313 2242/5435/5311 2250/5385/5261
f 2250/5385/5261 2242/5435/5311 2249/5387/5263
f 2230/5421/5297 2229/5422/5298 2237/5438/5314
f 2237/5438/5314 2229/5422/5298 2236/5436/5312
f 2237/5438/5314 2236/5436/5312 2244/5439/5315
f 2244/5439/5315 2236/5436/5312 2243/5437/5313
f 2244/5439/5315 2243/5437/5313 2251/5383/5259
f 2251/5383/5259 2243/5437/5313 2250/5385/5261
f 2210/5380/5256 2238/5429/5305 2237/5438/5314
f 2237/5438/5314 2238/5429/5305 2230/5421/5297
f 2210/5380/5256 2237/5438/5314 2244/5439/5315
f 2189/5381/5257 2210/5380/5256 2244/5439/5315
f 2189/5381/5257 2244/5439/5315 2251/5383/5259
f 2253/5392/5268 2252/5360/5236 2260/5440/5316
f 2260/5440/5316 2252/5360/5236 2259/5362/5238
f 2260/5440/5316 2259/5362/5238 2266/5441/5317
f 2266/5441/5317 2259/5362/5238 2265/5364/5240
f 2266/5441/5317 2265/5364/5240 2273/5442/5318
f 2273/5442/5318 2265/5364/5240 2272/5366/5242
f 2273/5442/5318 2272/5366/5242 2279/5443/5319
f 2279/5443/5319 2272/5366/5242 2278/5368/5244
f 2279/5443/5319 2278/5368/5244 2286/5406/5282
f 2286/5406/5282 2278/5368/5244 2285/5370/5246
f 2254/5390/5266 2253/5392/5268 2261/5444/5320
f 2261/5444/5320 2253/5392/5268 2260/5440/5316
f 2261/5444/5320 2260/5440/5316 2267/5445/5321
f 2267/5445/5321 2260/5440/5316 2266/5441/5317
f 2267/5445/5321 2266/5441/5317 2274/5446/5322
f 2274/5446/5322 2266/5441/5317 2273/5442/5318
f 2274/5446/5322 2273/5442/5318 2280/5447/5323
f 2280/5447/5323 2273/5442/5318 2279/5443/5319
f 2280/5447/5323 2279/5443/5319 2287/5404/5280
f 2287/5404/5280 2279/5443/5319 2286/5406/5282
f 2255/5388/5264 2254/5390/5266 2262/5448/5324
f 2262/5448/5324 2254/5390/5266 2261/5444/5320
f 2262/5448/5324 2261/5444/5320 2268/5449/5325
f 2268/5449/5325 2261/5444/5320 2267/5445/5321
f 2268/5449/5325 2267/5445/5321 2275/5450/5326
f 2275/5450/5326 2267/5445/5321 2274/5446/5322
f 2275/5450/5326 2274/5446/5322 2281/5451/5327
f 2281/5451/5327 2274/5446/5322 2280/5447/5323
f 2281/5451/5327 2280/5447/5323 2288/5402/5278
f 2288/5402/5278 2280/5447/5323 2287/5404/5280
f 2264/5417/5293 2257/5384/5260 2256/5386/5262
f 2256/5386/5262 2255/5388/5264 2263/5452/5328
f 2263/5452/5328 2255/5388/5264 2262/5448/5324
f 2263/5452/5328 2262/5448/5324 2269/5453/5329
f 2269/5453/5329 2262/5448/5324 2268/5449/5325
f 2269/5453/5329 2268/5449/5325 2276/5454/5330
f 2276/5454/5330 2268/5449/5325 2275/5450/5326
f 2276/5454/5330 2275/5450/5326 2282/5455/5331
f 2282/5455/5331 2275/5450/5326 2281/5451/5327
f 2282/5455/5331 2281/5451/5327 2289/5400/5276
f 2289/5400/5276 2281/5451/5327 2288/5402/5278
f 2270/5415/5291 2264/5417/5293 2263/5452/5328
f 2263/5452/5328 2264/5417/5293 2256/5386/5262
f 2270/5415/5291 2263/5452/5328 2269/5453/5329
f 2277/5413/5289 2270/5415/5291 2269/5453/5329
f 2277/5413/5289 2269/5453/5329 2276/5454/5330
f 2283/5411/5287 2277/5413/5289 2276/5454/5330
f 2283/5411/5287 2276/5454/5330 2282/5455/5331
f 2290/5409/5285 2283/5411/5287 2282/5455/5331
f 2290/5409/5285 2282/5455/5331 2289/5400/5276
f 2292/5398/5274 2290/5409/5285 2289/5400/5276
f 2300/5456/5332 2293/5457/5333 2144/5458/5334
f 2144/5458/5334 2293/5457/5333 2294/5459/5335
f 2144/5458/5334 2294/5459/5335 2145/5460/5336
f 2145/5460/5336 2294/5459/5335 2295/5461/5337
f 2145/5460/5336 2295/5461/5337 2146/5462/5338
f 2146/5462/5338 2295/5461/5337 2296/5463/5339
f 2146/5462/5338 2296/5463/5339 2147/5464/5340
f 2147/5464/5340 2296/5463/5339 2297/5465/5341
f 2147/5464/5340 2297/5465/5341 2148/5466/5342
f 2148/5466/5342 2297/5465/5341 2298/5467/5343
f 2148/5466/5342 2298/5467/5343 2149/5468/5344
f 2149/5468/5344 2298/5467/5343 2299/5469/5345
f 2149/5468/5344 2299/5469/5345 2150/5470/5346
f 2150/5470/5346 2299/5469/5345 2300/5456/5332
f 2150/5470/5346 2300/5456/5332 2144/5458/5334
f 2181/5471/5347 2303/5472/5348 2182/5473/5349
f 2182/5473/5349 2303/5472/5348 2305/5474/5350
f 2182/5473/5349 2305/5474/5350 2302/5475/5351
f 2302/5475/5351 2305/5474/5350 2303/5472/5348
f 2302/5475/5351 2303/5472/5348 2304/5476/5352
f 2304/5476/5352 2303/5472/5348 2181/5471/5347
f 2304/5476/5352 2181/5471/5347 2301/5477/5353
f 2301/5477/5353 2302/5475/5351 2304/5476/5352
f 2323/5478/5354 2306/5479/5355 2324/5480/5356
f 2324/5480/5356 2306/5479/5355 2307/5481/5357
f 2324/5480/5356 2307/5481/5357 2325/5482/5358
f 2325/5482/5358 2307/5481/5357 2308/5483/5359
f 2325/5482/5358 2308/5483/5359 2326/5484/5360
f 2326/5484/5360 2308/5483/5359 2309/5485/5361
f 2326/5484/5360 2309/5485/5361 2327/5486/5362
f 2327/5486/5362 2309/5485/5361 2310/5487/5363
f 2327/5486/5362 2310/5487/5363 2328/5488/5364
f 2328/5488/5364 2310/5487/5363 2311/5489/5365
f 2328/5488/5364 2311/5489/5365 2329/5490/5366
f 2329/5490/5366 2311/5489/5365 2312/5491/5367
f 2329/5490/5366 2312/5491/5367 2313/5492/5368
f 2329/5490/5366 2313/5492/5368 2330/5493/5369
f 2330/5493/5369 2313/5492/5368 2314/5494/5370
f 2330/5493/5369 2314/5494/5370 2331/5495/5371
f 2331/5495/5371 2314/5494/5370 2315/5496/5372
f 2331/5495/5371 2315/5496/5372 2332/5497/5373
f 2332/5497/5373 2315/5496/5372 2316/5498/5374
f 2332/5497/5373 2316/5498/5374 2317/5499/5375
f 2332/5497/5373 2317/5499/5375 2333/5500/5376
f 2333/5500/5376 2317/5499/5375 2318/5501/5377
f 2333/5500/5376 2318/5501/5377 2334/5502/5378
f 2334/5502/5378 2318/5501/5377 2319/5503/5379
f 2334/5502/5378 2319/5503/5379 2335/5504/5380
f 2335/5504/5380 2319/5503/5379 2320/5505/5381
f 2335/5504/5380 2320/5505/5381 2336/5506/5382
f 2336/5506/5382 2320/5505/5381 2321/5507/5383
f 2336/5506/5382 2321/5507/5383 2178/5508/5384
f 2178/5508/5384 2177/5509/5385 2336/5506/5382
f 2336/5506/5382 2177/5509/5385 2335/5504/5380
f 2177/5509/5385 2176/5510/5386 2335/5504/5380
f 2335/5504/5380 2176/5510/5386 2334/5502/5378
f 2176/5510/5386 2175/5511/5387 2334/5502/5378
f 2334/5502/5378 2175/5511/5387 2333/5500/5376
f 2175/5511/5387 2174/5512/5388 2333/5500/5376
f 2333/5500/5376 2174/5512/5388 2332/5497/5373
f 2174/5512/5388 2173/5513/5389 2332/5497/5373
f 2332/5497/5373 2173/5513/5389 2331/5495/5371
f 2173/5513/5389 2172/5514/5390 2331/5495/5371
f 2331/5495/5371 2172/5514/5390 2330/5493/5369
f 2172/5514/5390 2171/5515/5391 2330/5493/5369
f 2330/5493/5369 2171/5515/5391 2329/5490/5366
f 2171/5515/5391 2170/5516/5392 2329/5490/5366
f 2329/5490/5366 2170/5516/5392 2169/5517/5393
f 2329/5490/5366 2169/5517/5393 2328/5488/5364
f 2328/5488/5364 2169/5517/5393 2168/5518/5394
f 2328/5488/5364 2168/5518/5394 2327/5486/5362
f 2327/5486/5362 2168/5518/5394 2167/5519/5395
f 2327/5486/5362 2167/5519/5395 2326/5484/5360
f 2326/5484/5360 2167/5519/5395 2166/5520/5396
f 2326/5484/5360 2166/5520/5396 2325/5482/5358
f 2325/5482/5358 2166/5520/5396 2165/5521/5397
f 2325/5482/5358 2165/5521/5397 2324/5480/5356
f 2324/5480/5356 2165/5521/5397 2164/5522/5398
f 2324/5480/5356 2164/5522/5398 2322/5523/5399
f 2322/5523/5399 2323/5478/5354 2324/5480/5356
f 2337/5524/5400 2338/5525/5401 2160/5526/5402
f 2160/5526/5402 2338/5525/5401 2161/5527/5403
f 2161/5527/5403 2338/5525/5401 2339/5528/5404
f 2161/5527/5403 2339/5528/5404 2162/5529/5405
f 2162/5529/5405 2339/5528/5404 2340/5530/5406
f 2162/5529/5405 2340/5530/5406 2163/5531/5407
f 2163/5532/5407 2340/5533/5406 2323/5534/5408
f 2163/5532/5407 2323/5534/5408 2322/5535/5409
f 2340/5533/5406 2306/5536/5410 2323/5534/5408
f 2322/5535/5409 2164/5537/5411 2163/5532/5407
f 2341/5538/5412 2342/5539/5413 2159/5540/5414
f 2159/5540/5414 2342/5539/5413 2160/5541/5415
f 2160/5541/5415 2342/5539/5413 2337/5542/5416
f 2341/5543/5417 2159/5544/5418 2345/5545/5419
f 2345/5545/5419 2159/5544/5418 2185/5546/5420
f 2345/5545/5419 2185/5546/5420 2184/5547/5421
f 2345/5545/5419 2184/5547/5421 2344/5548/5422
f 2344/5548/5422 2184/5547/5421 2183/5549/5423
f 2344/5548/5422 2183/5549/5423 2343/5550/5424
f 2343/5550/5424 2183/5549/5423 2182/5551/5425
f 2343/5550/5424 2182/5551/5425 2302/5552/5426
f 2179/5553/5427 2178/5554/5428 2157/5555/5429
f 2157/5555/5429 2178/5554/5428 2346/5556/5430
f 2157/5555/5429 2346/5556/5430 2347/5557/5431
f 2348/5558/5432 2151/5559/5433 2347/5557/5431
f 2347/5557/5431 2151/5559/5433 2158/5560/5434
f 2347/5557/5431 2158/5560/5434 2157/5555/5429
f 2349/5561/5435 2153/5562/5436 2348/5563/5432
f 2348/5563/5432 2153/5562/5436 2152/5564/5437
f 2348/5563/5432 2152/5564/5437 2151/5565/5433
f 2349/5561/5435 2181/5566/5438 2153/5562/5436
f 2153/5562/5436 2181/5566/5438 2180/5567/5439
f 2153/5562/5436 2180/5567/5439 2154/5568/5440
f 2154/5569/5440 2180/5570/5439 2155/5571/5441
f 2155/5571/5441 2180/5570/5439 2179/5553/5427
f 2155/5571/5441 2179/5553/5427 2156/5572/5442
f 2156/5572/5442 2179/5553/5427 2157/5555/5429
f 2361/5573/5443 2350/5574/5444 2299/5575/5445
f 2299/5575/5445 2350/5574/5444 2351/5576/5446
f 2299/5575/5445 2351/5576/5446 2300/5577/5447
f 2300/5577/5447 2351/5576/5446 2352/5578/5448
f 2300/5577/5447 2352/5578/5448 2293/5579/5449
f 2293/5579/5449 2352/5578/5448 2353/5580/5450
f 2293/5579/5449 2353/5580/5450 2354/5581/5451
f 2293/5579/5449 2354/5581/5451 2294/5582/5452
f 2294/5582/5452 2354/5581/5451 2355/5583/5453
f 2294/5582/5452 2355/5583/5453 2356/5584/5454
f 2294/5582/5452 2356/5584/5454 2295/5585/5455
f 2295/5586/5455 2356/5587/5454 2357/5588/5456
f 2295/5586/5455 2357/5588/5456 2296/5589/5457
f 2296/5589/5457 2357/5588/5456 2358/5590/5458
f 2296/5589/5457 2358/5590/5458 2297/5591/5459
f 2297/5591/5459 2358/5590/5458 2359/5592/5460
f 2297/5591/5459 2359/5592/5460 2298/5593/5461
f 2298/5593/5461 2359/5592/5460 2360/5594/5462
f 2298/5593/5461 2360/5594/5462 2361/5573/5443
f 2298/5593/5461 2361/5573/5443 2299/5575/5445
f 2342/5595/5463 2372/5596/5464 2337/5597/5465
f 2337/5597/5465 2372/5596/5464 2373/5598/5466
f 2337/5597/5465 2373/5598/5466 2338/5599/5467
f 2338/5599/5467 2373/5598/5466 2374/5600/5468
f 2338/5599/5467 2374/5600/5468 2339/5601/5469
f 2339/5601/5469 2374/5600/5468 2340/5602/5470
f 2340/5602/5470 2374/5600/5468 2306/5603/5471
f 2306/5603/5471 2374/5600/5468 2307/5604/5472
f 2307/5604/5472 2374/5600/5468 2456/5605/5473
f 2307/5604/5472 2456/5605/5473 2308/5606/5474
f 2308/5606/5474 2456/5605/5473 2449/5607/5475
f 2308/5606/5474 2449/5607/5475 2309/5608/5476
f 2309/5608/5476 2449/5607/5475 2443/5609/5477
f 2309/5608/5476 2443/5609/5477 2310/5610/5478
f 2310/5610/5478 2443/5609/5477 2437/5611/5479
f 2310/5610/5478 2437/5611/5479 2311/5612/5480
f 2311/5612/5480 2437/5611/5479 2430/5613/5481
f 2311/5612/5480 2430/5613/5481 2312/5614/5482
f 2312/5614/5482 2430/5613/5481 2424/5615/5483
f 2312/5614/5482 2424/5615/5483 2313/5616/5484
f 2313/5616/5484 2424/5615/5483 2417/5617/5485
f 2313/5616/5484 2417/5617/5485 2314/5618/5486
f 2314/5618/5486 2417/5617/5485 2410/5619/5487
f 2314/5618/5486 2410/5619/5487 2315/5620/5488
f 2315/5620/5488 2410/5619/5487 2403/5621/5489
f 2315/5620/5488 2403/5621/5489 2316/5622/5490
f 2316/5622/5490 2403/5621/5489 2317/5623/5491
f 2317/5623/5491 2403/5621/5489 2396/5624/5492
f 2317/5623/5491 2396/5624/5492 2318/5625/5493
f 2318/5625/5493 2396/5624/5492 2389/5626/5494
f 2318/5625/5493 2389/5626/5494 2319/5627/5495
f 2319/5627/5495 2389/5626/5494 2382/5628/5496
f 2319/5627/5495 2382/5628/5496 2320/5629/5497
f 2320/5629/5497 2382/5628/5496 2375/5630/5498
f 2320/5629/5497 2375/5630/5498 2321/5631/5499
f 2321/5631/5499 2375/5630/5498 2363/5632/5500
f 2363/5632/5500 2375/5630/5498 2376/5633/5501
f 2363/5632/5500 2376/5633/5501 2377/5634/5502
f 2377/5634/5502 2376/5633/5501 2384/5635/5503
f 2377/5634/5502 2384/5635/5503 2385/5636/5504
f 2385/5636/5504 2384/5635/5503 2392/5637/5505
f 2385/5636/5504 2392/5637/5505 2393/5638/5506
f 2393/5638/5506 2392/5637/5505 2400/5639/5507
f 2393/5638/5506 2400/5639/5507 2401/5640/5508
f 2401/5640/5508 2400/5639/5507 2408/5641/5509
f 2401/5640/5508 2408/5641/5509 2409/5642/5510
f 2409/5642/5510 2408/5641/5509 2366/5643/5511
f 2409/5642/5510 2366/5643/5511 2301/5644/5512
f 2301/5644/5512 2366/5643/5511 2423/5645/5513
f 2301/5644/5512 2423/5645/5513 2402/5646/5514
f 2402/5646/5514 2423/5645/5513 2422/5647/5515
f 2402/5646/5514 2422/5647/5515 2429/5648/5516
f 2429/5648/5516 2422/5647/5515 2421/5649/5517
f 2429/5648/5516 2421/5649/5517 2428/5650/5518
f 2428/5650/5518 2421/5649/5517 2420/5651/5519
f 2428/5650/5518 2420/5651/5519 2427/5652/5520
f 2427/5652/5520 2420/5651/5519 2419/5653/5521
f 2427/5652/5520 2419/5653/5521 2426/5654/5522
f 2426/5654/5522 2419/5653/5521 2418/5655/5523
f 2426/5654/5522 2418/5655/5523 2425/5656/5524
f 2425/5656/5524 2418/5655/5523 2417/5617/5485
f 2425/5656/5524 2417/5617/5485 2424/5615/5483
f 2341/5657/5525 2370/5658/5526 2342/5595/5463
f 2342/5595/5463 2370/5658/5526 2371/5659/5527
f 2342/5595/5463 2371/5659/5527 2372/5596/5464
f 2372/5596/5464 2371/5659/5527 2458/5660/5528
f 2372/5596/5464 2458/5660/5528 2457/5661/5529
f 2457/5661/5529 2458/5660/5528 2450/5662/5530
f 2457/5661/5529 2450/5662/5530 2449/5607/5475
f 2449/5607/5475 2450/5662/5530 2443/5609/5477
f 2370/5658/5526 2341/5657/5525 2369/5663/5531
f 2369/5663/5531 2341/5657/5525 2345/5664/5532
f 2369/5663/5531 2345/5664/5532 2368/5665/5533
f 2368/5665/5533 2345/5664/5532 2344/5666/5534
f 2368/5665/5533 2344/5666/5534 2302/5667/5535
f 2302/5667/5535 2344/5666/5534 2343/5668/5536
f 2301/5644/5512 2416/5669/5537 2302/5667/5535
f 2302/5667/5535 2416/5669/5537 2455/5670/5538
f 2302/5667/5535 2455/5670/5538 2364/5671/5539
f 2364/5671/5539 2455/5670/5538 2454/5672/5540
f 2364/5671/5539 2454/5672/5540 2461/5673/5541
f 2461/5673/5541 2454/5672/5540 2453/5674/5542
f 2461/5673/5541 2453/5674/5542 2460/5675/5543
f 2460/5675/5543 2453/5674/5542 2452/5676/5544
f 2460/5675/5543 2452/5676/5544 2459/5677/5545
f 2459/5677/5545 2452/5676/5544 2451/5678/5546
f 2459/5677/5545 2451/5678/5546 2458/5660/5528
f 2458/5660/5528 2451/5678/5546 2450/5662/5530
f 2362/5679/5547 2381/5680/5548 2301/5644/5512
f 2301/5644/5512 2381/5680/5548 2367/5681/5549
f 2301/5644/5512 2367/5681/5549 2395/5682/5550
f 2395/5682/5550 2367/5681/5549 2387/5683/5551
f 2395/5682/5550 2387/5683/5551 2394/5684/5552
f 2394/5684/5552 2387/5683/5551 2386/5685/5553
f 2394/5684/5552 2386/5685/5553 2393/5638/5506
f 2393/5638/5506 2386/5685/5553 2385/5636/5504
f 2363/5632/5500 2378/5686/5554 2362/5679/5547
f 2362/5679/5547 2378/5686/5554 2379/5687/5555
f 2362/5679/5547 2379/5687/5555 2380/5688/5556
f 2380/5688/5556 2379/5687/5555 2387/5683/5551
f 2380/5688/5556 2387/5683/5551 2367/5681/5549
f 2368/5665/5533 2302/5667/5535 2364/5671/5539
f 2365/5689/5557 2301/5644/5512 2436/5690/5558
f 2436/5690/5558 2301/5644/5512 2402/5646/5514
f 2436/5690/5558 2402/5646/5514 2429/5648/5516
f 2401/5640/5508 2409/5642/5510 2388/5691/5559
f 2388/5691/5559 2409/5642/5510 2301/5644/5512
f 2388/5691/5559 2301/5644/5512 2395/5682/5550
f 2380/5688/5556 2367/5681/5549 2381/5680/5548
f 2364/5671/5539 2461/5673/5541 2368/5665/5533
f 2368/5665/5533 2461/5673/5541 2369/5663/5531
f 2461/5673/5541 2460/5675/5543 2369/5663/5531
f 2369/5663/5531 2460/5675/5543 2370/5658/5526
f 2460/5675/5543 2459/5677/5545 2370/5658/5526
f 2370/5658/5526 2459/5677/5545 2371/5659/5527
f 2459/5677/5545 2458/5660/5528 2371/5659/5527
f 2456/5605/5473 2374/5600/5468 2373/5598/5466
f 2456/5605/5473 2373/5598/5466 2457/5661/5529
f 2457/5661/5529 2373/5598/5466 2372/5596/5464
f 2378/5686/5554 2363/5632/5500 2377/5634/5502
f 2376/5633/5501 2375/5630/5498 2383/5692/5560
f 2383/5692/5560 2375/5630/5498 2382/5628/5496
f 2383/5692/5560 2382/5628/5496 2390/5693/5561
f 2390/5693/5561 2382/5628/5496 2389/5626/5494
f 2390/5693/5561 2389/5626/5494 2397/5694/5562
f 2397/5694/5562 2389/5626/5494 2396/5624/5492
f 2397/5694/5562 2396/5624/5492 2404/5695/5563
f 2404/5695/5563 2396/5624/5492 2403/5621/5489
f 2404/5695/5563 2403/5621/5489 2411/5696/5564
f 2411/5696/5564 2403/5621/5489 2410/5619/5487
f 2411/5696/5564 2410/5619/5487 2418/5655/5523
f 2418/5655/5523 2410/5619/5487 2417/5617/5485
f 2377/5634/5502 2385/5636/5504 2378/5686/5554
f 2378/5686/5554 2385/5636/5504 2386/5685/5553
f 2378/5686/5554 2386/5685/5553 2379/5687/5555
f 2379/5687/5555 2386/5685/5553 2387/5683/5551
f 2381/5680/5548 2362/5679/5547 2380/5688/5556
f 2376/5633/5501 2383/5692/5560 2384/5635/5503
f 2384/5635/5503 2383/5692/5560 2391/5697/5565
f 2384/5635/5503 2391/5697/5565 2392/5637/5505
f 2392/5637/5505 2391/5697/5565 2399/5698/5566
f 2392/5637/5505 2399/5698/5566 2400/5639/5507
f 2400/5639/5507 2399/5698/5566 2407/5699/5567
f 2400/5639/5507 2407/5699/5567 2408/5641/5509
f 2408/5641/5509 2407/5699/5567 2415/5700/5568
f 2408/5641/5509 2415/5700/5568 2366/5643/5511
f 2366/5643/5511 2415/5700/5568 2423/5645/5513
f 2391/5697/5565 2383/5692/5560 2390/5693/5561
f 2391/5697/5565 2390/5693/5561 2398/5701/5569
f 2398/5701/5569 2390/5693/5561 2397/5694/5562
f 2398/5701/5569 2397/5694/5562 2405/5702/5570
f 2405/5702/5570 2397/5694/5562 2404/5695/5563
f 2405/5702/5570 2404/5695/5563 2412/5703/5571
f 2412/5703/5571 2404/5695/5563 2411/5696/5564
f 2412/5703/5571 2411/5696/5564 2419/5653/5521
f 2419/5653/5521 2411/5696/5564 2418/5655/5523
f 2388/5691/5559 2395/5682/5550 2394/5684/5552
f 2388/5691/5559 2394/5684/5552 2401/5640/5508
f 2401/5640/5508 2394/5684/5552 2393/5638/5506
f 2391/5697/5565 2398/5701/5569 2399/5698/5566
f 2399/5698/5566 2398/5701/5569 2406/5704/5572
f 2399/5698/5566 2406/5704/5572 2407/5699/5567
f 2407/5699/5567 2406/5704/5572 2414/5705/5573
f 2407/5699/5567 2414/5705/5573 2415/5700/5568
f 2415/5700/5568 2414/5705/5573 2422/5647/5515
f 2415/5700/5568 2422/5647/5515 2423/5645/5513
f 2406/5704/5572 2398/5701/5569 2405/5702/5570
f 2406/5704/5572 2405/5702/5570 2413/5706/5574
f 2413/5706/5574 2405/5702/5570 2412/5703/5571
f 2413/5706/5574 2412/5703/5571 2420/5651/5519
f 2420/5651/5519 2412/5703/5571 2419/5653/5521
f 2301/5644/5512 2365/5689/5557 2416/5669/5537
f 2416/5669/5537 2365/5689/5557 2442/5707/5575
f 2416/5669/5537 2442/5707/5575 2448/5708/5576
f 2448/5708/5576 2442/5707/5575 2441/5709/5577
f 2448/5708/5576 2441/5709/5577 2447/5710/5578
f 2447/5710/5578 2441/5709/5577 2440/5711/5579
f 2447/5710/5578 2440/5711/5579 2446/5712/5580
f 2446/5712/5580 2440/5711/5579 2439/5713/5581
f 2446/5712/5580 2439/5713/5581 2445/5714/5582
f 2445/5714/5582 2439/5713/5581 2438/5715/5583
f 2445/5714/5582 2438/5715/5583 2444/5716/5584
f 2444/5716/5584 2438/5715/5583 2437/5611/5479
f 2444/5716/5584 2437/5611/5479 2443/5609/5477
f 2406/5704/5572 2413/5706/5574 2414/5705/5573
f 2414/5705/5573 2413/5706/5574 2421/5649/5517
f 2414/5705/5573 2421/5649/5517 2422/5647/5515
f 2421/5649/5517 2413/5706/5574 2420/5651/5519
f 2425/5656/5524 2424/5615/5483 2431/5717/5585
f 2431/5717/5585 2424/5615/5483 2430/5613/5481
f 2431/5717/5585 2430/5613/5481 2438/5715/5583
f 2438/5715/5583 2430/5613/5481 2437/5611/5479
f 2426/5654/5522 2425/5656/5524 2432/5718/5586
f 2432/5718/5586 2425/5656/5524 2431/5717/5585
f 2432/5718/5586 2431/5717/5585 2439/5713/5581
f 2439/5713/5581 2431/5717/5585 2438/5715/5583
f 2427/5652/5520 2426/5654/5522 2433/5719/5587
f 2433/5719/5587 2426/5654/5522 2432/5718/5586
f 2433/5719/5587 2432/5718/5586 2440/5711/5579
f 2440/5711/5579 2432/5718/5586 2439/5713/5581
f 2428/5650/5518 2427/5652/5520 2434/5720/5588
f 2434/5720/5588 2427/5652/5520 2433/5719/5587
f 2434/5720/5588 2433/5719/5587 2441/5709/5577
f 2441/5709/5577 2433/5719/5587 2440/5711/5579
f 2429/5648/5516 2428/5650/5518 2435/5721/5589
f 2435/5721/5589 2428/5650/5518 2434/5720/5588
f 2435/5721/5589 2434/5720/5588 2442/5707/5575
f 2442/5707/5575 2434/5720/5588 2441/5709/5577
f 2365/5689/5557 2436/5690/5558 2435/5721/5589
f 2435/5721/5589 2436/5690/5558 2429/5648/5516
f 2365/5689/5557 2435/5721/5589 2442/5707/5575
f 2443/5609/5477 2450/5662/5530 2444/5716/5584
f 2444/5716/5584 2450/5662/5530 2451/5678/5546
f 2444/5716/5584 2451/5678/5546 2445/5714/5582
f 2445/5714/5582 2451/5678/5546 2452/5676/5544
f 2445/5714/5582 2452/5676/5544 2446/5712/5580
f 2446/5712/5580 2452/5676/5544 2453/5674/5542
f 2446/5712/5580 2453/5674/5542 2447/5710/5578
f 2447/5710/5578 2453/5674/5542 2454/5672/5540
f 2447/5710/5578 2454/5672/5540 2448/5708/5576
f 2448/5708/5576 2454/5672/5540 2455/5670/5538
f 2448/5708/5576 2455/5670/5538 2416/5669/5537
f 2456/5605/5473 2457/5661/5529 2449/5607/5475
f 2301/5722/5590 2181/5723/5591 2462/5724/5592
f 2462/5724/5592 2181/5723/5591 2349/5725/5593
f 2178/5726/5594 2321/5727/5595 2346/5728/5596
f 2346/5728/5596 2321/5727/5595 2463/5729/5597
f 2465/5730/5598 2496/5731/5599 2464/5732/5600
f 2464/5732/5600 2496/5731/5599 2497/5733/5601
f 2464/5732/5600 2497/5733/5601 2498/5734/5602
f 2498/5734/5602 2497/5733/5601 2504/5735/5603
f 2498/5734/5602 2504/5735/5603 2488/5736/5604
f 2488/5736/5604 2504/5735/5603 2513/5737/5605
f 2488/5736/5604 2513/5737/5605 2483/5738/5606
f 2483/5738/5606 2513/5737/5605 2505/5739/5607
f 2483/5738/5606 2505/5739/5607 2526/5740/5608
f 2526/5740/5608 2505/5739/5607 2511/5741/5609
f 2526/5740/5608 2511/5741/5609 2525/5742/5610
f 2525/5742/5610 2511/5741/5609 2510/5743/5611
f 2525/5742/5610 2510/5743/5611 2524/5744/5612
f 2524/5744/5612 2510/5743/5611 2509/5745/5613
f 2524/5744/5612 2509/5745/5613 2523/5746/5614
f 2523/5746/5614 2509/5745/5613 2508/5747/5615
f 2523/5746/5614 2508/5747/5615 2522/5748/5616
f 2522/5748/5616 2508/5747/5615 2507/5749/5617
f 2522/5748/5616 2507/5749/5617 2521/5750/5618
f 2521/5750/5618 2507/5749/5617 2506/5751/5619
f 2521/5750/5618 2506/5751/5619 2520/5752/5620
f 2520/5752/5620 2506/5751/5619 2472/5753/5621
f 2520/5752/5620 2472/5753/5621 2473/5754/5622
f 2466/5755/5623 2494/5756/5624 2465/5730/5598
f 2465/5730/5598 2494/5756/5624 2495/5757/5625
f 2465/5730/5598 2495/5757/5625 2496/5731/5599
f 2496/5731/5599 2495/5757/5625 2502/5758/5626
f 2496/5731/5599 2502/5758/5626 2503/5759/5627
f 2503/5759/5627 2502/5758/5626 2515/5760/5628
f 2503/5759/5627 2515/5760/5628 2514/5761/5629
f 2514/5761/5629 2515/5760/5628 2511/5741/5609
f 2514/5761/5629 2511/5741/5609 2505/5739/5607
f 2466/5755/5623 2467/5762/5630 2494/5756/5624
f 2494/5756/5624 2467/5762/5630 2493/5763/5631
f 2494/5756/5624 2493/5763/5631 2500/5764/5632
f 2500/5764/5632 2493/5763/5631 2490/5765/5633
f 2500/5764/5632 2490/5765/5633 2518/5766/5634
f 2518/5766/5634 2490/5765/5633 2519/5767/5635
f 2518/5766/5634 2519/5767/5635 2507/5749/5617
f 2507/5749/5617 2519/5767/5635 2506/5751/5619
f 2467/5762/5630 2468/5768/5636 2493/5763/5631
f 2493/5763/5631 2468/5768/5636 2469/5769/5637
f 2493/5763/5631 2469/5769/5637 2470/5770/5638
f 2493/5763/5631 2470/5770/5638 2490/5765/5633
f 2490/5765/5633 2470/5770/5638 2471/5771/5639
f 2490/5765/5633 2471/5771/5639 2519/5767/5635
f 2519/5767/5635 2471/5771/5639 2506/5751/5619
f 2471/5771/5639 2472/5753/5621 2506/5751/5619
f 2520/5752/5620 2473/5754/5622 2527/5772/5640
f 2527/5772/5640 2473/5754/5622 2474/5773/5641
f 2527/5772/5640 2474/5773/5641 2534/5774/5642
f 2534/5774/5642 2474/5773/5641 2475/5775/5643
f 2534/5774/5642 2475/5775/5643 2541/5776/5644
f 2541/5776/5644 2475/5775/5643 2476/5777/5645
f 2541/5776/5644 2476/5777/5645 2548/5778/5646
f 2548/5778/5646 2476/5777/5645 2477/5779/5647
f 2548/5778/5646 2477/5779/5647 2554/5780/5648
f 2554/5780/5648 2477/5779/5647 2478/5781/5649
f 2554/5780/5648 2478/5781/5649 2561/5782/5650
f 2561/5782/5650 2478/5781/5649 2479/5783/5651
f 2561/5782/5650 2479/5783/5651 2567/5784/5652
f 2567/5784/5652 2479/5783/5651 2480/5785/5653
f 2567/5784/5652 2480/5785/5653 2574/5786/5654
f 2574/5786/5654 2480/5785/5653 2481/5787/5655
f 2574/5786/5654 2481/5787/5655 2580/5788/5656
f 2580/5788/5656 2481/5787/5655 2482/5789/5657
f 2580/5788/5656 2482/5789/5657 2587/5790/5658
f 2587/5790/5658 2482/5789/5657 2349/5791/5659
f 2587/5790/5658 2349/5791/5659 2348/5792/5660
f 2347/5793/5661 2356/5794/5662 2348/5792/5660
f 2348/5792/5660 2356/5794/5662 2355/5795/5663
f 2348/5792/5660 2355/5795/5663 2354/5796/5664
f 2346/5797/5665 2358/5798/5666 2347/5793/5661
f 2347/5793/5661 2358/5798/5666 2357/5799/5667
f 2347/5793/5661 2357/5799/5667 2356/5794/5662
f 2483/5738/5606 2512/5800/5668 2346/5797/5665
f 2346/5797/5665 2512/5800/5668 2491/5801/5669
f 2346/5797/5665 2491/5801/5669 2560/5802/5670
f 2560/5802/5670 2491/5801/5669 2553/5803/5671
f 2560/5802/5670 2553/5803/5671 2559/5804/5672
f 2559/5804/5672 2553/5803/5671 2552/5805/5673
f 2559/5804/5672 2552/5805/5673 2558/5806/5674
f 2558/5806/5674 2552/5805/5673 2551/5807/5675
f 2558/5806/5674 2551/5807/5675 2557/5808/5676
f 2557/5808/5676 2551/5807/5675 2550/5809/5677
f 2557/5808/5676 2550/5809/5677 2556/5810/5678
f 2556/5810/5678 2550/5809/5677 2549/5811/5679
f 2556/5810/5678 2549/5811/5679 2555/5812/5680
f 2555/5812/5680 2549/5811/5679 2548/5778/5646
f 2555/5812/5680 2548/5778/5646 2554/5780/5648
f 2484/5813/5681 2485/5814/5682 2483/5738/5606
f 2483/5738/5606 2485/5814/5682 2499/5815/5683
f 2483/5738/5606 2499/5815/5683 2488/5736/5604
f 2488/5736/5604 2499/5815/5683 2498/5734/5602
f 2485/5814/5682 2486/5816/5684 2499/5815/5683
f 2499/5815/5683 2486/5816/5684 2487/5817/5685
f 2499/5815/5683 2487/5817/5685 2498/5734/5602
f 2498/5734/5602 2487/5817/5685 2464/5732/5600
f 2361/5818/5686 2594/5819/5687 2350/5820/5688
f 2350/5820/5688 2594/5819/5687 2591/5821/5689
f 2350/5820/5688 2591/5821/5689 2351/5822/5690
f 2351/5822/5690 2591/5821/5689 2590/5823/5691
f 2351/5822/5690 2590/5823/5691 2352/5824/5692
f 2352/5824/5692 2590/5823/5691 2353/5825/5693
f 2353/5825/5693 2590/5823/5691 2589/5826/5694
f 2353/5825/5693 2589/5826/5694 2354/5796/5664
f 2354/5796/5664 2589/5826/5694 2348/5792/5660
f 2361/5818/5686 2360/5827/5695 2594/5819/5687
f 2594/5819/5687 2360/5827/5695 2359/5828/5696
f 2594/5819/5687 2359/5828/5696 2593/5829/5697
f 2593/5829/5697 2359/5828/5696 2358/5798/5666
f 2593/5829/5697 2358/5798/5666 2346/5797/5665
f 2483/5738/5606 2526/5740/5608 2489/5830/5698
f 2489/5830/5698 2526/5740/5608 2525/5742/5610
f 2489/5830/5698 2525/5742/5610 2532/5831/5699
f 2532/5831/5699 2525/5742/5610 2524/5744/5612
f 2532/5831/5699 2524/5744/5612 2531/5832/5700
f 2531/5832/5700 2524/5744/5612 2523/5746/5614
f 2531/5832/5700 2523/5746/5614 2530/5833/5701
f 2530/5833/5701 2523/5746/5614 2522/5748/5616
f 2530/5833/5701 2522/5748/5616 2529/5834/5702
f 2529/5834/5702 2522/5748/5616 2521/5750/5618
f 2529/5834/5702 2521/5750/5618 2528/5835/5703
f 2528/5835/5703 2521/5750/5618 2520/5752/5620
f 2528/5835/5703 2520/5752/5620 2527/5772/5640
f 2346/5797/5665 2533/5836/5704 2573/5837/5705
f 2573/5837/5705 2533/5836/5704 2566/5838/5706
f 2573/5837/5705 2566/5838/5706 2572/5839/5707
f 2572/5839/5707 2566/5838/5706 2565/5840/5708
f 2572/5839/5707 2565/5840/5708 2571/5841/5709
f 2571/5841/5709 2565/5840/5708 2564/5842/5710
f 2571/5841/5709 2564/5842/5710 2570/5843/5711
f 2570/5843/5711 2564/5842/5710 2563/5844/5712
f 2570/5843/5711 2563/5844/5712 2569/5845/5713
f 2569/5845/5713 2563/5844/5712 2562/5846/5714
f 2569/5845/5713 2562/5846/5714 2568/5847/5715
f 2568/5847/5715 2562/5846/5714 2561/5782/5650
f 2568/5847/5715 2561/5782/5650 2567/5784/5652
f 2346/5797/5665 2573/5837/5705 2492/5848/5716
f 2492/5848/5716 2573/5837/5705 2572/5839/5707
f 2492/5848/5716 2572/5839/5707 2579/5849/5717
f 2579/5849/5717 2572/5839/5707 2571/5841/5709
f 2579/5849/5717 2571/5841/5709 2578/5850/5718
f 2578/5850/5718 2571/5841/5709 2570/5843/5711
f 2578/5850/5718 2570/5843/5711 2577/5851/5719
f 2577/5851/5719 2570/5843/5711 2569/5845/5713
f 2577/5851/5719 2569/5845/5713 2576/5852/5720
f 2576/5852/5720 2569/5845/5713 2568/5847/5715
f 2576/5852/5720 2568/5847/5715 2575/5853/5721
f 2575/5853/5721 2568/5847/5715 2567/5784/5652
f 2575/5853/5721 2567/5784/5652 2574/5786/5654
f 2346/5797/5665 2547/5854/5722 2593/5829/5697
f 2593/5829/5697 2547/5854/5722 2592/5855/5723
f 2593/5829/5697 2592/5855/5723 2594/5819/5687
f 2594/5819/5687 2592/5855/5723 2591/5821/5689
f 2495/5757/5625 2494/5756/5624 2501/5856/5724
f 2501/5856/5724 2494/5756/5624 2500/5764/5632
f 2501/5856/5724 2500/5764/5632 2517/5857/5725
f 2517/5857/5725 2500/5764/5632 2518/5766/5634
f 2517/5857/5725 2518/5766/5634 2508/5747/5615
f 2508/5747/5615 2518/5766/5634 2507/5749/5617
f 2504/5735/5603 2497/5733/5601 2503/5759/5627
f 2503/5759/5627 2497/5733/5601 2496/5731/5599
f 2495/5757/5625 2501/5856/5724 2502/5758/5626
f 2502/5758/5626 2501/5856/5724 2516/5858/5726
f 2502/5758/5626 2516/5858/5726 2515/5760/5628
f 2515/5760/5628 2516/5858/5726 2510/5743/5611
f 2515/5760/5628 2510/5743/5611 2511/5741/5609
f 2516/5858/5726 2501/5856/5724 2517/5857/5725
f 2513/5737/5605 2504/5735/5603 2514/5761/5629
f 2514/5761/5629 2504/5735/5603 2503/5759/5627
f 2514/5761/5629 2505/5739/5607 2513/5737/5605
f 2516/5858/5726 2517/5857/5725 2509/5745/5613
f 2509/5745/5613 2517/5857/5725 2508/5747/5615
f 2509/5745/5613 2510/5743/5611 2516/5858/5726
f 2512/5800/5668 2483/5738/5606 2540/5859/5727
f 2540/5859/5727 2483/5738/5606 2489/5830/5698
f 2540/5859/5727 2489/5830/5698 2532/5831/5699
f 2533/5836/5704 2346/5797/5665 2560/5802/5670
f 2528/5835/5703 2527/5772/5640 2535/5860/5728
f 2535/5860/5728 2527/5772/5640 2534/5774/5642
f 2535/5860/5728 2534/5774/5642 2542/5861/5729
f 2542/5861/5729 2534/5774/5642 2541/5776/5644
f 2542/5861/5729 2541/5776/5644 2549/5811/5679
f 2549/5811/5679 2541/5776/5644 2548/5778/5646
f 2529/5834/5702 2528/5835/5703 2536/5862/5730
f 2536/5862/5730 2528/5835/5703 2535/5860/5728
f 2536/5862/5730 2535/5860/5728 2543/5863/5731
f 2543/5863/5731 2535/5860/5728 2542/5861/5729
f 2543/5863/5731 2542/5861/5729 2550/5809/5677
f 2550/5809/5677 2542/5861/5729 2549/5811/5679
f 2530/5833/5701 2529/5834/5702 2537/5864/5732
f 2537/5864/5732 2529/5834/5702 2536/5862/5730
f 2537/5864/5732 2536/5862/5730 2544/5865/5733
f 2544/5865/5733 2536/5862/5730 2543/5863/5731
f 2544/5865/5733 2543/5863/5731 2551/5807/5675
f 2551/5807/5675 2543/5863/5731 2550/5809/5677
f 2531/5832/5700 2530/5833/5701 2538/5866/5734
f 2538/5866/5734 2530/5833/5701 2537/5864/5732
f 2538/5866/5734 2537/5864/5732 2545/5867/5735
f 2545/5867/5735 2537/5864/5732 2544/5865/5733
f 2545/5867/5735 2544/5865/5733 2552/5805/5673
f 2552/5805/5673 2544/5865/5733 2551/5807/5675
f 2532/5831/5699 2531/5832/5700 2539/5868/5736
f 2539/5868/5736 2531/5832/5700 2538/5866/5734
f 2539/5868/5736 2538/5866/5734 2546/5869/5737
f 2546/5869/5737 2538/5866/5734 2545/5867/5735
f 2546/5869/5737 2545/5867/5735 2553/5803/5671
f 2553/5803/5671 2545/5867/5735 2552/5805/5673
f 2512/5800/5668 2540/5859/5727 2539/5868/5736
f 2539/5868/5736 2540/5859/5727 2532/5831/5699
f 2512/5800/5668 2539/5868/5736 2546/5869/5737
f 2346/5797/5665 2492/5848/5716 2586/5870/5738
f 2586/5870/5738 2492/5848/5716 2579/5849/5717
f 2586/5870/5738 2579/5849/5717 2585/5871/5739
f 2585/5871/5739 2579/5849/5717 2578/5850/5718
f 2585/5871/5739 2578/5850/5718 2584/5872/5740
f 2584/5872/5740 2578/5850/5718 2577/5851/5719
f 2584/5872/5740 2577/5851/5719 2583/5873/5741
f 2583/5873/5741 2577/5851/5719 2576/5852/5720
f 2583/5873/5741 2576/5852/5720 2582/5874/5742
f 2582/5874/5742 2576/5852/5720 2575/5853/5721
f 2582/5874/5742 2575/5853/5721 2581/5875/5743
f 2581/5875/5743 2575/5853/5721 2574/5786/5654
f 2581/5875/5743 2574/5786/5654 2580/5788/5656
f 2491/5801/5669 2512/5800/5668 2546/5869/5737
f 2491/5801/5669 2546/5869/5737 2553/5803/5671
f 2346/5797/5665 2586/5870/5738 2547/5854/5722
f 2547/5854/5722 2586/5870/5738 2585/5871/5739
f 2547/5854/5722 2585/5871/5739 2592/5855/5723
f 2592/5855/5723 2585/5871/5739 2584/5872/5740
f 2592/5855/5723 2584/5872/5740 2591/5821/5689
f 2591/5821/5689 2584/5872/5740 2583/5873/5741
f 2591/5821/5689 2583/5873/5741 2590/5823/5691
f 2590/5823/5691 2583/5873/5741 2582/5874/5742
f 2590/5823/5691 2582/5874/5742 2589/5826/5694
f 2589/5826/5694 2582/5874/5742 2581/5875/5743
f 2589/5826/5694 2581/5875/5743 2588/5876/5744
f 2588/5876/5744 2581/5875/5743 2580/5788/5656
f 2588/5876/5744 2580/5788/5656 2587/5790/5658
f 2561/5782/5650 2562/5846/5714 2554/5780/5648
f 2554/5780/5648 2562/5846/5714 2555/5812/5680
f 2562/5846/5714 2563/5844/5712 2555/5812/5680
f 2555/5812/5680 2563/5844/5712 2556/5810/5678
f 2563/5844/5712 2564/5842/5710 2556/5810/5678
f 2556/5810/5678 2564/5842/5710 2557/5808/5676
f 2564/5842/5710 2565/5840/5708 2557/5808/5676
f 2557/5808/5676 2565/5840/5708 2558/5806/5674
f 2533/5836/5704 2560/5802/5670 2559/5804/5672
f 2565/5840/5708 2566/5838/5706 2558/5806/5674
f 2558/5806/5674 2566/5838/5706 2559/5804/5672
f 2566/5838/5706 2533/5836/5704 2559/5804/5672
f 2348/5792/5660 2589/5826/5694 2588/5876/5744
f 2588/5876/5744 2587/5790/5658 2348/5792/5660
f 2346/5877/5745 2596/5878/5746 2483/5879/5747
f 2483/5879/5747 2596/5878/5746 2598/5880/5748
f 2483/5879/5747 2598/5880/5748 2595/5881/5749
f 2595/5881/5749 2598/5880/5748 2596/5878/5746
f 2595/5881/5749 2596/5878/5746 2597/5882/5750
f 2597/5882/5750 2596/5878/5746 2346/5877/5745
f 2597/5882/5750 2346/5877/5745 2463/5883/5751
f 2463/5883/5751 2595/5881/5749 2597/5882/5750
f 2301/5884/5752 2462/5885/5753 2362/5886/5754
f 2362/5886/5754 2462/5885/5753 2599/5887/5755
f 2362/5886/5754 2599/5887/5755 2090/5888/5756
f 2090/5889/5756 2599/5890/5755 2091/5891/5757
f 2091/5891/5757 2599/5890/5755 2092/5892/5758
f 2092/5892/5758 2599/5890/5755 2600/5893/5759
f 2092/5892/5758 2600/5893/5759 2093/5894/5760
f 2093/5894/5760 2600/5893/5759 2086/5895/5761
f 2086/5895/5761 2600/5893/5759 2363/5896/5762
f 2086/5895/5761 2363/5896/5762 2087/5897/5763
f 2087/5897/5763 2363/5896/5762 2088/5898/5764
f 2088/5898/5764 2363/5896/5762 2362/5899/5754
f 2088/5898/5764 2362/5899/5754 2089/5900/5765
f 2089/5901/5765 2362/5886/5754 2090/5888/5756
f 2463/5902/5766 2321/5903/5767 2600/5893/5759
f 2600/5893/5759 2321/5903/5767 2363/5896/5762
f 2617/5904/5768 2601/5905/5769 2618/5906/5770
f 2618/5906/5770 2601/5905/5769 2602/5907/5771
f 2618/5906/5770 2602/5907/5771 2619/5908/5772
f 2619/5908/5772 2602/5907/5771 2603/5909/5773
f 2619/5908/5772 2603/5909/5773 2620/5910/5774
f 2620/5910/5774 2603/5909/5773 2604/5911/5775
f 2620/5910/5774 2604/5911/5775 2621/5912/5776
f 2621/5912/5776 2604/5911/5775 2605/5913/5777
f 2621/5912/5776 2605/5913/5777 2622/5914/5778
f 2622/5914/5778 2605/5913/5777 2606/5915/5779
f 2622/5914/5778 2606/5915/5779 2623/5916/5780
f 2623/5916/5780 2606/5915/5779 2607/5917/5781
f 2623/5916/5780 2607/5917/5781 2608/5918/5782
f 2623/5916/5780 2608/5918/5782 2624/5919/5783
f 2624/5919/5783 2608/5918/5782 2609/5920/5784
f 2624/5919/5783 2609/5920/5784 2625/5921/5785
f 2625/5921/5785 2609/5920/5784 2610/5922/5786
f 2625/5921/5785 2610/5922/5786 2626/5923/5787
f 2626/5923/5787 2610/5922/5786 2611/5924/5788
f 2626/5923/5787 2611/5924/5788 2612/5925/5789
f 2626/5923/5787 2612/5925/5789 2627/5926/5790
f 2627/5926/5790 2612/5925/5789 2613/5927/5791
f 2627/5926/5790 2613/5927/5791 2628/5928/5792
f 2628/5928/5792 2613/5927/5791 2614/5929/5793
f 2628/5928/5792 2614/5929/5793 2629/5930/5794
f 2629/5930/5794 2614/5929/5793 2615/5931/5795
f 2629/5930/5794 2615/5931/5795 2630/5932/5796
f 2630/5932/5796 2615/5931/5795 2462/5933/5797
f 2630/5932/5796 2462/5933/5797 2349/5934/5798
f 2349/5934/5798 2482/5935/5799 2630/5932/5796
f 2630/5932/5796 2482/5935/5799 2629/5930/5794
f 2482/5935/5799 2481/5936/5800 2629/5930/5794
f 2629/5930/5794 2481/5936/5800 2628/5928/5792
f 2481/5936/5800 2480/5937/5801 2628/5928/5792
f 2628/5928/5792 2480/5937/5801 2627/5926/5790
f 2480/5937/5801 2479/5938/5802 2627/5926/5790
f 2627/5926/5790 2479/5938/5802 2626/5923/5787
f 2479/5938/5802 2478/5939/5803 2626/5923/5787
f 2626/5923/5787 2478/5939/5803 2625/5921/5785
f 2478/5939/5803 2477/5940/5804 2625/5921/5785
f 2625/5921/5785 2477/5940/5804 2624/5919/5783
f 2477/5940/5804 2476/5941/5805 2624/5919/5783
f 2624/5919/5783 2476/5941/5805 2623/5916/5780
f 2476/5941/5805 2475/5942/5806 2623/5916/5780
f 2623/5916/5780 2475/5942/5806 2474/5943/5807
f 2623/5916/5780 2474/5943/5807 2622/5914/5778
f 2622/5914/5778 2474/5943/5807 2473/5944/5808
f 2622/5914/5778 2473/5944/5808 2621/5912/5776
f 2621/5912/5776 2473/5944/5808 2472/5945/5809
f 2621/5912/5776 2472/5945/5809 2620/5910/5774
f 2620/5910/5774 2472/5945/5809 2471/5946/5810
f 2620/5910/5774 2471/5946/5810 2619/5908/5772
f 2619/5908/5772 2471/5946/5810 2470/5947/5811
f 2619/5908/5772 2470/5947/5811 2618/5906/5770
f 2618/5906/5770 2470/5947/5811 2469/5948/5812
f 2618/5906/5770 2469/5948/5812 2616/5949/5813
f 2616/5949/5813 2617/5904/5768 2618/5906/5770
f 2465/5950/5814 2631/5951/5815 2466/5952/5816
f 2466/5952/5816 2631/5951/5815 2632/5953/5817
f 2466/5952/5816 2632/5953/5817 2633/5954/5818
f 2466/5952/5816 2633/5954/5818 2467/5955/5819
f 2467/5955/5819 2633/5954/5818 2634/5956/5820
f 2467/5955/5819 2634/5956/5820 2468/5957/5821
f 2468/5957/5821 2634/5956/5820 2635/5958/5822
f 2468/5957/5821 2635/5958/5822 2469/5959/5823
f 2469/5959/5823 2635/5958/5822 2616/5960/5824
f 2616/5960/5824 2635/5958/5822 2617/5961/5825
f 2617/5961/5825 2635/5958/5822 2601/5962/5826
f 2636/5963/5827 2637/5964/5828 2464/5965/5829
f 2464/5965/5829 2637/5964/5828 2638/5966/5830
f 2464/5965/5829 2638/5966/5830 2465/5967/5831
f 2465/5967/5831 2638/5966/5830 2639/5968/5832
f 2465/5967/5831 2639/5968/5832 2631/5969/5833
f 2464/5970/5834 2487/5971/5835 2636/5972/5836
f 2636/5972/5836 2487/5971/5835 2643/5973/5837
f 2643/5973/5837 2487/5971/5835 2642/5974/5838
f 2642/5974/5838 2487/5971/5835 2486/5975/5839
f 2642/5974/5838 2486/5975/5839 2641/5976/5840
f 2641/5976/5840 2486/5975/5839 2485/5977/5841
f 2641/5976/5840 2485/5977/5841 2640/5978/5842
f 2640/5978/5842 2485/5977/5841 2484/5979/5843
f 2640/5978/5842 2484/5979/5843 2595/5980/5844
f 2595/5981/5844 2484/5982/5843 2483/5983/5845
f 2631/5984/5846 2639/5985/5847 2632/5986/5848
f 2632/5986/5848 2639/5985/5847 2652/5987/5849
f 2632/5986/5848 2652/5987/5849 2653/5988/5850
f 2653/5988/5850 2652/5987/5849 2728/5989/5851
f 2653/5988/5850 2728/5989/5851 2602/5990/5852
f 2602/5990/5852 2728/5989/5851 2603/5991/5853
f 2603/5991/5853 2728/5989/5851 2722/5992/5854
f 2603/5991/5853 2722/5992/5854 2604/5993/5855
f 2604/5993/5855 2722/5992/5854 2716/5994/5856
f 2604/5993/5855 2716/5994/5856 2605/5995/5857
f 2605/5995/5857 2716/5994/5856 2709/5996/5858
f 2605/5995/5857 2709/5996/5858 2606/5997/5859
f 2606/5997/5859 2709/5996/5858 2703/5998/5860
f 2606/5997/5859 2703/5998/5860 2607/5999/5861
f 2607/5999/5861 2703/5998/5860 2608/6000/5862
f 2608/6000/5862 2703/5998/5860 2696/6001/5863
f 2608/6000/5862 2696/6001/5863 2609/6002/5864
f 2609/6002/5864 2696/6001/5863 2689/6003/5865
f 2609/6002/5864 2689/6003/5865 2610/6004/5866
f 2610/6004/5866 2689/6003/5865 2682/6005/5867
f 2610/6004/5866 2682/6005/5867 2611/6006/5868
f 2611/6006/5868 2682/6005/5867 2612/6007/5869
f 2612/6007/5869 2682/6005/5867 2675/6008/5870
f 2612/6007/5869 2675/6008/5870 2613/6009/5871
f 2613/6009/5871 2675/6008/5870 2668/6010/5872
f 2613/6009/5871 2668/6010/5872 2614/6011/5873
f 2614/6011/5873 2668/6010/5872 2661/6012/5874
f 2614/6011/5873 2661/6012/5874 2615/6013/5875
f 2615/6013/5875 2661/6012/5874 2654/6014/5876
f 2615/6013/5875 2654/6014/5876 2462/6015/5877
f 2462/6015/5877 2654/6014/5876 2655/6016/5878
f 2462/6015/5877 2655/6016/5878 2599/6017/5879
f 2599/6017/5879 2655/6016/5878 2656/6018/5880
f 2599/6017/5879 2656/6018/5880 2657/6019/5881
f 2657/6019/5881 2656/6018/5880 2664/6020/5882
f 2657/6019/5881 2664/6020/5882 2665/6021/5883
f 2665/6021/5883 2664/6020/5882 2672/6022/5884
f 2665/6021/5883 2672/6022/5884 2673/6023/5885
f 2673/6023/5885 2672/6022/5884 2680/6024/5886
f 2673/6023/5885 2680/6024/5886 2667/6025/5887
f 2667/6025/5887 2680/6024/5886 2688/6026/5888
f 2667/6025/5887 2688/6026/5888 2463/6027/5889
f 2463/6027/5889 2688/6026/5888 2645/6028/5890
f 2463/6027/5889 2645/6028/5890 2702/6029/5891
f 2702/6029/5891 2645/6028/5890 2694/6030/5892
f 2702/6029/5891 2694/6030/5892 2701/6031/5893
f 2701/6031/5893 2694/6030/5892 2693/6032/5894
f 2701/6031/5893 2693/6032/5894 2700/6033/5895
f 2700/6033/5895 2693/6032/5894 2692/6034/5896
f 2700/6033/5895 2692/6034/5896 2699/6035/5897
f 2699/6035/5897 2692/6034/5896 2691/6036/5898
f 2699/6035/5897 2691/6036/5898 2698/6037/5899
f 2698/6037/5899 2691/6036/5898 2690/6038/5900
f 2698/6037/5899 2690/6038/5900 2697/6039/5901
f 2697/6039/5901 2690/6038/5900 2689/6003/5865
f 2697/6039/5901 2689/6003/5865 2696/6001/5863
f 2652/5987/5849 2639/5985/5847 2651/6040/5902
f 2651/6040/5902 2639/5985/5847 2638/6041/5903
f 2651/6040/5902 2638/6041/5903 2650/6042/5904
f 2650/6042/5904 2638/6041/5903 2649/6043/5905
f 2650/6042/5904 2649/6043/5905 2731/6044/5906
f 2731/6044/5906 2649/6043/5905 2732/6045/5907
f 2731/6044/5906 2732/6045/5907 2725/6046/5908
f 2725/6046/5908 2732/6045/5907 2726/6047/5909
f 2725/6046/5908 2726/6047/5909 2719/6048/5910
f 2719/6048/5910 2726/6047/5909 2720/6049/5911
f 2719/6048/5910 2720/6049/5911 2712/6050/5912
f 2712/6050/5912 2720/6049/5911 2713/6051/5913
f 2712/6050/5912 2713/6051/5913 2706/6052/5914
f 2706/6052/5914 2713/6051/5913 2707/6053/5915
f 2706/6052/5914 2707/6053/5915 2699/6035/5897
f 2699/6035/5897 2707/6053/5915 2700/6033/5895
f 2638/6041/5903 2637/6054/5916 2649/6043/5905
f 2649/6043/5905 2637/6054/5916 2648/6055/5917
f 2649/6043/5905 2648/6055/5917 2732/6045/5907
f 2732/6045/5907 2648/6055/5917 2733/6056/5918
f 2732/6045/5907 2733/6056/5918 2726/6047/5909
f 2726/6047/5909 2733/6056/5918 2727/6057/5919
f 2726/6047/5909 2727/6057/5919 2720/6049/5911
f 2720/6049/5911 2727/6057/5919 2721/6058/5920
f 2720/6049/5911 2721/6058/5920 2713/6051/5913
f 2713/6051/5913 2721/6058/5920 2714/6059/5921
f 2713/6051/5913 2714/6059/5921 2707/6053/5915
f 2707/6053/5915 2714/6059/5921 2708/6060/5922
f 2707/6053/5915 2708/6060/5922 2700/6033/5895
f 2700/6033/5895 2708/6060/5922 2701/6031/5893
f 2637/6054/5916 2636/6061/5923 2648/6055/5917
f 2648/6055/5917 2636/6061/5923 2643/6062/5924
f 2648/6055/5917 2643/6062/5924 2642/6063/5925
f 2648/6055/5917 2642/6063/5925 2647/6064/5926
f 2647/6064/5926 2642/6063/5925 2641/6065/5927
f 2647/6064/5926 2641/6065/5927 2595/6066/5928
f 2595/6066/5928 2641/6065/5927 2640/6067/5929
f 2463/6027/5889 2644/6068/5930 2595/6066/5928
f 2595/6066/5928 2644/6068/5930 2695/6069/5931
f 2595/6066/5928 2695/6069/5931 2734/6070/5932
f 2734/6070/5932 2695/6069/5931 2727/6057/5919
f 2734/6070/5932 2727/6057/5919 2733/6056/5918
f 2600/6071/5933 2660/6072/5934 2463/6027/5889
f 2463/6027/5889 2660/6072/5934 2646/6073/5935
f 2463/6027/5889 2646/6073/5935 2674/6074/5936
f 2674/6074/5936 2646/6073/5935 2666/6075/5937
f 2674/6074/5936 2666/6075/5937 2673/6023/5885
f 2673/6023/5885 2666/6075/5937 2665/6021/5883
f 2599/6017/5879 2657/6019/5881 2600/6071/5933
f 2600/6071/5933 2657/6019/5881 2658/6076/5938
f 2600/6071/5933 2658/6076/5938 2659/6077/5939
f 2659/6077/5939 2658/6076/5938 2666/6075/5937
f 2659/6077/5939 2666/6075/5937 2646/6073/5935
f 2602/5990/5852 2601/6078/5940 2653/5988/5850
f 2653/5988/5850 2601/6078/5940 2634/6079/5941
f 2653/5988/5850 2634/6079/5941 2633/6080/5942
f 2601/6078/5940 2635/6081/5943 2634/6079/5941
f 2633/6080/5942 2632/5986/5848 2653/5988/5850
f 2647/6064/5926 2595/6066/5928 2734/6070/5932
f 2644/6068/5930 2463/6027/5889 2715/6082/5944
f 2715/6082/5944 2463/6027/5889 2681/6083/5945
f 2715/6082/5944 2681/6083/5945 2708/6060/5922
f 2708/6060/5922 2681/6083/5945 2701/6031/5893
f 2659/6077/5939 2646/6073/5935 2660/6072/5934
f 2733/6056/5918 2648/6055/5917 2647/6064/5926
f 2734/6070/5932 2733/6056/5918 2647/6064/5926
f 2651/6040/5902 2650/6042/5904 2730/6084/5946
f 2730/6084/5946 2650/6042/5904 2731/6044/5906
f 2730/6084/5946 2731/6044/5906 2724/6085/5947
f 2724/6085/5947 2731/6044/5906 2725/6046/5908
f 2724/6085/5947 2725/6046/5908 2718/6086/5948
f 2718/6086/5948 2725/6046/5908 2719/6048/5910
f 2718/6086/5948 2719/6048/5910 2711/6087/5949
f 2711/6087/5949 2719/6048/5910 2712/6050/5912
f 2711/6087/5949 2712/6050/5912 2705/6088/5950
f 2705/6088/5950 2712/6050/5912 2706/6052/5914
f 2705/6088/5950 2706/6052/5914 2698/6037/5899
f 2698/6037/5899 2706/6052/5914 2699/6035/5897
f 2652/5987/5849 2651/6040/5902 2729/6089/5951
f 2729/6089/5951 2651/6040/5902 2730/6084/5946
f 2729/6089/5951 2730/6084/5946 2723/6090/5952
f 2723/6090/5952 2730/6084/5946 2724/6085/5947
f 2723/6090/5952 2724/6085/5947 2717/6091/5953
f 2717/6091/5953 2724/6085/5947 2718/6086/5948
f 2717/6091/5953 2718/6086/5948 2710/6092/5954
f 2710/6092/5954 2718/6086/5948 2711/6087/5949
f 2710/6092/5954 2711/6087/5949 2704/6093/5955
f 2704/6093/5955 2711/6087/5949 2705/6088/5950
f 2704/6093/5955 2705/6088/5950 2697/6039/5901
f 2697/6039/5901 2705/6088/5950 2698/6037/5899
f 2655/6016/5878 2654/6014/5876 2662/6094/5956
f 2662/6094/5956 2654/6014/5876 2661/6012/5874
f 2662/6094/5956 2661/6012/5874 2669/6095/5957
f 2669/6095/5957 2661/6012/5874 2668/6010/5872
f 2669/6095/5957 2668/6010/5872 2676/6096/5958
f 2676/6096/5958 2668/6010/5872 2675/6008/5870
f 2676/6096/5958 2675/6008/5870 2683/6097/5959
f 2683/6097/5959 2675/6008/5870 2682/6005/5867
f 2683/6097/5959 2682/6005/5867 2690/6038/5900
f 2690/6038/5900 2682/6005/5867 2689/6003/5865
f 2656/6018/5880 2655/6016/5878 2663/6098/5960
f 2663/6098/5960 2655/6016/5878 2662/6094/5956
f 2663/6098/5960 2662/6094/5956 2670/6099/5961
f 2670/6099/5961 2662/6094/5956 2669/6095/5957
f 2670/6099/5961 2669/6095/5957 2677/6100/5962
f 2677/6100/5962 2669/6095/5957 2676/6096/5958
f 2677/6100/5962 2676/6096/5958 2684/6101/5963
f 2684/6101/5963 2676/6096/5958 2683/6097/5959
f 2684/6101/5963 2683/6097/5959 2691/6036/5898
f 2691/6036/5898 2683/6097/5959 2690/6038/5900
f 2660/6072/5934 2600/6071/5933 2659/6077/5939
f 2666/6075/5937 2658/6076/5938 2665/6021/5883
f 2665/6021/5883 2658/6076/5938 2657/6019/5881
f 2667/6025/5887 2463/6027/5889 2674/6074/5936
f 2656/6018/5880 2663/6098/5960 2664/6020/5882
f 2664/6020/5882 2663/6098/5960 2671/6102/5964
f 2664/6020/5882 2671/6102/5964 2672/6022/5884
f 2672/6022/5884 2671/6102/5964 2679/6103/5965
f 2672/6022/5884 2679/6103/5965 2680/6024/5886
f 2680/6024/5886 2679/6103/5965 2687/6104/5966
f 2680/6024/5886 2687/6104/5966 2688/6026/5888
f 2688/6026/5888 2687/6104/5966 2645/6028/5890
f 2671/6102/5964 2663/6098/5960 2670/6099/5961
f 2673/6023/5885 2667/6025/5887 2674/6074/5936
f 2671/6102/5964 2670/6099/5961 2678/6105/5967
f 2678/6105/5967 2670/6099/5961 2677/6100/5962
f 2678/6105/5967 2677/6100/5962 2685/6106/5968
f 2685/6106/5968 2677/6100/5962 2684/6101/5963
f 2685/6106/5968 2684/6101/5963 2692/6034/5896
f 2692/6034/5896 2684/6101/5963 2691/6036/5898
f 2681/6083/5945 2463/6027/5889 2702/6029/5891
f 2671/6102/5964 2678/6105/5967 2679/6103/5965
f 2679/6103/5965 2678/6105/5967 2686/6107/5969
f 2679/6103/5965 2686/6107/5969 2687/6104/5966
f 2687/6104/5966 2686/6107/5969 2694/6030/5892
f 2687/6104/5966 2694/6030/5892 2645/6028/5890
f 2686/6107/5969 2678/6105/5967 2685/6106/5968
f 2701/6031/5893 2681/6083/5945 2702/6029/5891
f 2692/6034/5896 2693/6032/5894 2685/6106/5968
f 2685/6106/5968 2693/6032/5894 2686/6107/5969
f 2693/6032/5894 2694/6030/5892 2686/6107/5969
f 2704/6093/5955 2697/6039/5901 2696/6001/5863
f 2710/6092/5954 2704/6093/5955 2703/5998/5860
f 2703/5998/5860 2704/6093/5955 2696/6001/5863
f 2715/6082/5944 2708/6060/5922 2714/6059/5921
f 2717/6091/5953 2710/6092/5954 2709/5996/5858
f 2709/5996/5858 2710/6092/5954 2703/5998/5860
f 2644/6068/5930 2715/6082/5944 2714/6059/5921
f 2644/6068/5930 2714/6059/5921 2721/6058/5920
f 2723/6090/5952 2717/6091/5953 2716/5994/5856
f 2716/5994/5856 2717/6091/5953 2709/5996/5858
f 2695/6069/5931 2644/6068/5930 2721/6058/5920
f 2695/6069/5931 2721/6058/5920 2727/6057/5919
f 2729/6089/5951 2723/6090/5952 2722/5992/5854
f 2722/5992/5854 2723/6090/5952 2716/5994/5856
f 2652/5987/5849 2729/6089/5951 2728/5989/5851
f 2728/5989/5851 2729/6089/5951 2722/5992/5854

# 2734 vertices
# 6107 texture params
# 5969 normals
# 5500 facets

# 2 groups
